facility_id,facility_name,province,city,sector,naics_code,company_trade,avg_annual_emissions,avg_co2,avg_ch4_co2e,avg_n2o_co2e,years_reported,co2_share,ch4_share,n2o_share,emission_band,priority,log_emissions,naics_sector_encoded,panel_ccs_votes,panel_majority,verdict_tier,reason_1,reason_2,reason_3
G10002,Aciérie - Complexe de Contrecoeur,Quebec,CONTRECOEUR,Iron and Steel Mills and Ferro-Alloy Manufacturing,331110,Mittal Canada Inc.,158067.4581714286,157843.71482142856,20.742600000000003,202.83289285714287,14,0.9985845071933948,0.0001312262513736,0.0012832046216442,Above Threshold,CCS Candidate,11.97078349773662,0.8487338634231345,4,CCS Candidate,unanimous,"Sector Iron and Steel Mills and Ferro-Alloy Manufacturing: 85% candidate rate, above the 82% split","Sector Iron and Steel Mills and Ferro-Alloy Manufacturing: 85% candidate rate, below the 89% split","Reporting history: 14 years, above the 2-year split"
G10003,"Acme Compressor Station # 363, Alberta",Alberta,AIRDRIE,Pipeline Transportation of Natural Gas,486210,Foothills Pipe Lines Ltd.,286988.5248571428,266842.7389904762,17739.698181714288,2406.087690476191,21,0.9298028174586604,0.0618132665427816,0.0083839160178055,Above Threshold,CCS Candidate,12.567200995320064,0.6866805067090249,2,Potential CU Candidate,contested,"Sector Pipeline Transportation of Natural Gas: 69% candidate rate, below the 82% split","Sector Pipeline Transportation of Natural Gas: 69% candidate rate, below the 75% split","Sector Pipeline Transportation of Natural Gas: 69% candidate rate, above the 67% split"
G10004,AES Kingston ULC,Ontario,BATH,Fossil-Fuel Electric Power Generation,221112,Kingston Cogen,175173.9334327143,173453.30039190478,829.0296826666666,889.3048307142857,21,0.9901775737571684,0.0047326087073628,0.0050766961344501,Above Threshold,CCS Candidate,12.073540373234176,0.999655070570997,4,CCS Candidate,unanimous,"Sector Fossil-Fuel Electric Power Generation: 100% candidate rate, above the 82% split","Sector Fossil-Fuel Electric Power Generation: 100% candidate rate, above the 89% split",
G10005,AFG Industries Ltée,Quebec,ST-AUGUSTIN-DE-DESMAURES,Glass Manufacturing,327214,AFG Industries Ltée,104978.25,104978.25,0.0,0.0,4,1.0,0.0,0.0,Above Threshold,CCS Candidate,11.561517990562823,0.8385102660425425,3,CCS Candidate,majority,"Sector Glass Manufacturing: 84% candidate rate, above the 82% split","Sector Glass Manufacturing: 84% candidate rate, below the 89% split","Reporting history: 4 years, above the 2-year split"
G10006,Agrium Redwater Fertilizer Operation,Alberta,REDWATER,Chemical Fertilizer (except Potash) Manufacturing,325313,Agrium Inc.,1153616.7635904762,1080696.8984238096,62658.161492857136,10261.703701904762,21,0.936790217108398,0.0543145379561251,0.008895244959831,Above Threshold,CCS Candidate,13.958413443791004,0.8310643196028076,4,CCS Candidate,unanimous,"Sector Chemical Fertilizer (except Potash) Manufacturing: 83% candidate rate, above the 82% split","Sector Chemical Fertilizer (except Potash) Manufacturing: 83% candidate rate, below the 89% split","Reporting history: 21 years, above the 2-year split"
G10007,Alberta Envirofuels Inc.,Alberta,EDMONTON,Other Basic Organic Chemical Manufacturing,325190,Alberta Envirofuels Inc.,299476.0213857143,297419.43875714287,836.7364013333333,1219.8462333333332,21,0.993132730229768,0.0027940013275909,0.0040732684629939,Above Threshold,CCS Candidate,12.60979297034122,0.8443225151990559,4,CCS Candidate,unanimous,"Sector Other Basic Organic Chemical Manufacturing: 84% candidate rate, above the 82% split","Sector Other Basic Organic Chemical Manufacturing: 84% candidate rate, below the 89% split","Reporting history: 21 years, above the 2-year split"
G10008,Alberta Pipeline System,Alberta,CALGARY,Pipeline Transportation of Natural Gas,486210,Alliance Pipeline Ltd.,559229.6696619047,524387.8741714286,31391.626052857144,3450.1694433333337,21,0.9376968044067824,0.056133692033607,0.0061695035698288,Above Threshold,CCS Candidate,13.234317314002036,0.6866805067090249,0,Potential CU Candidate,unanimous,"Sector Pipeline Transportation of Natural Gas: 69% candidate rate, below the 82% split","Sector Pipeline Transportation of Natural Gas: 69% candidate rate, below the 75% split","Sector Pipeline Transportation of Natural Gas: 69% candidate rate, above the 67% split"
G10009,Alberta-Pacific Forest Industries Inc. Pulp Mill,Alberta,COUNTY OF ATHABASCA,Chemical Pulp Mills,322112,Alberta-Pacific Forest Industries Inc.,125209.83746523807,107716.47866142858,3423.379441333333,14000.029010000002,21,0.8602876646280595,0.0273411379699599,0.1118125324129329,Above Threshold,CCS Candidate,11.737754295125876,0.7856137302487847,4,CCS Candidate,unanimous,"Sector Chemical Pulp Mills: 79% candidate rate, below the 82% split","Sector Chemical Pulp Mills: 79% candidate rate, above the 75% split","Scale: 0.13 Mt/yr, below the 0.21 Mt split"
G10010,Alcan Primary Metal-British Columbia,British Columbia,KITIMAT,Primary Production of Alumina and Aluminum,331313,Alcan Inc - Kitimat works,890555.6984190476,550026.4357095239,42.745209333333335,337.57226904761905,21,0.6176216004074244,4.799835586838246e-05,0.0003790580079908,Above Threshold,Potential CU Candidate,13.69960205000396,0.7085469080394882,0,Potential CU Candidate,unanimous,"Sector Primary Production of Alumina and Aluminum: 71% candidate rate, below the 82% split","Sector Primary Production of Alumina and Aluminum: 71% candidate rate, below the 75% split","Sector Primary Production of Alumina and Aluminum: 71% candidate rate, above the 67% split"
G10011,Algoma Steel Inc,Ontario,SAULT STE. MARIE,Iron and Steel Mills and Ferro-Alloy Manufacturing,331110,Algoma Steel Inc,3392073.203619047,3363262.321809524,22349.17695714286,6461.705045,21,0.9915064091839808,0.0065886481852155,0.0019049426875887,Above Threshold,CCS Candidate,15.03695215172159,0.8487338634231345,4,CCS Candidate,unanimous,"Sector Iron and Steel Mills and Ferro-Alloy Manufacturing: 85% candidate rate, above the 82% split","Sector Iron and Steel Mills and Ferro-Alloy Manufacturing: 85% candidate rate, below the 89% split","Reporting history: 21 years, above the 2-year split"
G10012,Aluminerie Alouette inc.,Quebec,SEPT-ÎLES,Primary Production of Alumina and Aluminum,331313,Aluminerie Alouette inc.,1068627.5329,979590.6254666664,62.248556,538.7841442857143,21,0.916681065486205,5.825093784648452e-05,0.0005041832890301,Above Threshold,CCS Candidate,13.881886639347163,0.7085469080394882,0,Potential CU Candidate,unanimous,"Sector Primary Production of Alumina and Aluminum: 71% candidate rate, below the 82% split","Sector Primary Production of Alumina and Aluminum: 71% candidate rate, below the 75% split","Sector Primary Production of Alumina and Aluminum: 71% candidate rate, above the 67% split"
G10013,Aluminerie de Baie-Comeau,Quebec,BAIE-COMEAU,Primary Production of Alumina and Aluminum,331313,Alcoa Limitée,892363.8136809523,596777.0784238095,122.61693333333336,1495.654195238095,21,0.6687598368227601,0.0001374068865786,0.0016760587692015,Above Threshold,Potential CU Candidate,13.701630311898263,0.7085469080394882,0,Potential CU Candidate,unanimous,"Sector Primary Production of Alumina and Aluminum: 71% candidate rate, below the 82% split","Sector Primary Production of Alumina and Aluminum: 71% candidate rate, below the 75% split","Sector Primary Production of Alumina and Aluminum: 71% candidate rate, above the 67% split"
G10014,Aluminerie de Bécancour,Quebec,BÉCANCOUR,Primary Production of Alumina and Aluminum,331313,Aluminerie de Bécancour inc,707000.1805380953,677462.8258809524,35.20733333333334,437.1906904761904,21,0.9582215740954096,4.97981956759009e-05,0.0006183742274909,Above Threshold,CCS Candidate,13.468787614662457,0.7085469080394882,0,Potential CU Candidate,unanimous,"Sector Primary Production of Alumina and Aluminum: 71% candidate rate, below the 82% split","Sector Primary Production of Alumina and Aluminum: 71% candidate rate, below the 75% split","Sector Primary Production of Alumina and Aluminum: 71% candidate rate, above the 67% split"
G10015,ATCO Pipelines,Alberta,EDMONTON,Pipeline Transportation of Natural Gas,486210,ATCO Pipelines,206789.30216666663,79179.62323095238,124905.35664571427,2697.1128357142857,21,0.3828999972500304,0.6040223325723296,0.0130428064094944,Above Threshold,Potential CU Candidate,12.239460525771491,0.6866805067090249,2,Potential CU Candidate,contested,"Sector Pipeline Transportation of Natural Gas: 69% candidate rate, below the 82% split","Sector Pipeline Transportation of Natural Gas: 69% candidate rate, below the 75% split","Sector Pipeline Transportation of Natural Gas: 69% candidate rate, above the 67% split"
G10016,Atikokan Generating Station,Ontario,ATIKOKAN,Fossil-Fuel Electric Power Generation,221112,Ontario Power Generation Inc.,282310.23815789475,278780.94963157893,1152.0684104210527,2377.2201163157893,19,0.9874985457511396,0.0040808594755132,0.0084205947748385,Above Threshold,CCS Candidate,12.550765422722662,0.999655070570997,4,CCS Candidate,unanimous,"Sector Fossil-Fuel Electric Power Generation: 100% candidate rate, above the 82% split","Sector Fossil-Fuel Electric Power Generation: 100% candidate rate, above the 89% split",
G10017,Balzac Gas Processing Plant,Alberta,BALZAC,Conventional Oil and Gas Extraction,211113,Nexen Inc.,207636.3069125,190415.05375,15988.17502375,1233.078125,8,0.917060491883256,0.0770008639697467,0.0059386440807754,Above Threshold,CCS Candidate,12.243548119872948,0.8042618841939829,1,Potential CU Candidate,majority,"Sector Conventional Oil and Gas Extraction: 80% candidate rate, below the 82% split","Sector Conventional Oil and Gas Extraction: 80% candidate rate, above the 75% split","Scale: 0.21 Mt/yr, below the 0.21 Mt split"
G10018,Battle River Generating Station,Alberta,FORESTBURG,Fossil-Fuel Electric Power Generation,221112,ATCO Power,3353552.119842857,3339966.3591571427,1040.4851333333334,12545.275759523807,21,0.995948844627961,0.0003102635939894,0.0037408918398177,Above Threshold,CCS Candidate,15.025530974516606,0.999655070570997,4,CCS Candidate,unanimous,"Sector Fossil-Fuel Electric Power Generation: 100% candidate rate, above the 82% split","Sector Fossil-Fuel Electric Power Generation: 100% candidate rate, above the 89% split",
G10020,Bayside Power,New Brunswick,SAINT JOHN,Fossil-Fuel Electric Power Generation,221112,Bayside Power L.P.,513300.15847619047,501432.0469904762,820.419,11047.692489761905,21,0.9768788080624278,0.001598322124886,0.0215228698205717,Above Threshold,CCS Candidate,13.1486180054642,0.999655070570997,4,CCS Candidate,unanimous,"Sector Fossil-Fuel Electric Power Generation: 100% candidate rate, above the 82% split","Sector Fossil-Fuel Electric Power Generation: 100% candidate rate, above the 89% split",
G10021,Bedford,Quebec,BEDFORD,Lime Manufacturing,327410,Graymont (QC) Inc.,454359.80682857137,453613.0782619048,257.67574933333333,489.0528183333333,21,0.9983565259174688,0.0005671182738013,0.0010763558109308,Above Threshold,CCS Candidate,13.026646890091143,0.8588131967589057,4,CCS Candidate,unanimous,"Sector Lime Manufacturing: 86% candidate rate, above the 82% split","Sector Lime Manufacturing: 86% candidate rate, below the 89% split","Reporting history: 21 years, above the 2-year split"
G10022,Belledune Generating Station,New Brunswick,BELLEDUNE,Fossil-Fuel Electric Power Generation,221112,Belledune Generating Station,2562030.377952381,2557276.660714286,334.97969333333333,4418.737540714286,21,0.9981445507910433,0.0001307477445294,0.0017247014628475,Above Threshold,CCS Candidate,14.756311008808147,0.999655070570997,4,CCS Candidate,unanimous,"Sector Fossil-Fuel Electric Power Generation: 100% candidate rate, above the 82% split","Sector Fossil-Fuel Electric Power Generation: 100% candidate rate, above the 89% split",
G10023,Bonnie Glen Gas Plant,Alberta,THORSBY,Conventional Oil and Gas Extraction,211113,Imperial Oil Resources,283887.82568,247918.724562,32823.392116,3145.709,5,0.8732981908194098,0.1156209923316638,0.0110808168418812,Above Threshold,CCS Candidate,12.556337981630078,0.8042618841939829,2,Potential CU Candidate,contested,"Sector Conventional Oil and Gas Extraction: 80% candidate rate, below the 82% split","Sector Conventional Oil and Gas Extraction: 80% candidate rate, above the 75% split","Scale: 0.28 Mt/yr, above the 0.21 Mt split"
G10024,Boundary Dam Power Station,Saskatchewan,ESTEVAN,Fossil-Fuel Electric Power Generation,221112,SaskPower,5467749.160571429,5432026.796523809,3607.1572026666663,32115.20686380953,21,0.9934667149134752,0.0006597151948151,0.0058735698951583,Above Threshold,CCS Candidate,15.5143777845918,0.999655070570997,4,CCS Candidate,unanimous,"Sector Fossil-Fuel Electric Power Generation: 100% candidate rate, above the 82% split","Sector Fossil-Fuel Electric Power Generation: 100% candidate rate, above the 89% split",
G10025,Bowater - Thunder Bay Operations,Ontario,THUNDER BAY,Chemical Pulp Mills,322112,Bowater Canadian Forest Products Inc.,172744.50466761904,155330.86639619048,7311.857594857143,10099.490197142855,21,0.89919425625183,0.042327584364701,0.0584649000358968,Above Threshold,CCS Candidate,12.059574719106784,0.7856137302487847,2,Potential CU Candidate,contested,"Sector Chemical Pulp Mills: 79% candidate rate, below the 82% split","Sector Chemical Pulp Mills: 79% candidate rate, above the 75% split","Scale: 0.17 Mt/yr, below the 0.21 Mt split"
G10026,Brady Road Landfill,Manitoba,WINNIPEG,Waste Treatment and Disposal,562210,Water & Waste Department,428612.4512380952,14723.09523809524,413889.356,0.0,21,0.034350600864641,0.9656493991353589,0.0,Above Threshold,Potential CU Candidate,12.968310745659087,0.35073717496627627,0,Potential CU Candidate,unanimous,"Sector Waste Treatment and Disposal: 35% candidate rate, below the 82% split","Sector Waste Treatment and Disposal: 35% candidate rate, below the 75% split","Sector Waste Treatment and Disposal: 35% candidate rate, below the 67% split"
G10028,Brandon Generating Station,Manitoba,BRANDON,Fossil-Fuel Electric Power Generation,221112,Manitoba Hydro,157294.7445745,156479.4302795,126.0720216,634.874068,20,0.9948166463081428,0.0008015018044057,0.0040362064843132,Above Threshold,CCS Candidate,11.965883035752904,0.999655070570997,4,CCS Candidate,unanimous,"Sector Fossil-Fuel Electric Power Generation: 100% candidate rate, above the 82% split","Sector Fossil-Fuel Electric Power Generation: 100% candidate rate, above the 89% split",
G10029,Brazeau Gas Plant,Alberta,DRAYTON VALLEY,Conventional Oil and Gas Extraction,211113,Petro-Canada,142822.56357333332,101733.49268857144,39149.770542,1939.300348809524,21,0.7123068662490126,0.2741147446348577,0.0135783891584733,Above Threshold,Potential CU Candidate,11.86936532629254,0.8042618841939829,4,CCS Candidate,unanimous,"Sector Conventional Oil and Gas Extraction: 80% candidate rate, below the 82% split","Sector Conventional Oil and Gas Extraction: 80% candidate rate, above the 75% split","Scale: 0.14 Mt/yr, below the 0.21 Mt split"
G10031,Brighton Beach Power,Ontario,WINDSOR,Fossil-Fuel Electric Power Generation,221112,Brighton Beach Power L.P.,217566.03645428573,214965.2260633333,1068.7702106666668,1532.0401842857143,21,0.9880458805366024,0.0049123945450522,0.0070417249367302,Above Threshold,CCS Candidate,12.29026229560575,0.999655070570997,4,CCS Candidate,unanimous,"Sector Fossil-Fuel Electric Power Generation: 100% candidate rate, above the 82% split","Sector Fossil-Fuel Electric Power Generation: 100% candidate rate, above the 89% split",
G10033,Brookfield Plant,Nova Scotia,BROOKFIELD,Cement Manufacturing,327310,Lafarge North America,231116.58284761905,230920.4279523809,93.09732933333332,103.05756619047618,21,0.9991512729514204,0.0004028154457212,0.0004459116040947,Above Threshold,CCS Candidate,12.350681876655257,0.8965301449258793,4,CCS Candidate,unanimous,"Sector Cement Manufacturing: 90% candidate rate, above the 82% split","Sector Cement Manufacturing: 90% candidate rate, above the 89% split",
G10035,Xstrata Zinc - Brunswick Smelter,New Brunswick,BELLEDUNE,Non-Ferrous Metal (except Aluminum) Smelting and Refining,331410,Xstrata,194206.16673125,192681.775625,137.53845,1386.85265625,16,0.992150655502307,0.0007082084586445,0.0071411360390485,Above Threshold,CCS Candidate,12.176680738026866,0.8033154424467096,2,Potential CU Candidate,contested,"Sector Non-Ferrous Metal (except Aluminum) Smelting and Refining: 80% candidate rate, below the 82% split","Sector Non-Ferrous Metal (except Aluminum) Smelting and Refining: 80% candidate rate, above the 75% split","Scale: 0.19 Mt/yr, below the 0.21 Mt split"
G10036,Burnaby Refinery,British Columbia,BURNABY,Petroleum Refineries,324110,Chevron Canada Limited,457046.0918952381,452619.6930571429,3146.688108,1279.7107302380953,21,0.9903152025220472,0.0068848375772158,0.0027999599010495,Above Threshold,CCS Candidate,13.032541710290117,0.8965301449258793,4,CCS Candidate,unanimous,"Sector Petroleum Refineries: 90% candidate rate, above the 82% split","Sector Petroleum Refineries: 90% candidate rate, above the 89% split",
G10038,"Burstall Compressor Station - 2, Saskatchewan",Saskatchewan,BURSTALL,Pipeline Transportation of Natural Gas,486210,TransCanada PipeLines Ltd.,795355.3010190476,740913.764147619,46947.29910333333,7494.2378071428575,21,0.9315506707484372,0.0590268261784163,0.0094225031222409,Above Threshold,CCS Candidate,13.586545470617432,0.6866805067090249,0,Potential CU Candidate,unanimous,"Sector Pipeline Transportation of Natural Gas: 69% candidate rate, below the 82% split","Sector Pipeline Transportation of Natural Gas: 69% candidate rate, below the 75% split","Sector Pipeline Transportation of Natural Gas: 69% candidate rate, above the 67% split"
G10039,Cabot Canada Limited,Ontario,SARNIA,All Other Basic Inorganic Chemical Manufacturing,325189,Cabot Canada Limited,214449.2354809524,213980.266,388.1011573333333,80.8683211904762,21,0.997813144542574,0.0018097577100842,0.0003770977360171,Above Threshold,CCS Candidate,12.27583298801368,0.8434276124255634,4,CCS Candidate,unanimous,"Sector All Other Basic Inorganic Chemical Manufacturing: 84% candidate rate, above the 82% split","Sector All Other Basic Inorganic Chemical Manufacturing: 84% candidate rate, below the 89% split","Reporting history: 21 years, above the 2-year split"
G10040,Calpine Calgary Energy Centre,Alberta,CALGARY,Fossil-Fuel Electric Power Generation,221112,Calpine Canada Power Ltd.,485152.7790380952,480680.4455523809,1494.092388,2966.442809523809,21,0.9907815977173592,0.0030796327518978,0.0061144508239349,Above Threshold,CCS Candidate,13.092221189845132,0.999655070570997,4,CCS Candidate,unanimous,"Sector Fossil-Fuel Electric Power Generation: 100% candidate rate, above the 82% split","Sector Fossil-Fuel Electric Power Generation: 100% candidate rate, above the 89% split",
G10041,Calpine Canada- Island Cogeneration,British Columbia,CAMPBELL RIVER,Fossil-Fuel Electric Power Generation,221112,Calpine Canada,388175.16252285714,384080.2818635714,1351.48226,2739.922090357143,14,0.9894509462360448,0.0034816299198958,0.0070584683279312,Above Threshold,CCS Candidate,12.86921454268705,0.999655070570997,4,CCS Candidate,unanimous,"Sector Fossil-Fuel Electric Power Generation: 100% candidate rate, above the 82% split","Sector Fossil-Fuel Electric Power Generation: 100% candidate rate, above the 89% split",
G10043,Carmeuse Lime (Canada) Ltd Northern,Ontario,BLIND RIVER,Lime Manufacturing,327410,Beachville Lime,139329.05277190474,138391.8915147619,175.35364,761.8076142857143,21,0.9932737556274278,0.001258557612439,0.0054676867396268,Above Threshold,CCS Candidate,11.844600877862357,0.8588131967589057,4,CCS Candidate,unanimous,"Sector Lime Manufacturing: 86% candidate rate, above the 82% split","Sector Lime Manufacturing: 86% candidate rate, below the 89% split","Reporting history: 21 years, above the 2-year split"
G10044,Canadian Fertilizers Limited,Alberta,MEDICINE HAT,Chemical Fertilizer (except Potash) Manufacturing,325313,Canadian Fertilizers Limited,1623025.3860952382,1617548.836666667,1293.0674706666666,4183.481834761905,21,0.9966257154844956,0.0007967019380871,0.0025775825015446,Above Threshold,CCS Candidate,14.299803103971003,0.8310643196028076,4,CCS Candidate,unanimous,"Sector Chemical Fertilizer (except Potash) Manufacturing: 83% candidate rate, above the 82% split","Sector Chemical Fertilizer (except Potash) Manufacturing: 83% candidate rate, below the 89% split","Reporting history: 21 years, above the 2-year split"
G10045,Cancarb Ltd.,Alberta,MEDICINE HAT,All Other Basic Inorganic Chemical Manufacturing,325189,Cancarb Ltd.,141611.98474,140191.42347,846.5822706666668,570.6308095238095,21,0.9899686366757154,0.0059781823708,0.0040295375463559,Above Threshold,CCS Candidate,11.860853156178798,0.8434276124255634,4,CCS Candidate,unanimous,"Sector All Other Basic Inorganic Chemical Manufacturing: 84% candidate rate, above the 82% split","Sector All Other Basic Inorganic Chemical Manufacturing: 84% candidate rate, below the 89% split","Reporting history: 21 years, above the 2-year split"
G10046,"Cardinal Lake Compressor Station, Alberta",Alberta,FAIRVIEW,Pipeline Transportation of Natural Gas,486210,Nova Gas Transmission Ltd.,3079248.026047619,2605394.845047619,451299.2025761905,22553.978394761903,21,0.8461139937440454,0.1465614977288651,0.0073245085176562,Above Threshold,Potential CU Candidate,14.940196302508356,0.6866805067090249,2,Potential CU Candidate,contested,"Sector Pipeline Transportation of Natural Gas: 69% candidate rate, below the 82% split","Sector Pipeline Transportation of Natural Gas: 69% candidate rate, below the 75% split","Sector Pipeline Transportation of Natural Gas: 69% candidate rate, above the 67% split"
G10047,"Cardinal Power of Canada, L.P.",Ontario,CARDINAL,Fossil-Fuel Electric Power Generation,221112,"Cardinal Power of Canada, L.P.",294993.7554542857,291436.8423914286,1385.3336266666668,2077.3556321428573,21,0.9879424123491036,0.004696145599873,0.0070420325641936,Above Threshold,CCS Candidate,12.59471285704286,0.999655070570997,4,CCS Candidate,unanimous,"Sector Fossil-Fuel Electric Power Generation: 100% candidate rate, above the 82% split","Sector Fossil-Fuel Electric Power Generation: 100% candidate rate, above the 89% split",
G10048,Cariboo Pulp and Paper,British Columbia,QUESNEL,Chemical Pulp Mills,322112,Cariboo Pulp and Paper Company,113259.76373380952,97791.75424761904,7133.415935714285,8334.593553571429,21,0.8634289091177657,0.0629827901855746,0.0735883007239882,Above Threshold,CCS Candidate,11.637448082836032,0.7856137302487847,2,Potential CU Candidate,contested,"Sector Chemical Pulp Mills: 79% candidate rate, below the 82% split","Sector Chemical Pulp Mills: 79% candidate rate, above the 75% split","Scale: 0.11 Mt/yr, below the 0.21 Mt split"
G10050,Carmeuse Dundas(Flamborough) Facility,Ontario,HAMILTON,Lime Manufacturing,327410,Dundas Facility,442956.6119761905,441680.9744571429,196.29803066666665,1079.3394854761905,21,0.9971201750136282,0.0004431540818205,0.0024366708979935,Above Threshold,CCS Candidate,13.001229360422606,0.8588131967589057,4,CCS Candidate,unanimous,"Sector Lime Manufacturing: 86% candidate rate, above the 82% split","Sector Lime Manufacturing: 86% candidate rate, below the 89% split","Reporting history: 21 years, above the 2-year split"
G10051,Carmeuse Lime (Canada) Ltd Beachville,Ontario,INGERSOLL,Lime Manufacturing,327410,Beachville Lime,451642.4385904762,449029.9263714286,319.3994666666667,2293.112764285714,21,0.9942155298177892,0.0007071954257962,0.0050772747827734,Above Threshold,CCS Candidate,13.02064829483043,0.8588131967589057,4,CCS Candidate,unanimous,"Sector Lime Manufacturing: 86% candidate rate, above the 82% split","Sector Lime Manufacturing: 86% candidate rate, below the 89% split","Reporting history: 21 years, above the 2-year split"
G10052,Carol Project,Newfoundland and Labrador,LABRADOR CITY,Iron Ore Mining,212210,Iron Ore Company of Canada,953101.9862619048,948483.5481380952,480.8440906666667,4137.593980476191,21,0.9951543085730802,0.0005045043422399,0.0043411870294216,Above Threshold,CCS Candidate,13.767478242130236,0.8434276124255634,4,CCS Candidate,unanimous,"Sector Iron Ore Mining: 84% candidate rate, above the 82% split","Sector Iron Ore Mining: 84% candidate rate, below the 89% split","Reporting history: 21 years, above the 2-year split"
G10053,Carseland Nitrogen Operations,Alberta,CARSELAND,Chemical Fertilizer (except Potash) Manufacturing,325313,Agrium,547772.2902666667,533560.9391999999,12338.882262761905,1872.4688,21,0.974056097179088,0.0225255685291329,0.0034183342846503,Above Threshold,CCS Candidate,13.213616776438144,0.8310643196028076,4,CCS Candidate,unanimous,"Sector Chemical Fertilizer (except Potash) Manufacturing: 83% candidate rate, above the 82% split","Sector Chemical Fertilizer (except Potash) Manufacturing: 83% candidate rate, below the 89% split","Reporting history: 21 years, above the 2-year split"
G10054,"Carseland Power Plant, Alberta",Alberta,CARSELAND,Fossil-Fuel Electric Power Generation,221112,TransCanada Energy Ltd.,340813.00484761904,337579.08954285714,795.5550173333332,2438.360299047619,21,0.9905111739905352,0.0023342859750584,0.0071545400684983,Above Threshold,CCS Candidate,12.7390921671294,0.999655070570997,4,CCS Candidate,unanimous,"Sector Fossil-Fuel Electric Power Generation: 100% candidate rate, above the 82% split","Sector Fossil-Fuel Electric Power Generation: 100% candidate rate, above the 89% split",
G10055,Carseland Works,Alberta,CARSELAND,Chemical Fertilizer (except Potash) Manufacturing,325313,Orica Canada Inc,256683.9295161905,531.3398756666667,8.407466666666668,256144.18217380956,21,0.0020700161348946,3.2754160661765784e-05,0.997897229704258,Above Threshold,Potential CU Candidate,12.455604656589616,0.8310643196028076,4,CCS Candidate,unanimous,"Sector Chemical Fertilizer (except Potash) Manufacturing: 83% candidate rate, above the 82% split","Sector Chemical Fertilizer (except Potash) Manufacturing: 83% candidate rate, below the 89% split","Reporting history: 21 years, above the 2-year split"
G10057,Casco Inc. - London Plant,Ontario,LONDON,Wet Corn Milling,311221,Casco Inc.,125471.14973333334,124411.9448142857,310.701868,748.5030495238095,21,0.9915581795392902,0.0024762813496197,0.0059655390989452,Above Threshold,CCS Candidate,11.739839098451885,0.8363005006459908,4,CCS Candidate,unanimous,"Sector Wet Corn Milling: 84% candidate rate, above the 82% split","Sector Wet Corn Milling: 84% candidate rate, below the 89% split","Reporting history: 21 years, above the 2-year split"
G10058,Cavalier Power Plant,Alberta,STRATHMORE,Fossil-Fuel Electric Power Generation,221112,EnCana Corporation,221227.3393047619,219272.67448571432,573.68168,1380.9831428571429,21,0.9911644518024292,0.002593177144393,0.0062423710703978,Above Threshold,CCS Candidate,12.306950656630113,0.999655070570997,4,CCS Candidate,unanimous,"Sector Fossil-Fuel Electric Power Generation: 100% candidate rate, above the 82% split","Sector Fossil-Fuel Electric Power Generation: 100% candidate rate, above the 89% split",
G10060,CCRL/NEI Refinery-Upgrader Complex,Saskatchewan,REGINA,Petroleum Refineries,324110,Consumers' Co-operative Refineries Limited,1636036.0109523812,1624985.9401904764,3211.2181373333333,7838.85264,21,0.9932458266884528,0.0019628040677808,0.0047913692531968,Above Threshold,CCS Candidate,14.307787418720466,0.8965301449258793,4,CCS Candidate,unanimous,"Sector Petroleum Refineries: 90% candidate rate, above the 82% split","Sector Petroleum Refineries: 90% candidate rate, above the 89% split",
G10061,"Centrale de Cap-aux Meules, Îles-de-la-Madeleine",Quebec,CAP-AUX-MEULES,Fossil-Fuel Electric Power Generation,221112,Hydro-Québec,127250.77558095238,126673.72343333332,85.29257333333332,491.3388092857143,21,0.9954652366951434,0.0006702715401453,0.0038611851836859,Above Threshold,CCS Candidate,11.75392288780031,0.999655070570997,4,CCS Candidate,unanimous,"Sector Fossil-Fuel Electric Power Generation: 100% candidate rate, above the 82% split","Sector Fossil-Fuel Electric Power Generation: 100% candidate rate, above the 89% split",
G10062,Centrale de cogénération de Kingsey Falls,Quebec,KINGSEY FALLS,Fossil-Fuel Electric Power Generation,221112,Boralex Énergie inc.,135229.78441111112,133579.63108888888,726.9639937777778,923.1893333333333,9,0.9877974121647224,0.0053757683408541,0.0068268195305758,Above Threshold,CCS Candidate,11.814738112020803,0.999655070570997,4,CCS Candidate,unanimous,"Sector Fossil-Fuel Electric Power Generation: 100% candidate rate, above the 82% split","Sector Fossil-Fuel Electric Power Generation: 100% candidate rate, above the 89% split",
G10063,Centrale de Tracy,Quebec,TRACY,Fossil-Fuel Electric Power Generation,221112,Hydro-Québec,529853.8513333333,529268.348,59.92,525.5833333333334,3,0.9988949720156608,0.00011308778798,0.0009919401963593,Above Threshold,CCS Candidate,13.18035838261152,0.999655070570997,4,CCS Candidate,unanimous,"Sector Fossil-Fuel Electric Power Generation: 100% candidate rate, above the 82% split","Sector Fossil-Fuel Electric Power Generation: 100% candidate rate, above the 89% split",
G10064,Chimie ParaChem s.e.c.,Quebec,MONTREAL-EST,Petrochemical Manufacturing,325110,Chimie ParaChem s.e.c,225955.7693571428,224784.5649809524,386.09216,785.112219047619,21,0.9948166653167452,0.0017087068017712,0.0034746278941286,Above Threshold,CCS Candidate,12.328098973926576,0.8553760801292877,4,CCS Candidate,unanimous,"Sector Petrochemical Manufacturing: 86% candidate rate, above the 82% split","Sector Petrochemical Manufacturing: 86% candidate rate, below the 89% split","Reporting history: 21 years, above the 2-year split"
G10065,Christina Lake SAGD Bitumen Battery,Alberta,LAC LA BICHE,Non-Conventional Oil Extraction,211114,EnCana Corporation,1860582.5708714288,1846729.6562619049,9761.690767809523,4091.2239271428575,21,0.992554528443725,0.0052465775615846,0.002198894040605,Above Threshold,CCS Candidate,14.43640074426118,0.9843482452987367,4,CCS Candidate,unanimous,"Sector Non-Conventional Oil Extraction: 98% candidate rate, above the 82% split","Sector Non-Conventional Oil Extraction: 98% candidate rate, above the 89% split",
G10066,Cimenterie de St-Basile,Quebec,SAINT-BASILE,Cement Manufacturing,327310,Ciment Québec inc.,711258.2282761905,710635.8256380953,143.89466533333334,478.50797619047614,21,0.9991249273282874,0.0002023100185175,0.0006727626580154,Above Threshold,CCS Candidate,13.474792239067773,0.8965301449258793,4,CCS Candidate,unanimous,"Sector Cement Manufacturing: 90% candidate rate, above the 82% split","Sector Cement Manufacturing: 90% candidate rate, above the 89% split",
G10067,Cimenterie de St-Constant,Quebec,ST-CONSTANT,Cement Manufacturing,327310,Lafarge Canada Inc,680467.8066,679608.6668523808,297.5378666666667,561.601880952381,21,0.9987374277823488,0.0004372548763964,0.0008253173412544,Above Threshold,CCS Candidate,13.430537261081067,0.8965301449258793,4,CCS Candidate,unanimous,"Sector Cement Manufacturing: 90% candidate rate, above the 82% split","Sector Cement Manufacturing: 90% candidate rate, above the 89% split",
G10068,"CITY OF MEDICINE HAT, ELECTRIC UTILITY - GENERATION",Alberta,MEDICINE HAT,Fossil-Fuel Electric Power Generation,221112,CITY OF MEDICINE HAT,387637.5508142857,379719.75245238096,5352.965017428572,2544.304119047619,21,0.9795742225043154,0.0138092014207187,0.0065636162278472,Above Threshold,CCS Candidate,12.867828614358077,0.999655070570997,4,CCS Candidate,unanimous,"Sector Fossil-Fuel Electric Power Generation: 100% candidate rate, above the 82% split","Sector Fossil-Fuel Electric Power Generation: 100% candidate rate, above the 89% split",
G10069,Clover Bar Thermal Generating Station,Alberta,EDMONTON,Fossil-Fuel Electric Power Generation,221112,EPCOR,250112.362425,247232.9393375,1348.630213,1530.792871875,16,0.9884874819477848,0.0053920973754522,0.0061204206662676,Above Threshold,CCS Candidate,12.429669543767137,0.999655070570997,4,CCS Candidate,unanimous,"Sector Fossil-Fuel Electric Power Generation: 100% candidate rate, above the 82% split","Sector Fossil-Fuel Electric Power Generation: 100% candidate rate, above the 89% split",
G10070,Coal Mountain Operations,British Columbia,SPARWOOD,Bituminous Coal Mining,212114,Elk Valley Coal Corporation,113145.22342089472,67980.74175210526,43144.51839326316,2019.9632671052632,19,0.6008273234763097,0.3813198391307041,0.0178528373185591,Above Threshold,Potential CU Candidate,11.636436273756056,0.5934851918418639,0,Potential CU Candidate,unanimous,"Sector Bituminous Coal Mining: 59% candidate rate, below the 82% split","Sector Bituminous Coal Mining: 59% candidate rate, below the 75% split","Sector Bituminous Coal Mining: 59% candidate rate, below the 67% split"
G10071,Cochrane Extraction Plant,Alberta,COCHRANE,Conventional Oil and Gas Extraction,211113,Inter Pipeline Extraction Ltd.,460213.57017619046,447231.77979047626,8031.663862380953,2782.029587142857,21,0.9717918131341842,0.0174520361477087,0.006045083777251,Above Threshold,CCS Candidate,13.039448116612837,0.8042618841939829,4,CCS Candidate,unanimous,"Sector Conventional Oil and Gas Extraction: 80% candidate rate, below the 82% split","Sector Conventional Oil and Gas Extraction: 80% candidate rate, above the 75% split","Scale: 0.46 Mt/yr, above the 0.21 Mt split"
G10073,Cold Lake,Alberta,BONNYVILLE,Non-Conventional Oil Extraction,211114,Imperial Oil Resources,5009164.389142858,4969211.548095238,17469.00989552381,22483.831192380952,21,0.9920240507310528,0.0034874099826683,0.0044885392943209,Above Threshold,CCS Candidate,15.426779870190115,0.9843482452987367,4,CCS Candidate,unanimous,"Sector Non-Conventional Oil Extraction: 98% candidate rate, above the 82% split","Sector Non-Conventional Oil Extraction: 98% candidate rate, above the 89% split",
G10074,Coleson Cove Generating Station,New Brunswick,SAINT JOHN,Fossil-Fuel Electric Power Generation,221112,Coleson Cove Generating Station,807911.2927333333,806004.716347619,607.3836,1299.1927857142855,21,0.9976401166775822,0.0007517949129601,0.0016080884094574,Above Threshold,CCS Candidate,13.602208783014047,0.999655070570997,4,CCS Candidate,unanimous,"Sector Fossil-Fuel Electric Power Generation: 100% candidate rate, above the 82% split","Sector Fossil-Fuel Electric Power Generation: 100% candidate rate, above the 89% split",
G10075,Commercial Alcohols Inc. Chatham facility,Ontario,CHATHAM,Other Basic Organic Chemical Manufacturing,325190,Commercial Alcohols Inc.,140756.46347142858,137903.48766666665,120.505736,2732.47006952381,21,0.97973112044449,0.0008561293245653,0.0194127502363574,Above Threshold,CCS Candidate,11.854793571036074,0.8443225151990559,4,CCS Candidate,unanimous,"Sector Other Basic Organic Chemical Manufacturing: 84% candidate rate, above the 82% split","Sector Other Basic Organic Chemical Manufacturing: 84% candidate rate, below the 89% split","Reporting history: 21 years, above the 2-year split"
G10076,Complexe métallurgique de Sorel-Tracy,Quebec,SOREL-TRACY,Iron and Steel Mills and Ferro-Alloy Manufacturing,331110,QIT - Fer et Titane Inc.,1030075.427704762,1026425.6861904762,1549.36528,1675.422119047619,21,0.9964568211063743,0.0015041279874546,0.0016265043063699,Above Threshold,CCS Candidate,13.84514355910812,0.8487338634231345,4,CCS Candidate,unanimous,"Sector Iron and Steel Mills and Ferro-Alloy Manufacturing: 85% candidate rate, above the 82% split","Sector Iron and Steel Mills and Ferro-Alloy Manufacturing: 85% candidate rate, below the 89% split","Reporting history: 21 years, above the 2-year split"
G10077,Copper Cliff Nickel Refinery,Ontario,COPPER CLIFF,Non-Ferrous Metal (except Aluminum) Smelting and Refining,331410,Inco Limited,105966.31576666668,104665.66195333331,41.2776,641.7895433333334,15,0.987725780556556,0.0003895351055791,0.0060565429560326,Above Threshold,CCS Candidate,11.57088598372319,0.8033154424467096,2,Potential CU Candidate,contested,"Sector Non-Ferrous Metal (except Aluminum) Smelting and Refining: 80% candidate rate, below the 82% split","Sector Non-Ferrous Metal (except Aluminum) Smelting and Refining: 80% candidate rate, above the 75% split","Scale: 0.11 Mt/yr, below the 0.21 Mt split"
G10078,Copper Cliff Smelter,Ontario,COPPER CLIFF,Non-Ferrous Metal (except Aluminum) Smelting and Refining,331410,Inco Limited,257692.33160666664,255595.62336666664,113.30032,1977.4953843333333,15,0.991863521017768,0.0004396728427795,0.0076738619733229,Above Threshold,CCS Candidate,12.459525519730825,0.8033154424467096,4,CCS Candidate,unanimous,"Sector Non-Ferrous Metal (except Aluminum) Smelting and Refining: 80% candidate rate, below the 82% split","Sector Non-Ferrous Metal (except Aluminum) Smelting and Refining: 80% candidate rate, above the 75% split","Scale: 0.26 Mt/yr, above the 0.21 Mt split"
G10080,Cory Cogeneration Station,Saskatchewan,CORMAN PARK,Fossil-Fuel Electric Power Generation,221112,ATCO Power,589213.4377095238,583189.9176761905,2015.774,4007.746037380952,21,0.9897770151734,0.0034211269991329,0.0068018578343366,Above Threshold,CCS Candidate,13.286545467190155,0.999655070570997,4,CCS Candidate,unanimous,"Sector Fossil-Fuel Electric Power Generation: 100% candidate rate, above the 82% split","Sector Fossil-Fuel Electric Power Generation: 100% candidate rate, above the 89% split",
G10081,Courtenay Bay Generating Station #2,New Brunswick,SAINT JOHN,Steam and Air-Conditioning Supply,221330,Irving Paper,113689.74216666666,112952.28383333332,121.33333333333331,616.125,3,0.9935134136178072,0.0010672320212975,0.0054193543608954,Above Threshold,CCS Candidate,11.641237253087304,0.8385102660425425,4,CCS Candidate,unanimous,"Sector Steam and Air-Conditioning Supply: 84% candidate rate, above the 82% split","Sector Steam and Air-Conditioning Supply: 84% candidate rate, below the 89% split","Reporting history: 3 years, above the 2-year split"
G10082,Crofton Division,British Columbia,CROFTON,Chemical Pulp Mills,322112,NorskeCanada,150515.24213333332,136635.61568095238,4415.743626666667,9463.256152380953,21,0.9077859075555568,0.0293375180086744,0.0628724109150219,Above Threshold,CCS Candidate,11.921826278499717,0.7856137302487847,3,CCS Candidate,majority,"Sector Chemical Pulp Mills: 79% candidate rate, below the 82% split","Sector Chemical Pulp Mills: 79% candidate rate, above the 75% split","Scale: 0.15 Mt/yr, below the 0.21 Mt split"
G10083,Dalhousie Generating Station,New Brunswick,DALHOUSIE,Fossil-Fuel Electric Power Generation,221112,Dalhousie Generating Station,1246431.3333333333,1246431.3333333333,0.0,0.0,9,1.0,0.0,0.0,Above Threshold,CCS Candidate,14.035795895139984,0.999655070570997,4,CCS Candidate,unanimous,"Sector Fossil-Fuel Electric Power Generation: 100% candidate rate, above the 82% split","Sector Fossil-Fuel Electric Power Generation: 100% candidate rate, above the 89% split",
G10084,Dartmouth Refinery,Nova Scotia,DARTMOUTH,Petroleum Refineries,324110,Imperial Oil,719590.70556,707544.2101700001,5473.6463512,6572.8490335,10,0.9832592398749438,0.0076066106870297,0.0091341494306612,Above Threshold,CCS Candidate,13.48643925453294,0.8965301449258793,4,CCS Candidate,unanimous,"Sector Petroleum Refineries: 90% candidate rate, above the 82% split","Sector Petroleum Refineries: 90% candidate rate, above the 89% split",
G10085,Delta Cement Plant,British Columbia,DELTA,Cement Manufacturing,327310,Lehigh Cement,792363.3617428571,790562.4757095238,871.7707986666667,929.1152380952382,21,0.9977271967379054,0.00110021593723,0.0011725873291914,Above Threshold,CCS Candidate,13.58277661771039,0.8965301449258793,4,CCS Candidate,unanimous,"Sector Cement Manufacturing: 90% candidate rate, above the 82% split","Sector Cement Manufacturing: 90% candidate rate, above the 89% split",
G10086,distribution system and Carbon Plant,Alberta,ALBERTA,Natural Gas Distribution,221210,ATCO Gas,204970.21652857144,37657.44697619048,166655.1676204762,657.6019292857143,21,0.1837215553262651,0.8130701642560133,0.0032082804049438,Above Threshold,Potential CU Candidate,12.230624841084834,0.6512258701427436,0,Potential CU Candidate,unanimous,"Sector Natural Gas Distribution: 65% candidate rate, below the 82% split","Sector Natural Gas Distribution: 65% candidate rate, below the 75% split","Sector Natural Gas Distribution: 65% candidate rate, below the 67% split"
G10087,Division Belgo,Quebec,SHAWINIGAN,Newsprint Mills,322122,ACI,141802.5,140926.75,147.0,728.75,4,0.9938241568378556,0.0010366530914476,0.0051391900706969,Above Threshold,CCS Candidate,11.862197575427174,0.8408840542607965,4,CCS Candidate,unanimous,"Sector Newsprint Mills: 84% candidate rate, above the 82% split","Sector Newsprint Mills: 84% candidate rate, below the 89% split","Reporting history: 4 years, above the 2-year split"
G10090,Division Laurentide,Quebec,GRAND-MÈRE,Paper (except Newsprint) Mills,322121,Abitibi Consolidated Inc,102119.95854545454,98184.63636363635,1430.061818181818,1223.0954545454545,11,0.9614637311073082,0.0140037446014559,0.011977046132476,Above Threshold,CCS Candidate,11.533913257772928,0.8033154424467096,2,Potential CU Candidate,contested,"Sector Paper (except Newsprint) Mills: 80% candidate rate, below the 82% split","Sector Paper (except Newsprint) Mills: 80% candidate rate, above the 75% split","Scale: 0.10 Mt/yr, below the 0.21 Mt split"
G10091,Dofasco Hamilton,Ontario,HAMILTON,Iron and Steel Mills and Ferro-Alloy Manufacturing,331110,Dofasco,4656650.375476191,4637311.748523809,10671.46671361905,7696.629954285714,21,0.9958470949302471,0.0022916615706902,0.001652825385994,Above Threshold,CCS Candidate,15.353807158839428,0.8487338634231345,4,CCS Candidate,unanimous,"Sector Iron and Steel Mills and Ferro-Alloy Manufacturing: 85% candidate rate, above the 82% split","Sector Iron and Steel Mills and Ferro-Alloy Manufacturing: 85% candidate rate, below the 89% split","Reporting history: 21 years, above the 2-year split"
G10092,Domtar Inc - Usine d'Ottawa/Hull,Ontario,OTTAWA,Paper (except Newsprint) Mills,322121,Domtar Inc.,146372.33000000002,146008.5,170.38,193.45,2,0.9975143526102234,0.0011640178167553,0.001321629573021,Above Threshold,CCS Candidate,11.893915691782842,0.8033154424467096,0,Potential CU Candidate,unanimous,"Sector Paper (except Newsprint) Mills: 80% candidate rate, below the 82% split","Sector Paper (except Newsprint) Mills: 80% candidate rate, above the 75% split","Scale: 0.15 Mt/yr, below the 0.21 Mt split"
G10093,Domtar Inc. - Espanola Mill,Ontario,ESPANOLA,Paper (except Newsprint) Mills,322121,Domtar Inc.,158118.7226552381,139327.86997238096,11492.763604,6129.07831904762,21,0.8811598502232485,0.0726843944284751,0.0387625084248337,Above Threshold,CCS Candidate,11.971107763394652,0.8033154424467096,3,CCS Candidate,majority,"Sector Paper (except Newsprint) Mills: 80% candidate rate, below the 82% split","Sector Paper (except Newsprint) Mills: 80% candidate rate, above the 75% split","Scale: 0.16 Mt/yr, below the 0.21 Mt split"
G10094,Domtar Papers Cornwall,Ontario,CORNWALL,Chemical Pulp Mills,322112,Domtar Inc.,494311.075,493431.0,594.44,283.815,1,0.9982195927938696,0.0012025625766123,0.0005741627375028,Above Threshold,CCS Candidate,13.110922327481406,0.7856137302487847,0,Potential CU Candidate,unanimous,"Sector Chemical Pulp Mills: 79% candidate rate, below the 82% split","Sector Chemical Pulp Mills: 79% candidate rate, above the 75% split","Scale: 0.49 Mt/yr, above the 0.21 Mt split"
G10096,East Crossfield Gas Plant 9-14-28-1W5,Alberta,CROSSFIELD,Conventional Oil and Gas Extraction,211113,PrimeWest Energy Inc.,118701.23987714286,114188.3687490476,3832.780521333333,680.0906116666667,21,0.9619812637781532,0.0322893048573065,0.0057294314058603,Above Threshold,CCS Candidate,11.68437345048832,0.8042618841939829,4,CCS Candidate,unanimous,"Sector Conventional Oil and Gas Extraction: 80% candidate rate, below the 82% split","Sector Conventional Oil and Gas Extraction: 80% candidate rate, above the 75% split","Scale: 0.12 Mt/yr, below the 0.21 Mt split"
G10097,Edmonton Facility,Alberta,EDMONTON,Other Basic Organic Chemical Manufacturing,325190,Celanese Canada Inc.,180662.03702166665,178569.32007500005,284.68663999999995,669.9562608333333,12,0.9884163990334304,0.0015757966902911,0.0037083400136409,Above Threshold,CCS Candidate,12.104388901265883,0.8443225151990559,4,CCS Candidate,unanimous,"Sector Other Basic Organic Chemical Manufacturing: 84% candidate rate, above the 82% split","Sector Other Basic Organic Chemical Manufacturing: 84% candidate rate, below the 89% split","Reporting history: 12 years, above the 2-year split"
G10098,Edmonton Refinery,Alberta,EDMONTON,Petroleum Refineries,324110,Petro-Canada,1384680.6374761905,1366433.2296666666,9580.405941333334,8635.533142619048,21,0.9868219376254276,0.0069188560033562,0.0062364800293291,Above Threshold,CCS Candidate,14.14098080654252,0.8965301449258793,4,CCS Candidate,unanimous,"Sector Petroleum Refineries: 90% candidate rate, above the 82% split","Sector Petroleum Refineries: 90% candidate rate, above the 89% split",
G10100,Edson Gas Plant,Alberta,EDSON,Conventional Oil and Gas Extraction,211113,Talisman Energy Inc.,215343.75493333332,198878.6444095238,14342.276473999998,2122.834061428571,21,0.9235403388925448,0.066601775744275,0.0098578854171357,Above Threshold,CCS Candidate,12.279995534176049,0.8042618841939829,4,CCS Candidate,unanimous,"Sector Conventional Oil and Gas Extraction: 80% candidate rate, below the 82% split","Sector Conventional Oil and Gas Extraction: 80% candidate rate, above the 75% split","Scale: 0.22 Mt/yr, above the 0.21 Mt split"
G10101,EKATI Diamond Mine,Northwest Territories,YELLOWKNIFE,Diamond Mining,212392,BHP Billiton Diamonds Inc.,184318.75373333332,178654.55725714285,251.061376,5291.9981995238095,21,0.969269559600076,0.0013621043486612,0.0287111218600149,Above Threshold,CCS Candidate,12.124427320406594,0.8408840542607965,4,CCS Candidate,unanimous,"Sector Diamond Mining: 84% candidate rate, above the 82% split","Sector Diamond Mining: 84% candidate rate, below the 89% split","Reporting history: 21 years, above the 2-year split"
G10102,Elk Falls Division,British Columbia,CAMPBELL RIVER,Newsprint Mills,322122,NorskeCanada,155119.01365833334,141714.30194166666,4442.853333666667,8961.858379166666,6,0.9135843414644704,0.0286415780302248,0.0577740804805924,Above Threshold,CCS Candidate,11.951954377966642,0.8408840542607965,4,CCS Candidate,unanimous,"Sector Newsprint Mills: 84% candidate rate, above the 82% split","Sector Newsprint Mills: 84% candidate rate, below the 89% split","Reporting history: 6 years, above the 2-year split"
G10103,Elkem Métal Chicoutimi,Quebec,SAGUENAY,Iron and Steel Mills and Ferro-Alloy Manufacturing,331110,Elkem Métal Canada Inc.,110128.3301972353,108682.09467370588,1114.5035967058825,324.89113794117645,17,0.9868677249447144,0.0101200444491426,0.0029501140838084,Above Threshold,CCS Candidate,11.609410683212184,0.8487338634231345,4,CCS Candidate,unanimous,"Sector Iron and Steel Mills and Ferro-Alloy Manufacturing: 85% candidate rate, above the 82% split","Sector Iron and Steel Mills and Ferro-Alloy Manufacturing: 85% candidate rate, below the 89% split","Reporting history: 17 years, above the 2-year split"
G10104,"Elko Compressor Station, British Columbia",British Columbia,CRANBROOK,Pipeline Transportation of Natural Gas,486210,TransCanada PipeLines Ltd.,314810.83377619047,271653.36144285713,41015.58320371428,2141.8891261904764,21,0.8629098248759272,0.1302864412629256,0.0068037338502563,Above Threshold,CCS Candidate,12.65973038622987,0.6866805067090249,2,Potential CU Candidate,contested,"Sector Pipeline Transportation of Natural Gas: 69% candidate rate, below the 82% split","Sector Pipeline Transportation of Natural Gas: 69% candidate rate, below the 75% split","Sector Pipeline Transportation of Natural Gas: 69% candidate rate, above the 67% split"
G10105,Elkview Operations,British Columbia,SPARWOOD,Bituminous Coal Mining,212114,Elk Valley Coal Corporation,426596.8439809524,257674.4270190476,160108.24474285715,8806.643253095237,21,0.6040232848758553,0.3753151177789913,0.0206439484430139,Above Threshold,Potential CU Candidate,12.963597031047293,0.5934851918418639,0,Potential CU Candidate,unanimous,"Sector Bituminous Coal Mining: 59% candidate rate, below the 82% split","Sector Bituminous Coal Mining: 59% candidate rate, below the 75% split","Sector Bituminous Coal Mining: 59% candidate rate, below the 67% split"
G10106,Elmworth Sweet GP,Alberta,GRANDE PRAIRIE,Conventional Oil and Gas Extraction,211113,Burlington Resources Canada Ltd.,212477.4765,195505.87698571428,15524.715778571428,1446.8837214285716,21,0.9201251831777768,0.0730652304154761,0.0068095863395128,Above Threshold,CCS Candidate,12.266595975157903,0.8042618841939829,4,CCS Candidate,unanimous,"Sector Conventional Oil and Gas Extraction: 80% candidate rate, below the 82% split","Sector Conventional Oil and Gas Extraction: 80% candidate rate, above the 75% split","Scale: 0.21 Mt/yr, above the 0.21 Mt split"
G10108,Empress Straddle Gas Plant,Alberta,EMPRESS,Conventional Oil and Gas Extraction,211113,ConocoPhillips Canada,305741.4376238096,299456.7726761905,4812.702969333333,1471.9619838095236,21,0.9794445103795454,0.0157410883089225,0.0048144013295988,Above Threshold,CCS Candidate,12.630498319388453,0.8042618841939829,4,CCS Candidate,unanimous,"Sector Conventional Oil and Gas Extraction: 80% candidate rate, below the 82% split","Sector Conventional Oil and Gas Extraction: 80% candidate rate, above the 75% split","Scale: 0.31 Mt/yr, above the 0.21 Mt split"
G10109,Enbridge Gas Distribution Inc.,Ontario,NORTH YORK,Natural Gas Distribution,221210,Enbridge Gas Distribution Inc.,341092.5649,28654.190762,312257.77054666664,180.60357733333333,15,0.084007081099527,0.915463433329932,0.0005294855294963,Above Threshold,Potential CU Candidate,12.73991210250025,0.6512258701427436,0,Potential CU Candidate,unanimous,"Sector Natural Gas Distribution: 65% candidate rate, below the 82% split","Sector Natural Gas Distribution: 65% candidate rate, below the 75% split","Sector Natural Gas Distribution: 65% candidate rate, below the 67% split"
G10110,Eurocan Pulp and Paper Co.,British Columbia,KITIMAT,Paper (except Newsprint) Mills,322121,West Fraser Timber Co.,129221.46861666668,112851.08567333332,10090.854525666668,6279.528421666667,6,0.8733153003244701,0.0780896133877027,0.0485950863187817,Above Threshold,CCS Candidate,11.769290760912549,0.8033154424467096,2,Potential CU Candidate,contested,"Sector Paper (except Newsprint) Mills: 80% candidate rate, below the 82% split","Sector Paper (except Newsprint) Mills: 80% candidate rate, above the 75% split","Scale: 0.13 Mt/yr, below the 0.21 Mt split"
G10111,Exshaw,Alberta,EXSHAW,Lime Manufacturing,327410,Graymont Western Canada Inc.,161068.13063809523,160765.58558095238,78.96209466666667,223.5829607142857,21,0.9981216330260724,0.0004902403371408,0.0013881266258478,Above Threshold,CCS Candidate,11.989588934653478,0.8588131967589057,4,CCS Candidate,unanimous,"Sector Lime Manufacturing: 86% candidate rate, above the 82% split","Sector Lime Manufacturing: 86% candidate rate, below the 89% split","Reporting history: 21 years, above the 2-year split"
G10112,Exshaw Cement Plant,Alberta,EXSHAW,Cement Manufacturing,327310,Lafarge Canada Inc,1034992.277752381,1033453.3874,705.02882,824.7973066666666,21,0.9985131383243526,0.0006811923481507,0.0007969115561497,Above Threshold,CCS Candidate,13.849905489735278,0.8965301449258793,4,CCS Candidate,unanimous,"Sector Cement Manufacturing: 90% candidate rate, above the 82% split","Sector Cement Manufacturing: 90% candidate rate, above the 89% split",
G10113,Faulkner,Manitoba,FAULKNER,Lime Manufacturing,327410,Graymont Western Canada Inc.,131295.54166190478,131145.1789,21.458470666666667,128.9042907142857,21,0.9988547763313094,0.0001634364000106,0.0009817872646903,Above Threshold,CCS Candidate,11.785213720735358,0.8588131967589057,4,CCS Candidate,unanimous,"Sector Lime Manufacturing: 86% candidate rate, above the 82% split","Sector Lime Manufacturing: 86% candidate rate, below the 89% split","Reporting history: 21 years, above the 2-year split"
G10114,Federal White Cement Ltd.,Ontario,EMBRO,Cement Manufacturing,327310,Federal White Cement Ltd.,382076.5677857143,381597.9523714286,115.370956,363.2444595238095,21,0.998747331151294,0.0003019576852582,0.0009507111666882,Above Threshold,CCS Candidate,12.853378924006089,0.8965301449258793,4,CCS Candidate,unanimous,"Sector Cement Manufacturing: 90% candidate rate, above the 82% split","Sector Cement Manufacturing: 90% candidate rate, above the 89% split",
G10115,Fording River Operations,British Columbia,ELKFORD,Bituminous Coal Mining,212114,Elk Valley Coal Corporation,581961.6626952381,343758.1150333333,225794.3398761905,12409.207798571428,21,0.590688591824566,0.3879883407275825,0.0213230674699441,Above Threshold,Potential CU Candidate,13.274161571211046,0.5934851918418639,0,Potential CU Candidate,unanimous,"Sector Bituminous Coal Mining: 59% candidate rate, below the 82% split","Sector Bituminous Coal Mining: 59% candidate rate, below the 75% split","Sector Bituminous Coal Mining: 59% candidate rate, below the 67% split"
G10116,Fort Frances Division,Ontario,FORT FRANCES,Paper (except Newsprint) Mills,322121,Abitibi Consolidated Inc.,218758.7234363636,212342.51792727277,2170.888615636364,4245.316887727273,11,0.9706699444561472,0.0099236665013172,0.0194063890163549,Above Threshold,CCS Candidate,12.295729253226794,0.8033154424467096,3,CCS Candidate,majority,"Sector Paper (except Newsprint) Mills: 80% candidate rate, below the 82% split","Sector Paper (except Newsprint) Mills: 80% candidate rate, above the 75% split","Scale: 0.22 Mt/yr, above the 0.21 Mt split"
G10117,Fort Nelson Gas Plant,British Columbia,FORT NELSON,Conventional Oil and Gas Extraction,211113,Duke Energy Gas Transmission,991340.7052809524,985943.1644171427,3853.551162857143,1543.9897157142857,21,0.9945553119779544,0.0038872116743809,0.0015574763625556,Above Threshold,CCS Candidate,13.806814562437289,0.8042618841939829,4,CCS Candidate,unanimous,"Sector Conventional Oil and Gas Extraction: 80% candidate rate, below the 82% split","Sector Conventional Oil and Gas Extraction: 80% candidate rate, above the 75% split","Scale: 0.99 Mt/yr, above the 0.21 Mt split"
G10118,Fort Nelson Generating Station,British Columbia,FORT NELSON,Fossil-Fuel Electric Power Generation,221112,BC Hydro,140421.78858809522,138485.31857857143,995.6607626666666,940.8092464285714,21,0.9862096186852872,0.0070905005033604,0.0066998808083002,Above Threshold,CCS Candidate,11.85241306928372,0.999655070570997,4,CCS Candidate,unanimous,"Sector Fossil-Fuel Electric Power Generation: 100% candidate rate, above the 82% split","Sector Fossil-Fuel Electric Power Generation: 100% candidate rate, above the 89% split",
G10119,Fort Saskatchewan,Alberta,FORT SASKATCHEWAN,Non-Ferrous Metal (except Aluminum) Smelting and Refining,331410,Sherritt International Corporation,309619.0256809524,298033.91216190474,9526.370422571428,2058.7431047619048,21,0.9625826820765672,0.0307680395338104,0.006649278416383,Above Threshold,CCS Candidate,12.643101101037908,0.8033154424467096,4,CCS Candidate,unanimous,"Sector Non-Ferrous Metal (except Aluminum) Smelting and Refining: 80% candidate rate, below the 82% split","Sector Non-Ferrous Metal (except Aluminum) Smelting and Refining: 80% candidate rate, above the 75% split","Scale: 0.31 Mt/yr, above the 0.21 Mt split"
G10120,Fort Saskatchewan Generating Plant,Alberta,FORT SASKATCHEWAN,Fossil-Fuel Electric Power Generation,221112,TransAlta Corpoation,375017.73090476193,371864.1590142857,755.1978066666667,2397.031227142857,21,0.991590872562564,0.0020137656020815,0.0063917810535513,Above Threshold,CCS Candidate,12.8347312527845,0.999655070570997,4,CCS Candidate,unanimous,"Sector Fossil-Fuel Electric Power Generation: 100% candidate rate, above the 82% split","Sector Fossil-Fuel Electric Power Generation: 100% candidate rate, above the 89% split",
G10121,Fort Saskatchewan Nitrogen Operation,Alberta,FORT SASKATCHEWAN,Chemical Fertilizer (except Potash) Manufacturing,325313,Agrium Inc.,592960.8902904761,584966.8848571429,6381.539502857144,1612.4659428571429,21,0.9865184946187308,0.0107621592036719,0.0027193461984773,Above Threshold,CCS Candidate,13.292885409962738,0.8310643196028076,4,CCS Candidate,unanimous,"Sector Chemical Fertilizer (except Potash) Manufacturing: 83% candidate rate, above the 82% split","Sector Chemical Fertilizer (except Potash) Manufacturing: 83% candidate rate, below the 89% split","Reporting history: 21 years, above the 2-year split"
G10123,Foster Creek Cogeneration Facility,Alberta,BONNYVILLE,Fossil-Fuel Electric Power Generation,221112,EnCana Corporation,488123.65674,482307.68278,1057.7840112,4744.559947,5,0.988085039764631,0.0021670410696022,0.0097199959098216,Above Threshold,CCS Candidate,13.098326096354327,0.999655070570997,4,CCS Candidate,unanimous,"Sector Fossil-Fuel Electric Power Generation: 100% candidate rate, above the 82% split","Sector Fossil-Fuel Electric Power Generation: 100% candidate rate, above the 89% split",
G10124,Foster Creek SAGD Bitumen Battery,Alberta,BONNYVILLE,Non-Conventional Oil Extraction,211114,EnCana Corporation,463022.52868,460771.15068,1578.8080000000002,672.57,5,0.99513764911954,0.0034097865702148,0.001452564310245,Above Threshold,CCS Candidate,13.045533149660557,0.9843482452987367,4,CCS Candidate,unanimous,"Sector Non-Conventional Oil Extraction: 98% candidate rate, above the 82% split","Sector Non-Conventional Oil Extraction: 98% candidate rate, above the 89% split",
G10126,Gathering,British Columbia,FORT ST. JOHN,Pipeline Transportation of Natural Gas,486210,Duke Energy Gas Transmission,167724.19963190478,128489.17732380952,37322.039626666665,1912.982668809524,21,0.766074171799882,0.2225203024284827,0.0114055256963982,Above Threshold,Potential CU Candidate,12.030082202663827,0.6866805067090249,1,Potential CU Candidate,majority,"Sector Pipeline Transportation of Natural Gas: 69% candidate rate, below the 82% split","Sector Pipeline Transportation of Natural Gas: 69% candidate rate, below the 75% split","Sector Pipeline Transportation of Natural Gas: 69% candidate rate, above the 67% split"
G10127,Genesee Thermal Generating Station,Alberta,WARBURG,Fossil-Fuel Electric Power Generation,221112,EPCOR,8708784.827523809,8661817.208190477,3076.8227266666668,43885.81375,21,0.9946068687809472,0.0003533010388478,0.0050392580158026,Above Threshold,CCS Candidate,15.979842939286575,0.999655070570997,4,CCS Candidate,unanimous,"Sector Fossil-Fuel Electric Power Generation: 100% candidate rate, above the 82% split","Sector Fossil-Fuel Electric Power Generation: 100% candidate rate, above the 89% split",
G10128,Gerdau AmeriSteel Whitby,Ontario,WHITBY,Iron and Steel Mills and Ferro-Alloy Manufacturing,331110,Gerdau AmeriSteel Whitby,112180.95823380952,111733.26857190476,35.42229066666667,340.5870983333333,21,0.9960092187751538,0.0003157602789667,0.0030360508921975,Above Threshold,CCS Candidate,11.627877459085845,0.8487338634231345,4,CCS Candidate,unanimous,"Sector Iron and Steel Mills and Ferro-Alloy Manufacturing: 85% candidate rate, above the 82% split","Sector Iron and Steel Mills and Ferro-Alloy Manufacturing: 85% candidate rate, below the 89% split","Reporting history: 21 years, above the 2-year split"
G10129,Grand Lake Generating Station,New Brunswick,NEWCASTLE CREEK,Fossil-Fuel Electric Power Generation,221112,Dalhousie Generating Station,231965.7142857143,231965.7142857143,0.0,0.0,7,1.0,0.0,0.0,Above Threshold,CCS Candidate,12.35434916744882,0.999655070570997,4,CCS Candidate,unanimous,"Sector Fossil-Fuel Electric Power Generation: 100% candidate rate, above the 82% split","Sector Fossil-Fuel Electric Power Generation: 100% candidate rate, above the 89% split",
G10130,Grande Prairie Operations,Alberta,GRANDE PRAIRIE,Chemical Pulp Mills,322112,Weyerhaeuser Company,138804.4999857143,96611.60223714286,34660.17487952381,7492.871201666667,21,0.6960264418450849,0.249704979904045,0.0539814717998179,Above Threshold,Potential CU Candidate,11.840828951527088,0.7856137302487847,4,CCS Candidate,unanimous,"Sector Chemical Pulp Mills: 79% candidate rate, below the 82% split","Sector Chemical Pulp Mills: 79% candidate rate, above the 75% split","Scale: 0.14 Mt/yr, below the 0.21 Mt split"
G10131,Greenhills Operations,British Columbia,ELKFORD,Bituminous Coal Mining,212114,Elk Valley Coal Corporation,400051.03139523807,259491.22924285717,133385.94279809523,7173.859369047619,21,0.6486453199179177,0.3334223194798216,0.0179323606391607,Above Threshold,Potential CU Candidate,12.89934989611874,0.5934851918418639,0,Potential CU Candidate,unanimous,"Sector Bituminous Coal Mining: 59% candidate rate, below the 82% split","Sector Bituminous Coal Mining: 59% candidate rate, below the 75% split","Sector Bituminous Coal Mining: 59% candidate rate, below the 67% split"
G10132,H.R. Milner Generating Station,Alberta,GRANDE CACHE,Fossil-Fuel Electric Power Generation,221112,Milner Power Inc.,639656.6312287222,636183.9695213333,656.5776684444444,2816.083994722222,18,0.9945710533779378,0.0010264533132146,0.0044024932397132,Above Threshold,CCS Candidate,13.368688360993287,0.999655070570997,4,CCS Candidate,unanimous,"Sector Fossil-Fuel Electric Power Generation: 100% candidate rate, above the 82% split","Sector Fossil-Fuel Electric Power Generation: 100% candidate rate, above the 89% split",
G10133,Hamilton,Ontario,HAMILTON,All Other Basic Inorganic Chemical Manufacturing,325189,Columbian Chemicals Canada Ltd.,208959.85420476188,208925.5682619048,3.6368,30.649142857142856,21,0.9998359209093652,1.7404300045291298e-05,0.0001466747905897,Above Threshold,CCS Candidate,12.249902212948342,0.8434276124255634,4,CCS Candidate,unanimous,"Sector All Other Basic Inorganic Chemical Manufacturing: 84% candidate rate, above the 82% split","Sector All Other Basic Inorganic Chemical Manufacturing: 84% candidate rate, below the 89% split","Reporting history: 21 years, above the 2-year split"
G10134,Hangingstone SAGD Demonstration Facility,Alberta,RM OF WOOD BUFFALO,Non-Conventional Oil Extraction,211114,Japan Canada Oil Sands Limited,199925.87764888888,197651.38232666667,944.0495477777778,1330.4457794444445,18,0.9886233070527434,0.0047219977667709,0.006654695205495,Above Threshold,CCS Candidate,12.205706966922344,0.9843482452987367,4,CCS Candidate,unanimous,"Sector Non-Conventional Oil Extraction: 98% candidate rate, above the 82% split","Sector Non-Conventional Oil Extraction: 98% candidate rate, above the 89% split",
G10135,Hanlan Robb Gas Plant,Alberta,EDSON,Conventional Oil and Gas Extraction,211113,Petro-Canada,275540.4384095238,258695.8501190476,16291.88250095238,552.705793095238,21,0.9388670919313816,0.059127010884473,0.0020058971971067,Above Threshold,CCS Candidate,12.526493307914222,0.8042618841939829,4,CCS Candidate,unanimous,"Sector Conventional Oil and Gas Extraction: 80% candidate rate, below the 82% split","Sector Conventional Oil and Gas Extraction: 80% candidate rate, above the 75% split","Scale: 0.28 Mt/yr, above the 0.21 Mt split"
G10136,Harmac Pulp Operations,British Columbia,NANAIMO,Chemical Pulp Mills,322112,Pope & Talbot Ltd.,118169.16845238097,108590.85749809524,2557.7883973333333,6880.375427142857,21,0.918944077548066,0.0216451417136277,0.0582247934656108,Above Threshold,CCS Candidate,11.679880970140896,0.7856137302487847,2,Potential CU Candidate,contested,"Sector Chemical Pulp Mills: 79% candidate rate, below the 82% split","Sector Chemical Pulp Mills: 79% candidate rate, above the 75% split","Scale: 0.12 Mt/yr, below the 0.21 Mt split"
G10137,Harmattan Gas Processing Plant,Alberta,DIDSBURY,Conventional Oil and Gas Extraction,211113,SOLEX Gas Processing Corp.,351365.8401333333,326179.07663809526,21832.82128619048,3353.9422142857143,21,0.9283175521966496,0.0621370059135673,0.0095454419046911,Above Threshold,CCS Candidate,12.769586085266347,0.8042618841939829,4,CCS Candidate,unanimous,"Sector Conventional Oil and Gas Extraction: 80% candidate rate, below the 82% split","Sector Conventional Oil and Gas Extraction: 80% candidate rate, above the 75% split","Scale: 0.35 Mt/yr, above the 0.21 Mt split"
G10142,Hibernia Platform,Newfoundland and Labrador,ST. JOHN'S,Conventional Oil and Gas Extraction,211113,Hibernia Management and Development Company Limite,565461.6054380952,521680.2287047619,40301.08329485714,3480.2934445238097,21,0.9225740946648122,0.0712711224020835,0.0061547829437993,Above Threshold,CCS Candidate,13.245399445805605,0.8042618841939829,4,CCS Candidate,unanimous,"Sector Conventional Oil and Gas Extraction: 80% candidate rate, below the 82% split","Sector Conventional Oil and Gas Extraction: 80% candidate rate, above the 75% split","Scale: 0.57 Mt/yr, above the 0.21 Mt split"
G10143,Highvale Coal Mine,Alberta,DUFFIELD,Subbituminous Coal Mining,212115,TransAlta Corporation,179440.42134210526,77819.63877894737,100856.2937123158,764.4888484210526,19,0.4336795366222604,0.5620600584749637,0.0042604048892838,Above Threshold,Potential CU Candidate,12.097604090150822,0.6966592011420547,0,Potential CU Candidate,unanimous,"Sector Subbituminous Coal Mining: 70% candidate rate, below the 82% split","Sector Subbituminous Coal Mining: 70% candidate rate, below the 75% split","Sector Subbituminous Coal Mining: 70% candidate rate, above the 67% split"
G10144,Hinton Pulp,Alberta,HINTON,Chemical Pulp Mills,322112,West Fraser Mills Limited,180472.77162380956,144896.12542857142,28009.05313904762,7567.593062380953,21,0.802869730014472,0.1551982212443199,0.0419320487755094,Above Threshold,Potential CU Candidate,12.103340736633232,0.7856137302487847,4,CCS Candidate,unanimous,"Sector Chemical Pulp Mills: 79% candidate rate, below the 82% split","Sector Chemical Pulp Mills: 79% candidate rate, above the 75% split","Scale: 0.18 Mt/yr, below the 0.21 Mt split"
G10145,Holyrood Thermal Generating Station,Newfoundland and Labrador,HOLYROOD,Fossil-Fuel Electric Power Generation,221112,NL Hydro,899171.5169142857,894015.3522619049,273.67466666666667,4882.489963571429,21,0.9942656494835652,0.0003043631404226,0.0054299873513863,Above Threshold,CCS Candidate,13.709230193724634,0.999655070570997,4,CCS Candidate,unanimous,"Sector Fossil-Fuel Electric Power Generation: 100% candidate rate, above the 82% split","Sector Fossil-Fuel Electric Power Generation: 100% candidate rate, above the 89% split",
G10146,Howe Sound Pulp and Paper,British Columbia,PORT MELLON,Chemical Pulp Mills,322112,Howe Sound Pulp and Paper,103955.74659842106,91758.8564136842,3080.4410781052634,9097.927530263158,19,0.8826722852383218,0.0296322346662079,0.0875173122021649,Above Threshold,CCS Candidate,11.551730193521806,0.7856137302487847,0,Potential CU Candidate,unanimous,"Sector Chemical Pulp Mills: 79% candidate rate, below the 82% split","Sector Chemical Pulp Mills: 79% candidate rate, above the 75% split","Scale: 0.10 Mt/yr, below the 0.21 Mt split"
G10147,Husky Lloydminster Upgrader,Saskatchewan,LLOYDMINSTER,Non-Conventional Oil Extraction,211114,Husky Oil Operations Limited,1144864.583076191,1008433.6578142856,133446.63552142857,2984.2896761904763,21,0.880832259746107,0.116561065381955,0.0026066748157863,Above Threshold,CCS Candidate,13.950797793385895,0.9843482452987367,4,CCS Candidate,unanimous,"Sector Non-Conventional Oil Extraction: 98% candidate rate, above the 82% split","Sector Non-Conventional Oil Extraction: 98% candidate rate, above the 89% split",
G10148,Interquisa Canada s.e.c.,Quebec,MONTRÉAL-EST,Other Basic Organic Chemical Manufacturing,325190,Interquisa Canada s.e.c.,107389.68495904763,106707.87327666668,455.27840133333336,226.3390238095238,21,0.9936510505395284,0.0042394984351332,0.002107642124994,Above Threshold,CCS Candidate,11.58422872507056,0.8443225151990559,4,CCS Candidate,unanimous,"Sector Other Basic Organic Chemical Manufacturing: 84% candidate rate, above the 82% split","Sector Other Basic Organic Chemical Manufacturing: 84% candidate rate, below the 89% split","Reporting history: 21 years, above the 2-year split"
G10149,INVISTA (Canada) Company- Maitland Site,Ontario,MAITLAND,Other Basic Organic Chemical Manufacturing,325190,INVISTA (Canada) Company,671210.0807271429,198480.76708857145,3279.193489047619,469375.5319847619,21,0.2957058792584744,0.0048854949936019,0.6992975008305488,Above Threshold,Potential CU Candidate,13.41683894282953,0.8443225151990559,4,CCS Candidate,unanimous,"Sector Other Basic Organic Chemical Manufacturing: 84% candidate rate, above the 82% split","Sector Other Basic Organic Chemical Manufacturing: 84% candidate rate, below the 89% split","Reporting history: 21 years, above the 2-year split"
G10150,IPSCO Saskatchewan Inc.,Saskatchewan,REGINA,Iron and Steel Mills and Ferro-Alloy Manufacturing,331110,IPSCO Saskatchewan Inc.,215129.3008095238,214332.0211238095,81.98238266666667,713.2889030952381,21,0.9962939512064876,0.0003810842240372,0.0033156287888779,Above Threshold,CCS Candidate,12.278999173812352,0.8487338634231345,4,CCS Candidate,unanimous,"Sector Iron and Steel Mills and Ferro-Alloy Manufacturing: 85% candidate rate, above the 82% split","Sector Iron and Steel Mills and Ferro-Alloy Manufacturing: 85% candidate rate, below the 89% split","Reporting history: 21 years, above the 2-year split"
G10151,Iroquois Falls Generating Station,Ontario,IROQUOIS FALLS,Fossil-Fuel Electric Power Generation,221112,Northland Power Inc.,213395.28621590475,211100.89834761905,965.8774933333334,1326.2722776190476,21,0.98924817924064,0.0045262363122496,0.0062150964116291,Above Threshold,CCS Candidate,12.270906214773824,0.999655070570997,4,CCS Candidate,unanimous,"Sector Fossil-Fuel Electric Power Generation: 100% candidate rate, above the 82% split","Sector Fossil-Fuel Electric Power Generation: 100% candidate rate, above the 89% split",
G10152,Joffre LAO Plant,Alberta,JOFFRE,Petrochemical Manufacturing,325110,BP Canada Chemical Compny,137393.5637809524,136515.3395952381,111.46844533333334,766.7557447619047,21,0.9936079670579442,0.0008113076207197,0.0055807253532221,Above Threshold,CCS Candidate,11.830612093074665,0.8553760801292877,4,CCS Candidate,unanimous,"Sector Petrochemical Manufacturing: 86% candidate rate, above the 82% split","Sector Petrochemical Manufacturing: 86% candidate rate, below the 89% split","Reporting history: 21 years, above the 2-year split"
G10153,Joliette,Quebec,JOLIETTE,Lime Manufacturing,327410,Graymont (QC). Inc.,122636.82992636364,122420.2813990909,22.438436363636363,194.11009090909093,11,0.9982342292490538,0.0001829665393104,0.0015828042116356,Above Threshold,CCS Candidate,11.716990818724788,0.8588131967589057,4,CCS Candidate,unanimous,"Sector Lime Manufacturing: 86% candidate rate, above the 82% split","Sector Lime Manufacturing: 86% candidate rate, below the 89% split","Reporting history: 11 years, above the 2-year split"
G10154,Joliette Plant,Quebec,JOLIETTE,Cement Manufacturing,327310,St. Lawrence Cement Inc.,692134.3583714286,691231.7366666667,114.65586666666668,786.7799145238096,21,0.998695886580626,0.000165655505004,0.001136744484662,Above Threshold,CCS Candidate,13.447536820054712,0.8965301449258793,4,CCS Candidate,unanimous,"Sector Cement Manufacturing: 90% candidate rate, above the 82% split","Sector Cement Manufacturing: 90% candidate rate, above the 89% split",
G10157,Kamloops Cellulose Fibers,British Columbia,KAMLOOPS,Chemical Pulp Mills,322112,Weyerhaeuser Company Limited,117451.24052571428,90986.39691428572,11682.32034552381,14782.523267619048,21,0.7746737838359872,0.0994652784698866,0.1258609377087219,Above Threshold,Potential CU Candidate,11.673787066326684,0.7856137302487847,4,CCS Candidate,unanimous,"Sector Chemical Pulp Mills: 79% candidate rate, below the 82% split","Sector Chemical Pulp Mills: 79% candidate rate, above the 75% split","Scale: 0.12 Mt/yr, below the 0.21 Mt split"
G10159,Kaybob Amalgamated Facility,Alberta,FOX CREEK,Conventional Oil and Gas Extraction,211113,Central Alberta Midstream,216469.88473809525,199983.6389095238,13639.147149428572,2847.0986714285714,21,0.9238404646978124,0.0630071345301931,0.0131524007363576,Above Threshold,CCS Candidate,12.285211335801986,0.8042618841939829,4,CCS Candidate,unanimous,"Sector Conventional Oil and Gas Extraction: 80% candidate rate, below the 82% split","Sector Conventional Oil and Gas Extraction: 80% candidate rate, above the 75% split","Scale: 0.22 Mt/yr, above the 0.21 Mt split"
G10160,Kaybob South #3 Gas Plant,Alberta,FOX CREEK,Conventional Oil and Gas Extraction,211113,Central Alberta Midstream,388509.7327714286,380270.1747761905,6571.774166666667,1667.7838221428572,21,0.97879188782103,0.0169153398546466,0.0042927723077765,Above Threshold,CCS Candidate,12.870076074589528,0.8042618841939829,4,CCS Candidate,unanimous,"Sector Conventional Oil and Gas Extraction: 80% candidate rate, below the 82% split","Sector Conventional Oil and Gas Extraction: 80% candidate rate, above the 75% split","Scale: 0.39 Mt/yr, above the 0.21 Mt split"
G10161,Keele Valley Landfill,Ontario,MAPLE,Waste Treatment and Disposal,562210,City of Toronto,503918.01802380953,13014.944223380951,490890.2158047619,12.858001904761904,21,0.0258275032006615,0.9741469807526668,2.551605905100694e-05,Above Threshold,Potential CU Candidate,13.13017085561914,0.35073717496627627,0,Potential CU Candidate,unanimous,"Sector Waste Treatment and Disposal: 35% candidate rate, below the 82% split","Sector Waste Treatment and Disposal: 35% candidate rate, below the 75% split","Sector Waste Treatment and Disposal: 35% candidate rate, below the 67% split"
G10162,Keephills Generating Plant,Alberta,DUFFIELD,Fossil-Fuel Electric Power Generation,221112,TransAlta Corporation,6636442.882952381,6598862.392333333,2295.460972,35285.0296147619,21,0.9943372539654364,0.0003458872490105,0.0053168587806883,Above Threshold,CCS Candidate,15.708086818192916,0.999655070570997,4,CCS Candidate,unanimous,"Sector Fossil-Fuel Electric Power Generation: 100% candidate rate, above the 82% split","Sector Fossil-Fuel Electric Power Generation: 100% candidate rate, above the 89% split",
G10163,"Kenora compressor station - 49, Ontario",Ontario,KENORA,Pipeline Transportation of Natural Gas,486210,TransCanada PipeLines Ltd.,1334796.9537809524,1132032.1361333334,191773.42546666667,10991.392230714286,21,0.8480931372571189,0.14367235774958,0.0082345050305816,Above Threshold,Potential CU Candidate,14.104290492880171,0.6866805067090249,2,Potential CU Candidate,contested,"Sector Pipeline Transportation of Natural Gas: 69% candidate rate, below the 82% split","Sector Pipeline Transportation of Natural Gas: 69% candidate rate, below the 75% split","Sector Pipeline Transportation of Natural Gas: 69% candidate rate, above the 67% split"
G10165,Kirkland Lake Generating Station,Ontario,KIRKLAND LAKE,Fossil-Fuel Electric Power Generation,221112,Northland Power Inc.,233041.2506742857,228114.6155204762,1836.317884,3090.317274047619,21,0.9788593858831658,0.0078797975838473,0.0132608165511729,Above Threshold,CCS Candidate,12.358975049474962,0.999655070570997,4,CCS Candidate,unanimous,"Sector Fossil-Fuel Electric Power Generation: 100% candidate rate, above the 82% split","Sector Fossil-Fuel Electric Power Generation: 100% candidate rate, above the 89% split",
G10166,Kitimat Ammonia Plants,British Columbia,KITIMAT,Chemical Fertilizer (except Potash) Manufacturing,325313,Methanex,157929.25375,157643.74375000002,224.56,60.95,2,0.9981921652054916,0.001421902495376,0.0003859322991323,Above Threshold,CCS Candidate,11.969908782587307,0.8310643196028076,3,CCS Candidate,majority,"Sector Chemical Fertilizer (except Potash) Manufacturing: 83% candidate rate, above the 82% split","Sector Chemical Fertilizer (except Potash) Manufacturing: 83% candidate rate, below the 89% split","Reporting history: 2 years, below the 2-year split"
G10167,Kitimat Methanol Plant,British Columbia,KITIMAT,Other Basic Organic Chemical Manufacturing,325190,Methanex,407993.7478,406516.1578,817.74,659.85,2,0.9963784003848896,0.0020042954197446,0.0016173041953659,Above Threshold,CCS Candidate,12.919009580264223,0.8443225151990559,4,CCS Candidate,unanimous,"Sector Other Basic Organic Chemical Manufacturing: 84% candidate rate, above the 82% split","Sector Other Basic Organic Chemical Manufacturing: 84% candidate rate, below the 89% split","Reporting history: 2 years, below the 2-year split"
G10168,"KRONOS Canada, Inc.",Quebec,VARENNES,All Other Basic Inorganic Chemical Manufacturing,325189,"KRONOS Canada, Inc.",175310.79144285715,174776.1432142857,55.04614533333333,479.6020854761905,21,0.99695028341284,0.0003139917678785,0.0027357248320478,Above Threshold,CCS Candidate,12.074321333010312,0.8434276124255634,4,CCS Candidate,unanimous,"Sector All Other Basic Inorganic Chemical Manufacturing: 84% candidate rate, above the 82% split","Sector All Other Basic Inorganic Chemical Manufacturing: 84% candidate rate, below the 89% split","Reporting history: 21 years, above the 2-year split"
G10170,Lafarge - Richmond,British Columbia,RICHMOND,Cement Manufacturing,327310,Lafarge Canada,692136.3466238094,691372.540452381,319.167772,444.638401904762,21,0.9988964512914916,0.0004611342455238,0.0006424144665623,Above Threshold,CCS Candidate,13.447539692685767,0.8965301449258793,4,CCS Candidate,unanimous,"Sector Cement Manufacturing: 90% candidate rate, above the 82% split","Sector Cement Manufacturing: 90% candidate rate, above the 89% split",
G10171,Lafarge Bath Cement Plant,Ontario,BATH,Cement Manufacturing,327310,Lafarge North America,736298.6244809524,735388.5540809524,326.210664,583.8597357142856,21,0.9987639928016414,0.0004430412514079,0.0007929659465626,Above Threshold,CCS Candidate,13.509392413348465,0.8965301449258793,4,CCS Candidate,unanimous,"Sector Cement Manufacturing: 90% candidate rate, above the 82% split","Sector Cement Manufacturing: 90% candidate rate, above the 89% split",
G10172,Lafarge Canada Inc. - Woodstock Plant,Ontario,WOODSTOCK,Cement Manufacturing,327310,Lafarge Canada Inc.,431153.4,431153.4,0.0,0.0,5,1.0,0.0,0.0,Above Threshold,CCS Candidate,12.974221541593383,0.8965301449258793,4,CCS Candidate,unanimous,"Sector Cement Manufacturing: 90% candidate rate, above the 82% split","Sector Cement Manufacturing: 90% candidate rate, above the 89% split",
G10173,Lafarge Kamloops Plant,British Columbia,KAMLOOPS,Cement Manufacturing,327310,Lafarge Canada Inc.,132027.47505433334,131122.47947333334,169.30256000000003,735.6930176666667,15,0.9931453996175602,0.0012823282421354,0.0055722721150571,Above Threshold,CCS Candidate,11.790772898412856,0.8965301449258793,4,CCS Candidate,unanimous,"Sector Cement Manufacturing: 90% candidate rate, above the 82% split","Sector Cement Manufacturing: 90% candidate rate, above the 89% split",
G10174,Lakeview Generating Station,Ontario,MISSISSAUGA,Fossil-Fuel Electric Power Generation,221112,OPG,1522631.5,1519910.5,336.0,2385.0,2,0.9982129622301916,0.0002206705956102,0.001566367174198,Above Threshold,CCS Candidate,14.235951302694094,0.999655070570997,4,CCS Candidate,unanimous,"Sector Fossil-Fuel Electric Power Generation: 100% candidate rate, above the 82% split","Sector Fossil-Fuel Electric Power Generation: 100% candidate rate, above the 89% split",
G10175,Lambton Generating Station,Ontario,COURTRIGHT,Fossil-Fuel Electric Power Generation,221112,OPG,4955864.4484,4926745.5875,9908.7676688,19198.3711015,10,0.994124362923324,0.0019994024800252,0.0038738692919049,Above Threshold,CCS Candidate,15.41608237212937,0.999655070570997,4,CCS Candidate,unanimous,"Sector Fossil-Fuel Electric Power Generation: 100% candidate rate, above the 82% split","Sector Fossil-Fuel Electric Power Generation: 100% candidate rate, above the 89% split",
G10176,Lehigh Inland Cement,Alberta,EDMONTON,Cement Manufacturing,327310,Lehigh Inland Cement Limited,685987.7570190476,685339.1687428572,144.56670266666666,504.0215704761905,21,0.9990545191666264,0.0002107423947256,0.0007347384342053,Above Threshold,CCS Candidate,13.438616517388656,0.8965301449258793,4,CCS Candidate,unanimous,"Sector Cement Manufacturing: 90% candidate rate, above the 82% split","Sector Cement Manufacturing: 90% candidate rate, above the 89% split",
G10177,Lennox Generating Station,Ontario,GREATER NAPANEE,Fossil-Fuel Electric Power Generation,221112,OPG,221851.85904761904,220576.08714285717,390.56,867.3071428571429,21,0.9942494423520334,0.0017604540330499,0.0039093976790655,Above Threshold,CCS Candidate,12.309769644024527,0.999655070570997,4,CCS Candidate,unanimous,"Sector Fossil-Fuel Electric Power Generation: 100% candidate rate, above the 82% split","Sector Fossil-Fuel Electric Power Generation: 100% candidate rate, above the 89% split",
G10178,Lingan Generating Station,Nova Scotia,LINGAN,Fossil-Fuel Electric Power Generation,221112,Nova Scotia Power Incorporated,2999659.990714285,2972082.7043809528,3214.3706535238093,6141.867256666666,21,0.9908065292670832,0.0010715783333691,0.0020475211442894,Above Threshold,CCS Candidate,14.914009837151816,0.999655070570997,4,CCS Candidate,unanimous,"Sector Fossil-Fuel Electric Power Generation: 100% candidate rate, above the 82% split","Sector Fossil-Fuel Electric Power Generation: 100% candidate rate, above the 89% split",
G10179,"Mackay River Power Plant, Alberta",Alberta,FORT MCMURRAY,Fossil-Fuel Electric Power Generation,221112,TransCanada Energy Ltd.,789013.9463761905,781712.0651333333,1543.7664586666667,5757.02742952381,21,0.9907455612459152,0.0019565768967163,0.0072964837389312,Above Threshold,CCS Candidate,13.57854054309116,0.999655070570997,4,CCS Candidate,unanimous,"Sector Fossil-Fuel Electric Power Generation: 100% candidate rate, above the 82% split","Sector Fossil-Fuel Electric Power Generation: 100% candidate rate, above the 89% split",
G10180,"MacKay River, In-Situ Oil Sands Plant",Alberta,FORT MCMURRAY,Non-Conventional Oil Extraction,211114,Petro-Canada,253155.00007571423,250713.40861380956,1288.946296,1152.6451735714286,21,0.9903553496428098,0.0050915300729375,0.0045531203145373,Above Threshold,CCS Candidate,12.441761178779092,0.9843482452987367,4,CCS Candidate,unanimous,"Sector Non-Conventional Oil Extraction: 98% candidate rate, above the 82% split","Sector Non-Conventional Oil Extraction: 98% candidate rate, above the 89% split",
G10183,Marbleton,Quebec,MARBLETON,Lime Manufacturing,327410,Graymont (QC). Inc.,225134.59005714284,224677.8413285714,74.801444,381.9472888095238,21,0.9979712192228858,0.0003322521163052,0.0016965286796337,Above Threshold,CCS Candidate,12.324458122158738,0.8588131967589057,4,CCS Candidate,unanimous,"Sector Lime Manufacturing: 86% candidate rate, above the 82% split","Sector Lime Manufacturing: 86% candidate rate, below the 89% split","Reporting history: 21 years, above the 2-year split"
G10184,McMahon Cogen Plant,British Columbia,TAYLOR,Fossil-Fuel Electric Power Generation,221112,Duke Energy Gas Transmission,511566.5058809524,507531.1223952381,687.177404,3348.2060747619043,21,0.9921117128675868,0.0013432806802248,0.0065450064385979,Above Threshold,CCS Candidate,13.14523483197256,0.999655070570997,4,CCS Candidate,unanimous,"Sector Fossil-Fuel Electric Power Generation: 100% candidate rate, above the 82% split","Sector Fossil-Fuel Electric Power Generation: 100% candidate rate, above the 89% split",
G10185,McMahon Gas Plant,British Columbia,TAYLOR,Conventional Oil and Gas Extraction,211113,Duke Energy Gas Transmission,275083.10018571425,267625.29969523806,6951.850418285713,505.9500638095238,21,0.9728889179835428,0.0252718193651023,0.0018392626208878,Above Threshold,CCS Candidate,12.524832148752797,0.8042618841939829,4,CCS Candidate,unanimous,"Sector Conventional Oil and Gas Extraction: 80% candidate rate, below the 82% split","Sector Conventional Oil and Gas Extraction: 80% candidate rate, above the 75% split","Scale: 0.28 Mt/yr, above the 0.21 Mt split"
G10186,Meridian Generating Facility,Saskatchewan,LLOYDMINSTER,Fossil-Fuel Electric Power Generation,221112,TransAlta Corporation,858567.1915,849958.1365,2921.33644,5687.7185597619045,21,0.9899727649912186,0.0034025717135733,0.0066246632949308,Above Threshold,CCS Candidate,13.663021387149469,0.999655070570997,4,CCS Candidate,unanimous,"Sector Fossil-Fuel Electric Power Generation: 100% candidate rate, above the 82% split","Sector Fossil-Fuel Electric Power Generation: 100% candidate rate, above the 89% split",
G10187,Mildred Lake and Aurora North Plant Sites,Alberta,FORT MCMURRAY,Non-Conventional Oil Extraction,211114,Syncrude Canada Ltd.,12115063.332380952,11289510.288904762,717163.3052904762,108202.05918523807,21,0.9318573068231788,0.0591960013426965,0.0089312004581963,Above Threshold,CCS Candidate,16.30996022236154,0.9843482452987367,4,CCS Candidate,unanimous,"Sector Non-Conventional Oil Extraction: 98% candidate rate, above the 82% split","Sector Non-Conventional Oil Extraction: 98% candidate rate, above the 89% split",
G10188,Mine de Mont-Wright,Quebec,FERMONT,Iron Ore Mining,212210,Compagnie Minière Québec Cartier,217248.34866190475,204225.24453333332,268.1030666666667,12648.877722857143,21,0.9400543009473514,0.0012340856366365,0.0582231248281758,Above Threshold,CCS Candidate,12.288801045019138,0.8434276124255634,4,CCS Candidate,unanimous,"Sector Iron Ore Mining: 84% candidate rate, above the 82% split","Sector Iron Ore Mining: 84% candidate rate, below the 89% split","Reporting history: 21 years, above the 2-year split"
G10189,Mines Wabush - Sept_Iles,Quebec,SEPT-ILES,Iron Ore Mining,212210,Mines Wabush,447240.34624,445345.03914,153.3084,1741.9987,10,0.9957622179753368,0.0003427874995824,0.0038949945250807,Above Threshold,CCS Candidate,13.010853652363204,0.8434276124255634,4,CCS Candidate,unanimous,"Sector Iron Ore Mining: 84% candidate rate, above the 82% split","Sector Iron Ore Mining: 84% candidate rate, below the 89% split","Reporting history: 10 years, above the 2-year split"
G10190,Mississauga Cogeneration Plant,Ontario,MISSISSAUGA,Fossil-Fuel Electric Power Generation,221112,TransAlta Corporation,363860.0203769231,361027.82938461535,562.2804944615384,2269.9105,13,0.9922162622060708,0.0015453209008207,0.0062384168990278,Above Threshold,CCS Candidate,12.804527261558748,0.999655070570997,4,CCS Candidate,unanimous,"Sector Fossil-Fuel Electric Power Generation: 100% candidate rate, above the 82% split","Sector Fossil-Fuel Electric Power Generation: 100% candidate rate, above the 89% split",
G10191,Mississauga Lubricant Center,Ontario,MISSISSAUGA,Other Petroleum and Coal Products Manufacturing,324190,Petro-Canada,423126.9500571429,417060.0177428572,3946.635110666667,2120.297203809524,21,0.9856616736100916,0.0093273073486188,0.0050110190417395,Above Threshold,CCS Candidate,12.955429894694428,0.8385102660425425,4,CCS Candidate,unanimous,"Sector Other Petroleum and Coal Products Manufacturing: 84% candidate rate, above the 82% split","Sector Other Petroleum and Coal Products Manufacturing: 84% candidate rate, below the 89% split","Reporting history: 21 years, above the 2-year split"
G10192,Mississauga Plant,Ontario,MISSISSAUGA,Cement Manufacturing,327310,St. Lawrence Cement Inc.,1056913.4547761905,1053037.0799380953,2911.04922,965.3255952380952,21,0.9963323630515084,0.0027542928958326,0.0009133440310328,Above Threshold,CCS Candidate,13.87086432948277,0.8965301449258793,4,CCS Candidate,unanimous,"Sector Cement Manufacturing: 90% candidate rate, above the 82% split","Sector Cement Manufacturing: 90% candidate rate, above the 89% split",
G10193,Mohawk Street Landfill,Ontario,BRANTFORD,Waste Treatment and Disposal,562210,The Corporation of the City of Brantford,117857.42714,8405.65497252381,109449.93144952382,1.840715238095238,21,0.071320536825727,0.9286638449990162,1.561815222649224e-05,Above Threshold,Potential CU Candidate,11.677239413147587,0.35073717496627627,0,Potential CU Candidate,unanimous,"Sector Waste Treatment and Disposal: 35% candidate rate, below the 82% split","Sector Waste Treatment and Disposal: 35% candidate rate, below the 75% split","Sector Waste Treatment and Disposal: 35% candidate rate, below the 67% split"
G10194,Montreal East Refinery,Quebec,MONTREAL,Petroleum Refineries,324110,Shell Canada Products,1067038.5605,1043881.875,1120.5109965,22036.1744425,8,0.978298173695664,0.001050112936851,0.0206517133103176,Above Threshold,CCS Candidate,13.88039860597896,0.8965301449258793,4,CCS Candidate,unanimous,"Sector Petroleum Refineries: 90% candidate rate, above the 82% split","Sector Petroleum Refineries: 90% candidate rate, above the 89% split",
G10195,Mosaic Potash Belle Plaine,Saskatchewan,BELLE PLAINE,Potash Mining,212396,Mosaic Potash Belle Plaine,647512.8554333333,643114.0350428572,1156.1011999999998,3242.7191904761908,21,0.993206589871436,0.0017854490305467,0.0050079610980172,Above Threshold,CCS Candidate,13.380895470679526,0.8408840542607965,4,CCS Candidate,unanimous,"Sector Potash Mining: 84% candidate rate, above the 82% split","Sector Potash Mining: 84% candidate rate, below the 89% split","Reporting history: 21 years, above the 2-year split"
G10196,Muskeg River Cogeneration Power Plant,Alberta,FORT MCMURRAY,Fossil-Fuel Electric Power Generation,221112,ATCO Power,1279487.968047619,1271182.691666667,2014.24682,6291.029522619048,21,0.9935089062278362,0.0015742600714515,0.0049168336707523,Above Threshold,CCS Candidate,14.061971312464012,0.999655070570997,4,CCS Candidate,unanimous,"Sector Fossil-Fuel Electric Power Generation: 100% candidate rate, above the 82% split","Sector Fossil-Fuel Electric Power Generation: 100% candidate rate, above the 89% split",
G10197,Muskeg River Mine,Alberta,FORT MCMURRAY,Non-Conventional Oil Extraction,211114,Albian Sands Energy Inc.,534668.5692272728,479646.11400000006,49490.356559090906,5435.291389999999,11,0.8970905372148701,0.0925626816452229,0.0101657207900874,Above Threshold,CCS Candidate,13.189404207455064,0.9843482452987367,4,CCS Candidate,unanimous,"Sector Non-Conventional Oil Extraction: 98% candidate rate, above the 82% split","Sector Non-Conventional Oil Extraction: 98% candidate rate, above the 89% split",
G10198,Nanticoke Generating Station,Ontario,NANTICOKE,Fossil-Fuel Electric Power Generation,221112,OPG,10294749.1757,10269875.59,6308.6450028,18564.9406215,10,0.9975838570444522,0.0006128022057779,0.0018033407424166,Above Threshold,CCS Candidate,16.147144631583295,0.999655070570997,4,CCS Candidate,unanimous,"Sector Fossil-Fuel Electric Power Generation: 100% candidate rate, above the 82% split","Sector Fossil-Fuel Electric Power Generation: 100% candidate rate, above the 89% split",
G10199,Nanticoke Refinery,Ontario,NANTICOKE,Petroleum Refineries,324110,Imperial Oil,1099760.7091095238,1088368.6990142856,6128.89242,5262.820512857143,21,0.9896413737998856,0.0055729327018443,0.0047854232918708,Above Threshold,CCS Candidate,13.910604086219095,0.8965301449258793,4,CCS Candidate,unanimous,"Sector Petroleum Refineries: 90% candidate rate, above the 82% split","Sector Petroleum Refineries: 90% candidate rate, above the 89% split",
G10200,Natural Gas Distribution System,Ontario,CHATHAM,Natural Gas Distribution,221210,Union Gas Limited,633825.8712333333,169444.45590686667,463211.5604533333,1169.8548666666668,15,0.2673359728550561,0.7308183232596529,0.0018457038750884,Above Threshold,Potential CU Candidate,13.359531122363476,0.6512258701427436,0,Potential CU Candidate,unanimous,"Sector Natural Gas Distribution: 65% candidate rate, below the 82% split","Sector Natural Gas Distribution: 65% candidate rate, below the 75% split","Sector Natural Gas Distribution: 65% candidate rate, below the 67% split"
G10201,Natural Gas Transmission System,Ontario,CHATHAM,Pipeline Transportation of Natural Gas,486210,Union Gas Limited,565776.24324,207700.05338,355793.47990000003,2282.71,5,0.36710635319464,0.6288589953203,0.0040346515557594,Above Threshold,Potential CU Candidate,13.245955716538791,0.6866805067090249,0,Potential CU Candidate,unanimous,"Sector Pipeline Transportation of Natural Gas: 69% candidate rate, below the 82% split","Sector Pipeline Transportation of Natural Gas: 69% candidate rate, below the 75% split","Sector Pipeline Transportation of Natural Gas: 69% candidate rate, above the 67% split"
G10202,Nevis Gas Plant,Alberta,STETTLER,Conventional Oil and Gas Extraction,211113,Duke Energy Field Services Canada,109830.53207375,95062.84978375,12445.31841725,2322.36387125,16,0.8655411932259086,0.1133138316118973,0.0211449751485366,Above Threshold,CCS Candidate,11.6067029441866,0.8042618841939829,3,CCS Candidate,majority,"Sector Conventional Oil and Gas Extraction: 80% candidate rate, below the 82% split","Sector Conventional Oil and Gas Extraction: 80% candidate rate, above the 75% split","Scale: 0.11 Mt/yr, below the 0.21 Mt split"
G10205,Norsk Hydro Canada inc,Quebec,BÉCANCOUR,Non-Ferrous Metal (except Aluminum) Smelting and Refining,331410,Norsk Hydro Canada inc,413625.694425,117867.394525,28.287,247.775,4,0.2849614908204696,6.83879178234395e-05,0.0005990319347651,Above Threshold,Potential CU Candidate,12.932719141740153,0.8033154424467096,4,CCS Candidate,unanimous,"Sector Non-Ferrous Metal (except Aluminum) Smelting and Refining: 80% candidate rate, below the 82% split","Sector Non-Ferrous Metal (except Aluminum) Smelting and Refining: 80% candidate rate, above the 75% split","Scale: 0.41 Mt/yr, above the 0.21 Mt split"
G10206,North Atlantic Refinery,Newfoundland and Labrador,COME BY CHANCE,Petroleum Refineries,324110,North Atlantic Refining Ltd.,916443.8615214286,912710.6570476192,2680.118064,1053.0864023809524,21,0.9959264231770708,0.0029244759843233,0.0011491008305,Above Threshold,CCS Candidate,13.728257182446011,0.8965301449258793,4,CCS Candidate,unanimous,"Sector Petroleum Refineries: 90% candidate rate, above the 82% split","Sector Petroleum Refineries: 90% candidate rate, above the 89% split",
G10207,Northwood Pulp Mill,British Columbia,PRINCE GEORGE,Chemical Pulp Mills,322112,CANFOR,164473.0956095238,152599.35073809524,4012.8656973333336,7851.808642142857,21,0.9278073728263858,0.0243983107538773,0.047739167388105,Above Threshold,CCS Candidate,12.010508363288974,0.7856137302487847,2,Potential CU Candidate,contested,"Sector Chemical Pulp Mills: 79% candidate rate, below the 82% split","Sector Chemical Pulp Mills: 79% candidate rate, above the 75% split","Scale: 0.16 Mt/yr, below the 0.21 Mt split"
G10208,NOVA Chemicals - Corunna Site,Ontario,CORUNNA,Petrochemical Manufacturing,325110,NOVA Chemicals,1220527.4049857142,1210566.871390476,4823.908416,5136.625178095238,21,0.9918391561266462,0.0039523147094402,0.0042085291629771,Above Threshold,CCS Candidate,14.014794441781298,0.8553760801292877,4,CCS Candidate,unanimous,"Sector Petrochemical Manufacturing: 86% candidate rate, above the 82% split","Sector Petrochemical Manufacturing: 86% candidate rate, below the 89% split","Reporting history: 21 years, above the 2-year split"
G10209,NOVA Chemicals - Sarnia Site,Ontario,SARNIA,Petrochemical Manufacturing,325110,NOVA Chemicals,131809.36711666666,130447.77326666666,560.1111653333332,564.0812588095238,21,0.9896699765746176,0.0042494033435239,0.0042795233081594,Above Threshold,CCS Candidate,11.789119555898496,0.8553760801292877,4,CCS Candidate,unanimous,"Sector Petrochemical Manufacturing: 86% candidate rate, above the 82% split","Sector Petrochemical Manufacturing: 86% candidate rate, below the 89% split","Reporting history: 21 years, above the 2-year split"
G10211,NOVA Chemicals Corporation (Joffre),Alberta,RED DEER,Petrochemical Manufacturing,325110,Joffre Petrochemical Plantsite,3046841.567142857,3028527.9833333334,6276.570593333333,11953.279388571427,21,0.9939893219237202,0.0020600252605911,0.0039231706425025,Above Threshold,CCS Candidate,14.929616388481657,0.8553760801292877,4,CCS Candidate,unanimous,"Sector Petrochemical Manufacturing: 86% candidate rate, above the 82% split","Sector Petrochemical Manufacturing: 86% candidate rate, below the 89% split","Reporting history: 21 years, above the 2-year split"
G10212,Oakville Refinery,Ontario,OAKVILLE,Petroleum Refineries,324110,Petro-Canada,428870.1409,424706.8252,2188.9994420000003,1974.31625,2,0.990292362878742,0.0051041078248215,0.0046035292777828,Above Threshold,CCS Candidate,12.96891178192732,0.8965301449258793,4,CCS Candidate,unanimous,"Sector Petroleum Refineries: 90% candidate rate, above the 82% split","Sector Petroleum Refineries: 90% candidate rate, above the 89% split",
G10213,Oshawa Car Assembly Plant,Ontario,OSHAWA,Automobile and Light-Duty Motor Vehicle Manufacturing,336110,General Motors of Canada Limited,114114.94254142858,113502.09117809524,93.38822133333332,482.04171333333335,21,0.9946295257248116,0.0008183697879831,0.004224176979788,Above Threshold,CCS Candidate,11.644970250379108,0.8385102660425425,4,CCS Candidate,unanimous,"Sector Automobile and Light-Duty Motor Vehicle Manufacturing: 84% candidate rate, above the 82% split","Sector Automobile and Light-Duty Motor Vehicle Manufacturing: 84% candidate rate, below the 89% split","Reporting history: 21 years, above the 2-year split"
G10214,Oshawa Truck Assembly Centre,Ontario,OSHAWA,Automobile and Light-Duty Motor Vehicle Manufacturing,336110,General Motors of Canada Limited,104504.16586666666,103783.08686666666,51.93066666666667,449.88166666666666,3,0.99309999755493,0.0004969243688612,0.0043049161048819,Above Threshold,CCS Candidate,11.556991783295958,0.8385102660425425,4,CCS Candidate,unanimous,"Sector Automobile and Light-Duty Motor Vehicle Manufacturing: 84% candidate rate, above the 82% split","Sector Automobile and Light-Duty Motor Vehicle Manufacturing: 84% candidate rate, below the 89% split","Reporting history: 3 years, above the 2-year split"
G10215,Ottawa Health Sciences Center Cogeneration Plant,Ontario,OTTAWA,Fossil-Fuel Electric Power Generation,221112,TransAlta Corporation,109805.73464714286,108831.29414238095,246.20007733333333,719.6356657142858,21,0.9911257776481962,0.0022421422535397,0.0065537165980156,Above Threshold,CCS Candidate,11.606477141760797,0.999655070570997,4,CCS Candidate,unanimous,"Sector Fossil-Fuel Electric Power Generation: 100% candidate rate, above the 82% split","Sector Fossil-Fuel Electric Power Generation: 100% candidate rate, above the 89% split",
G10218,Pavilion,British Columbia,CACHE CREEK,Lime Manufacturing,327410,Graymont Western Canada Inc.,118840.00444153846,118149.08931076922,67.44553846153846,623.4695973076924,13,0.994186173805563,0.000567532278196,0.0052462939583143,Above Threshold,CCS Candidate,11.685541781590125,0.8588131967589057,4,CCS Candidate,unanimous,"Sector Lime Manufacturing: 86% candidate rate, above the 82% split","Sector Lime Manufacturing: 86% candidate rate, below the 89% split","Reporting history: 13 years, above the 2-year split"
G10219,Peace River Complex,Alberta,PEACE RIVER,Non-Conventional Oil Extraction,211114,not applicable,296056.6073095238,283962.78506666666,10726.3007,1367.521534047619,21,0.9591503045557326,0.0362305735969803,0.0046191218175309,Above Threshold,CCS Candidate,12.598309333659252,0.9843482452987367,4,CCS Candidate,unanimous,"Sector Non-Conventional Oil Extraction: 98% candidate rate, above the 82% split","Sector Non-Conventional Oil Extraction: 98% candidate rate, above the 89% split",
G10220,Peace River Pulp Division,Alberta,MD OF NORTHERN LIGHTS,Chemical Pulp Mills,322112,Daishowa-Marubeni International Ltd-Peace River Pu,134845.71589904762,115959.22770666666,10560.77234695238,8322.84405952381,21,0.8599400205897505,0.0783174480297076,0.0617212345533818,Above Threshold,CCS Candidate,11.811893974537892,0.7856137302487847,0,Potential CU Candidate,unanimous,"Sector Chemical Pulp Mills: 79% candidate rate, below the 82% split","Sector Chemical Pulp Mills: 79% candidate rate, above the 75% split","Scale: 0.13 Mt/yr, below the 0.21 Mt split"
G10222,Pétromont - Usine de Varennes,Quebec,VARENNES,Petrochemical Manufacturing,325110,Pétromont,311214.68,309426.6,1788.08,0.0,5,0.9942545126727312,0.0057454873272687,0.0,Above Threshold,CCS Candidate,12.648241455621177,0.8553760801292877,4,CCS Candidate,unanimous,"Sector Petrochemical Manufacturing: 86% candidate rate, above the 82% split","Sector Petrochemical Manufacturing: 86% candidate rate, below the 89% split","Reporting history: 5 years, above the 2-year split"
G10223,Picton  Plant,Ontario,PICTON,Cement Manufacturing,327310,Essroc Canada Inc,715618.8882904763,714284.6133952381,754.6199386666666,579.6549554761905,21,0.9981354951398425,0.001054499749817,0.0008100051088099,Above Threshold,CCS Candidate,13.48090442269902,0.8965301449258793,4,CCS Candidate,unanimous,"Sector Cement Manufacturing: 90% candidate rate, above the 82% split","Sector Cement Manufacturing: 90% candidate rate, above the 89% split",
G10224,Pikes Peak,Saskatchewan,LLOYDMINSTER,Non-Conventional Oil Extraction,211114,Husky Oil Operations Limited,216884.5982,213034.11425,2848.64134975,1001.842603125,16,0.9822463928653464,0.0131343644195662,0.0046192427283432,Above Threshold,CCS Candidate,12.287125296270249,0.9843482452987367,4,CCS Candidate,unanimous,"Sector Non-Conventional Oil Extraction: 98% candidate rate, above the 82% split","Sector Non-Conventional Oil Extraction: 98% candidate rate, above the 89% split",
G10225,Pine River Gas Plant,British Columbia,CHETWYND,Conventional Oil and Gas Extraction,211113,Duke Energy Gas Transmission,739144.2206,724765.4752380953,13188.313477428572,1190.431839047619,21,0.9805467661639392,0.0178426795608615,0.0016105542137382,Above Threshold,CCS Candidate,13.513249690232431,0.8042618841939829,4,CCS Candidate,unanimous,"Sector Conventional Oil and Gas Extraction: 80% candidate rate, below the 82% split","Sector Conventional Oil and Gas Extraction: 80% candidate rate, above the 75% split","Scale: 0.74 Mt/yr, above the 0.21 Mt split"
G10226,Pipeline-Transmission,British Columbia,PRINCE GEORGE,Pipeline Transportation of Natural Gas,486210,Duke Energy Gas Transmission,1025107.4590571428,793105.2579714286,226652.14260761903,5350.058411666667,21,0.773680116132311,0.2211008617731506,0.0052190220297367,Above Threshold,Potential CU Candidate,13.840308978671054,0.6866805067090249,0,Potential CU Candidate,unanimous,"Sector Pipeline Transportation of Natural Gas: 69% candidate rate, below the 82% split","Sector Pipeline Transportation of Natural Gas: 69% candidate rate, below the 75% split","Sector Pipeline Transportation of Natural Gas: 69% candidate rate, above the 67% split"
G10227,Point Aconi Generating Station,Nova Scotia,POINT ACONI,Fossil-Fuel Electric Power Generation,221112,Nova Scotia Power Incorporated,1248844.9766619047,1164489.3608285715,521.8710106666667,83803.30677309523,21,0.9324530927298827,0.0004178829401721,0.0671046513692171,Above Threshold,CCS Candidate,14.037730464179171,0.999655070570997,4,CCS Candidate,unanimous,"Sector Fossil-Fuel Electric Power Generation: 100% candidate rate, above the 82% split","Sector Fossil-Fuel Electric Power Generation: 100% candidate rate, above the 89% split",
G10228,Point Tupper Generating Station,Nova Scotia,PORT HAWKESBURY,Fossil-Fuel Electric Power Generation,221112,Nova Scotia Power Incorporated,865278.0288190476,862022.0655333335,1170.257125333333,1934.9816311904765,21,0.9962370900713172,0.0013524637010956,0.0022362542058665,Above Threshold,CCS Candidate,13.670807310566769,0.999655070570997,4,CCS Candidate,unanimous,"Sector Fossil-Fuel Electric Power Generation: 100% candidate rate, above the 82% split","Sector Fossil-Fuel Electric Power Generation: 100% candidate rate, above the 89% split",
G10229,Poplar River Power Station,Saskatchewan,CORONACH,Fossil-Fuel Electric Power Generation,221112,SaskPower,3926080.436761905,3899404.190619048,2700.28218,23975.96400285714,21,0.9932053745274616,0.0006877806564317,0.0061068448262949,Above Threshold,CCS Candidate,15.18315239653818,0.999655070570997,4,CCS Candidate,unanimous,"Sector Fossil-Fuel Electric Power Generation: 100% candidate rate, above the 82% split","Sector Fossil-Fuel Electric Power Generation: 100% candidate rate, above the 89% split",
G10232,Prentiss Chemical Manufacturing Facility,Alberta,PRENTISS,Other Basic Organic Chemical Manufacturing,325190,MEGlobal Canada Inc.,198924.75136875,197653.12970625,1005.89125525,265.73040625,16,0.993607524183138,0.0050566420132674,0.0013358337985674,Above Threshold,CCS Candidate,12.200686925384511,0.8443225151990559,4,CCS Candidate,unanimous,"Sector Other Basic Organic Chemical Manufacturing: 84% candidate rate, above the 82% split","Sector Other Basic Organic Chemical Manufacturing: 84% candidate rate, below the 89% split","Reporting history: 16 years, above the 2-year split"
G10233,Prince Albert Pulp and Paper,Saskatchewan,PRINCE ALBERT,Chemical Pulp Mills,322112,Weyerhaeuser Company,104237.31996666668,95210.33333333331,3220.1866386666666,5794.666666666667,3,0.9133996668734382,0.0308928379940737,0.0555910941351878,Above Threshold,CCS Candidate,11.554435094695195,0.7856137302487847,0,Potential CU Candidate,unanimous,"Sector Chemical Pulp Mills: 79% candidate rate, below the 82% split","Sector Chemical Pulp Mills: 79% candidate rate, above the 75% split","Scale: 0.10 Mt/yr, below the 0.21 Mt split"
G10234,Prince George Refinery,British Columbia,PRINCE GEORGE,Petroleum Refineries,324110,Husky Oil Operations Limited,126692.0669,124200.85581,2110.1877846,381.023307,20,0.9803364871143324,0.016656037242376,0.0030074756559204,Above Threshold,CCS Candidate,11.749522644212162,0.8965301449258793,4,CCS Candidate,unanimous,"Sector Petroleum Refineries: 90% candidate rate, above the 82% split","Sector Petroleum Refineries: 90% candidate rate, above the 89% split",
G10236,Queen Elizabeth Power Station,Saskatchewan,SASKATOON,Fossil-Fuel Electric Power Generation,221112,SaskPower,942509.3447380952,929585.4557619048,5557.166658952381,7365.199337857143,21,0.9862877869080632,0.0058961395873444,0.007814457627371,Above Threshold,CCS Candidate,13.756302174093506,0.999655070570997,4,CCS Candidate,unanimous,"Sector Fossil-Fuel Electric Power Generation: 100% candidate rate, above the 82% split","Sector Fossil-Fuel Electric Power Generation: 100% candidate rate, above the 89% split",
G10237,Quirk Creek Gas Plant,Alberta,MILLARVILLE,Conventional Oil and Gas Extraction,211113,Imperial Oil Resources,107198.9908095238,100315.5317442857,5900.788838857143,982.6702364285716,21,0.9357880236254372,0.0550451902046535,0.0091667862636377,Above Threshold,CCS Candidate,11.58245144188678,0.8042618841939829,3,CCS Candidate,majority,"Sector Conventional Oil and Gas Extraction: 80% candidate rate, below the 82% split","Sector Conventional Oil and Gas Extraction: 80% candidate rate, above the 75% split","Scale: 0.11 Mt/yr, below the 0.21 Mt split"
G10238,Raffinerie de Montreal,Quebec,MONTREAL,Petroleum Refineries,324110,Petro-Canada,1197255.8641904762,1187545.736904762,6019.378942666666,3690.7483683333335,21,0.9918896807473316,0.0050276462389571,0.003082673034831,Above Threshold,CCS Candidate,13.995543551485955,0.8965301449258793,4,CCS Candidate,unanimous,"Sector Petroleum Refineries: 90% candidate rate, above the 82% split","Sector Petroleum Refineries: 90% candidate rate, above the 89% split",
G10239,Raffinerie Jean-Gaulin,Quebec,LÉVIS,Petroleum Refineries,324110,Ultramar Limitée,1297485.1623809524,1290370.0948571428,2372.082629333333,4729.065084047619,21,0.994516262898334,0.0018282156113295,0.0036447931900581,Above Threshold,CCS Candidate,14.075939229133674,0.8965301449258793,4,CCS Candidate,unanimous,"Sector Petroleum Refineries: 90% candidate rate, above the 82% split","Sector Petroleum Refineries: 90% candidate rate, above the 89% split",
G10240,Raglan,Quebec,NUNAVIK TERRITORY,Nickel-Copper Ore Mining,212232,Falconbridge Limited,141261.04748571428,136062.8583952381,759.2377026666667,4433.562057142857,21,0.9632015393981708,0.0053747138095054,0.031385595222853,Above Threshold,CCS Candidate,11.858371937305796,0.8408840542607965,4,CCS Candidate,unanimous,"Sector Nickel-Copper Ore Mining: 84% candidate rate, above the 82% split","Sector Nickel-Copper Ore Mining: 84% candidate rate, below the 89% split","Reporting history: 21 years, above the 2-year split"
G10241,Rainbow Lake Cogeneration Power Plant (Units 4-5),Alberta,RAINBOW LAKE,Fossil-Fuel Electric Power Generation,221112,ATCO Power,237557.8408809524,235443.5883380953,575.2359146666666,1539.0166247619047,21,0.9911000515284332,0.0024214562337049,0.0064784922234292,Above Threshold,CCS Candidate,12.378170622849296,0.999655070570997,4,CCS Candidate,unanimous,"Sector Fossil-Fuel Electric Power Generation: 100% candidate rate, above the 82% split","Sector Fossil-Fuel Electric Power Generation: 100% candidate rate, above the 89% split",
G10243,Ram River,Alberta,RAM RIVER,Conventional Oil and Gas Extraction,211113,Husky Oil Operations Limited,457272.945547619,450408.77539047616,5537.579692,1326.590466904762,21,0.9849888994658924,0.0121100094504133,0.0029010910875474,Above Threshold,CCS Candidate,13.033037933493446,0.8042618841939829,4,CCS Candidate,unanimous,"Sector Conventional Oil and Gas Extraction: 80% candidate rate, below the 82% split","Sector Conventional Oil and Gas Extraction: 80% candidate rate, above the 75% split","Scale: 0.46 Mt/yr, above the 0.21 Mt split"
G10244,"Rapid City compressor station -30, Manitoba",Manitoba,RAPID CITY,Pipeline Transportation of Natural Gas,486210,TransCanada PipeLines Ltd.,293691.441297,256295.62119650003,34707.990552,2687.82955825,20,0.8726696973689374,0.118178420177049,0.0091518824872117,Above Threshold,CCS Candidate,12.590288380720018,0.6866805067090249,1,Potential CU Candidate,majority,"Sector Pipeline Transportation of Natural Gas: 69% candidate rate, below the 82% split","Sector Pipeline Transportation of Natural Gas: 69% candidate rate, below the 75% split","Sector Pipeline Transportation of Natural Gas: 69% candidate rate, above the 67% split"
G10245,Red Rock Division,Ontario,RED ROCK,Paper (except Newsprint) Mills,322121,Norampac Inc.,147347.78178333334,145101.95611666667,364.7373333333333,1878.055,3,0.9847583340618656,0.0024753500115099,0.0127457297101463,Above Threshold,CCS Candidate,11.900557720627988,0.8033154424467096,0,Potential CU Candidate,unanimous,"Sector Paper (except Newsprint) Mills: 80% candidate rate, below the 82% split","Sector Paper (except Newsprint) Mills: 80% candidate rate, above the 75% split","Scale: 0.15 Mt/yr, below the 0.21 Mt split"
G10246,"Redwater Cogeneration Facility, Alberta",Alberta,REDWATER,Fossil-Fuel Electric Power Generation,221112,TransCanada Energy Ltd.,189931.68849523808,186679.97706666667,1955.737190761905,1295.9742345238094,21,0.9828795739440134,0.0102970557796675,0.0068233702590197,Above Threshold,CCS Candidate,12.154425017296106,0.999655070570997,4,CCS Candidate,unanimous,"Sector Fossil-Fuel Electric Power Generation: 100% candidate rate, above the 82% split","Sector Fossil-Fuel Electric Power Generation: 100% candidate rate, above the 89% split",
G10247,Refinery,New Brunswick,SAINT JOHN,Petroleum Refineries,324110,Irving Oil,3004880.5389523814,2987383.983047619,11951.467056095236,5545.088745952381,21,0.9941772873570334,0.0039773518118833,0.0018453607969006,Above Threshold,CCS Candidate,14.91574870386072,0.8965301449258793,4,CCS Candidate,unanimous,"Sector Petroleum Refineries: 90% candidate rate, above the 82% split","Sector Petroleum Refineries: 90% candidate rate, above the 89% split",
G10248,"Richmond Compressor Station, Saskatchewan",Saskatchewan,RICHMOND,Pipeline Transportation of Natural Gas,486210,Foothills Pipe Lines Ltd.,254706.2566809524,239409.0350390476,12738.984464380954,2558.237188095238,21,0.9399417123032584,0.0500144151556431,0.0100438725826029,Above Threshold,CCS Candidate,12.447870151652978,0.6866805067090249,0,Potential CU Candidate,unanimous,"Sector Pipeline Transportation of Natural Gas: 69% candidate rate, below the 82% split","Sector Pipeline Transportation of Natural Gas: 69% candidate rate, below the 75% split","Sector Pipeline Transportation of Natural Gas: 69% candidate rate, above the 67% split"
G10249,Rimbey Gas Plant,Alberta,RIMBEY,Conventional Oil and Gas Extraction,211113,Keyera Energy,327679.4059619048,317235.5686190476,8212.305222857143,2231.5321273809523,21,0.9681278800167522,0.0250620120564179,0.0068101079493545,Above Threshold,CCS Candidate,12.699794040289872,0.8042618841939829,4,CCS Candidate,unanimous,"Sector Conventional Oil and Gas Extraction: 80% candidate rate, below the 82% split","Sector Conventional Oil and Gas Extraction: 80% candidate rate, above the 75% split","Scale: 0.33 Mt/yr, above the 0.21 Mt split"
G10250,Sarnia Chemical Plant,Ontario,SARNIA,Petrochemical Manufacturing,325110,Imperial Oil,270012.6829285714,265032.6602095238,3560.204751904762,1419.817959047619,21,0.9815563377800108,0.0131853241606675,0.0052583380293406,Above Threshold,CCS Candidate,12.506227914209678,0.8553760801292877,4,CCS Candidate,unanimous,"Sector Petrochemical Manufacturing: 86% candidate rate, above the 82% split","Sector Petrochemical Manufacturing: 86% candidate rate, below the 89% split","Reporting history: 21 years, above the 2-year split"
G10251,Sarnia Cogen Plant,Ontario,SARNIA,Fossil-Fuel Electric Power Generation,221112,Imperial Oil,351404.2076833333,347435.87135952385,1874.887693333333,2093.4486404761906,21,0.9887072031664872,0.0053354161741366,0.0059573806878336,Above Threshold,CCS Candidate,12.769695274441297,0.999655070570997,4,CCS Candidate,unanimous,"Sector Fossil-Fuel Electric Power Generation: 100% candidate rate, above the 82% split","Sector Fossil-Fuel Electric Power Generation: 100% candidate rate, above the 89% split",
G10252,Sarnia Fractionation Plant,Ontario,SARNIA,Conventional Oil and Gas Extraction,211113,BP Canada Energy Company,160063.19085238097,159095.39182857142,233.72522933333332,733.7395083333333,21,0.9939536440660982,0.0014602059854528,0.0045840614848796,Above Threshold,CCS Candidate,11.98333020658702,0.8042618841939829,2,Potential CU Candidate,contested,"Sector Conventional Oil and Gas Extraction: 80% candidate rate, below the 82% split","Sector Conventional Oil and Gas Extraction: 80% candidate rate, above the 75% split","Scale: 0.16 Mt/yr, below the 0.21 Mt split"
G10253,Sarnia Manufacturing Centre,Ontario,CORUNNA,Petroleum Refineries,324110,Shell Canada Products,803938.5948285714,791951.6993,5134.988001142857,6840.1443890476185,21,0.9850897871980788,0.0063872888230198,0.0085082920922663,Above Threshold,CCS Candidate,13.597279414528408,0.8965301449258793,4,CCS Candidate,unanimous,"Sector Petroleum Refineries: 90% candidate rate, above the 82% split","Sector Petroleum Refineries: 90% candidate rate, above the 89% split",
G10254,Sarnia Refinery,Ontario,SARNIA,Petroleum Refineries,324110,Suncor Energy Products Inc.,719569.8530571429,707144.5727761905,9206.435861333332,3218.8444192857146,21,0.9827323501281178,0.012794360161448,0.0044732897099707,Above Threshold,CCS Candidate,13.486410275870686,0.8965301449258793,4,CCS Candidate,unanimous,"Sector Petroleum Refineries: 90% candidate rate, above the 82% split","Sector Petroleum Refineries: 90% candidate rate, above the 89% split",
G10255,Sarnia Refinery Plant,Ontario,SARNIA,Petroleum Refineries,324110,Imperial Oil,1416855.7024761904,1399957.265761905,10977.37249952381,5917.769905714285,21,0.9880732831969038,0.0077476996989453,0.0041766920197815,Above Threshold,CCS Candidate,14.163951386160502,0.8965301449258793,4,CCS Candidate,unanimous,"Sector Petroleum Refineries: 90% candidate rate, above the 82% split","Sector Petroleum Refineries: 90% candidate rate, above the 89% split",
G10256,Sarnia Regional Cogeneration Plant,Ontario,SARNIA,Fossil-Fuel Electric Power Generation,221112,TransAlta Corporation,1112586.3588857143,1100781.4410333333,4267.620384,7523.045565476191,21,0.98938966152326,0.0038357655115187,0.0067617632603465,Above Threshold,CCS Candidate,13.92219881478071,0.999655070570997,4,CCS Candidate,unanimous,"Sector Fossil-Fuel Electric Power Generation: 100% candidate rate, above the 82% split","Sector Fossil-Fuel Electric Power Generation: 100% candidate rate, above the 89% split",
G10257,Saskatchewan Pipeline System,Saskatchewan,CALGARY,Pipeline Transportation of Natural Gas,486210,Alliance Pipeline Ltd.,409447.9651761905,390615.2995571428,16152.158803904762,2679.4626242857144,21,0.9540047399895034,0.0394486239465234,0.006544085823293,Above Threshold,CCS Candidate,12.92256754734428,0.6866805067090249,0,Potential CU Candidate,unanimous,"Sector Pipeline Transportation of Natural Gas: 69% candidate rate, below the 82% split","Sector Pipeline Transportation of Natural Gas: 69% candidate rate, below the 75% split","Sector Pipeline Transportation of Natural Gas: 69% candidate rate, above the 67% split"
G10258,SaskEnergy Incorporated,Saskatchewan,REGINA,Natural Gas Distribution,221210,SaskEnergy Incorporated,164049.21607238095,14122.386744761903,149849.09434666665,77.73497380952381,21,0.0860862799766802,0.9134398684389384,0.0004738515408401,Above Threshold,Potential CU Candidate,12.00792785550134,0.6512258701427436,0,Potential CU Candidate,unanimous,"Sector Natural Gas Distribution: 65% candidate rate, below the 82% split","Sector Natural Gas Distribution: 65% candidate rate, below the 75% split","Sector Natural Gas Distribution: 65% candidate rate, below the 67% split"
G10259,Saskferco Products Inc.,Saskatchewan,BELLE PLAINE,Chemical Fertilizer (except Potash) Manufacturing,325313,Saskferco Products Inc.,584181.6990714286,562143.3427952381,11971.65004,10066.70624,21,0.9622748259467542,0.0204930247883992,0.0172321492713675,Above Threshold,CCS Candidate,13.277969053761597,0.8310643196028076,4,CCS Candidate,unanimous,"Sector Chemical Fertilizer (except Potash) Manufacturing: 83% candidate rate, above the 82% split","Sector Chemical Fertilizer (except Potash) Manufacturing: 83% candidate rate, below the 89% split","Reporting history: 21 years, above the 2-year split"
G10260,Scotford Chemical Plant,Alberta,FORT SASKATCHEWAN,Petrochemical Manufacturing,325110,Shell Chemicals Canada Ltd,306721.06313333334,301477.3009809524,496.42273066666667,1207.7210952380951,21,0.9829038081088632,0.0016184826878057,0.0039375225258432,Above Threshold,CCS Candidate,12.633697284695728,0.8553760801292877,4,CCS Candidate,unanimous,"Sector Petrochemical Manufacturing: 86% candidate rate, above the 82% split","Sector Petrochemical Manufacturing: 86% candidate rate, below the 89% split","Reporting history: 21 years, above the 2-year split"
G10261,Scotford Complex,Alberta,FORT SASKATCHEWAN,Fossil-Fuel Electric Power Generation,221112,Air Liquide Canada Inc.,426979.4452904762,422970.6883047619,1212.5815813333334,2791.923034285714,21,0.9906113583922356,0.002839906217285,0.0065387761989019,Above Threshold,CCS Candidate,12.964493495589457,0.999655070570997,4,CCS Candidate,unanimous,"Sector Fossil-Fuel Electric Power Generation: 100% candidate rate, above the 82% split","Sector Fossil-Fuel Electric Power Generation: 100% candidate rate, above the 89% split",
G10262,Scotford Upgrader and Upgrader Cogeneration,Alberta,FORT SASKATCHEWAN,Non-Conventional Oil Extraction,211114,not applicable,2568447.277904762,2545062.285333333,12305.487161714284,11063.50478809524,21,0.9908952802836952,0.0047910219016652,0.004307468128028,Above Threshold,CCS Candidate,14.758812491604658,0.9843482452987367,4,CCS Candidate,unanimous,"Sector Non-Conventional Oil Extraction: 98% candidate rate, above the 82% split","Sector Non-Conventional Oil Extraction: 98% candidate rate, above the 89% split",
G10263,SFK Pâte,Quebec,ST-FÉLICIEN,Chemical Pulp Mills,322112,SFK Pâte,100097.568839,87924.061431,4555.9717224,7613.09755,20,0.878383585643521,0.0455153084659624,0.0760567677946818,Above Threshold,CCS Candidate,11.513910667888418,0.7856137302487847,0,Potential CU Candidate,unanimous,"Sector Chemical Pulp Mills: 79% candidate rate, below the 82% split","Sector Chemical Pulp Mills: 79% candidate rate, above the 75% split","Scale: 0.10 Mt/yr, below the 0.21 Mt split"
G10264,Shand Power Station,Saskatchewan,ESTEVAN,Fossil-Fuel Electric Power Generation,221112,SaskPower,2074671.165809524,2061814.1576666664,1423.483572,11433.524578333334,21,0.9938028694114324,0.0006861249124482,0.0055110056797227,Above Threshold,CCS Candidate,14.545313706783872,0.999655070570997,4,CCS Candidate,unanimous,"Sector Fossil-Fuel Electric Power Generation: 100% candidate rate, above the 82% split","Sector Fossil-Fuel Electric Power Generation: 100% candidate rate, above the 89% split",
G10265,Sheerness Generating Station,Alberta,HANNA,Fossil-Fuel Electric Power Generation,221112,ATCO Power,4481749.171,4462936.403476191,1698.940428,17107.18722285714,21,0.9958023604610582,0.0003790797662201,0.0038170782366742,Above Threshold,CCS Candidate,15.315524191271823,0.999655070570997,4,CCS Candidate,unanimous,"Sector Fossil-Fuel Electric Power Generation: 100% candidate rate, above the 82% split","Sector Fossil-Fuel Electric Power Generation: 100% candidate rate, above the 89% split",
G10266,Shell Burnt Timber Gas Plant,Alberta,SUNDRE,Conventional Oil and Gas Extraction,211113,not applicable,192414.10553636364,169834.4342818182,22111.32713490909,468.3441363636364,11,0.8826506446000748,0.1149153128523124,0.0024340426345464,Above Threshold,CCS Candidate,12.167410325235668,0.8042618841939829,3,CCS Candidate,majority,"Sector Conventional Oil and Gas Extraction: 80% candidate rate, below the 82% split","Sector Conventional Oil and Gas Extraction: 80% candidate rate, above the 75% split","Scale: 0.19 Mt/yr, below the 0.21 Mt split"
G10267,Shell Caroline Complex,Alberta,CAROLINE,Conventional Oil and Gas Extraction,211113,not applicable,472628.6918809524,452695.3977428572,17578.645473333334,2354.648666666667,21,0.9578246211444224,0.0371933523616063,0.0049820264980014,Above Threshold,CCS Candidate,13.066067468424473,0.8042618841939829,4,CCS Candidate,unanimous,"Sector Conventional Oil and Gas Extraction: 80% candidate rate, below the 82% split","Sector Conventional Oil and Gas Extraction: 80% candidate rate, above the 75% split","Scale: 0.47 Mt/yr, above the 0.21 Mt split"
G10268,Shell Jumping Pound Gas Plant,Alberta,CALGARY,Conventional Oil and Gas Extraction,211113,not applicable,241391.5743809524,221864.43719523808,18268.808654666667,1258.328523809524,21,0.9191059703065796,0.0756812192037644,0.0052128104596711,Above Threshold,CCS Candidate,12.394179826530165,0.8042618841939829,4,CCS Candidate,unanimous,"Sector Conventional Oil and Gas Extraction: 80% candidate rate, below the 82% split","Sector Conventional Oil and Gas Extraction: 80% candidate rate, above the 75% split","Scale: 0.24 Mt/yr, above the 0.21 Mt split"
G10269,Shell Scotford Refinery,Alberta,FORT SASKATCHEWAN,Petroleum Refineries,324110,Shell Canada Products,994996.1104714284,986041.6748238096,6483.095227809525,2465.418628809524,21,0.991000532008737,0.0065156990661378,0.0024778173531164,Above Threshold,CCS Candidate,13.810495112087697,0.8965301449258793,4,CCS Candidate,unanimous,"Sector Petroleum Refineries: 90% candidate rate, above the 82% split","Sector Petroleum Refineries: 90% candidate rate, above the 89% split",
G10270,Silicium Bécancour inc.,Quebec,BÉCANCOUR,Iron and Steel Mills and Ferro-Alloy Manufacturing,331110,Silicium Bécancour inc.,166850.37907857142,135110.1967642857,10559.247115714286,21180.935220000003,7,0.8097685933375137,0.0632857244558122,0.1269456823351039,Above Threshold,Potential CU Candidate,12.024858749524872,0.8487338634231345,4,CCS Candidate,unanimous,"Sector Iron and Steel Mills and Ferro-Alloy Manufacturing: 85% candidate rate, above the 82% split","Sector Iron and Steel Mills and Ferro-Alloy Manufacturing: 85% candidate rate, below the 89% split","Reporting history: 7 years, above the 2-year split"
G10271,Simplot Canada Limited,Manitoba,BRANDON,Chemical Fertilizer (except Potash) Manufacturing,325313,Simplot Canada Limited,707880.3705619047,627374.5336333333,43530.929065238095,36974.90785047619,21,0.8862719743667039,0.0614947537402172,0.0522332718749159,Above Threshold,CCS Candidate,13.470031802933306,0.8310643196028076,4,CCS Candidate,unanimous,"Sector Chemical Fertilizer (except Potash) Manufacturing: 83% candidate rate, above the 82% split","Sector Chemical Fertilizer (except Potash) Manufacturing: 83% candidate rate, below the 89% split","Reporting history: 21 years, above the 2-year split"
G10272,Site de Temiscaming,Quebec,TEMISCAMING,Chemical Pulp Mills,322112,Site de Temiscaming,135889.55487411766,128487.60064117644,2180.467065411765,5213.43851382353,17,0.94552963073727,0.0160458768698716,0.0383652630156382,Above Threshold,CCS Candidate,11.81960509716559,0.7856137302487847,1,Potential CU Candidate,majority,"Sector Chemical Pulp Mills: 79% candidate rate, below the 82% split","Sector Chemical Pulp Mills: 79% candidate rate, above the 75% split","Scale: 0.14 Mt/yr, below the 0.21 Mt split"
G10273,St. Marys Cement inc.,Ontario,BOWMANVILLE,Cement Manufacturing,327310,St. Marys Cement inc.,1340155.1873857144,1338639.797185714,332.47634266666665,1182.9138521428572,21,0.998869242745718,0.0002480879421996,0.0008826693082093,Above Threshold,CCS Candidate,14.1082967228853,0.8965301449258793,4,CCS Candidate,unanimous,"Sector Cement Manufacturing: 90% candidate rate, above the 82% split","Sector Cement Manufacturing: 90% candidate rate, above the 89% split",
G10274,St. Marys Cement Inc. plant in St. Marys,Ontario,ST. MARYS,Cement Manufacturing,327310,St. Marys Cement Inc.,519965.21683333337,519471.46818571433,131.558888,362.1897595238095,21,0.9990504198518776,0.0002530147858758,0.0006965653620632,Above Threshold,CCS Candidate,13.161519120818916,0.8965301449258793,4,CCS Candidate,unanimous,"Sector Cement Manufacturing: 90% candidate rate, above the 82% split","Sector Cement Manufacturing: 90% candidate rate, above the 89% split",
G10275,Stelco Hamilton,Ontario,HAMILTON,Iron and Steel Mills and Ferro-Alloy Manufacturing,331110,Stelco Inc,1141968.8547,1124812.460904762,14114.746736095238,3041.647008095238,21,0.984976478364863,0.0123600102384606,0.0026635113519749,Above Threshold,CCS Candidate,13.948265271914485,0.8487338634231345,4,CCS Candidate,unanimous,"Sector Iron and Steel Mills and Ferro-Alloy Manufacturing: 85% candidate rate, above the 82% split","Sector Iron and Steel Mills and Ferro-Alloy Manufacturing: 85% candidate rate, below the 89% split","Reporting history: 21 years, above the 2-year split"
G10276,Stelco Lake Erie,Ontario,HALDIMAND COUNTY,Iron and Steel Mills and Ferro-Alloy Manufacturing,331110,Stelco Lake Erie,3149814.476857143,3134672.459904762,12740.065472666667,2401.9514190476198,21,0.9951927273610446,0.004044703447226,0.0007625691724689,Above Threshold,CCS Candidate,14.962854430310502,0.8487338634231345,4,CCS Candidate,unanimous,"Sector Iron and Steel Mills and Ferro-Alloy Manufacturing: 85% candidate rate, above the 82% split","Sector Iron and Steel Mills and Ferro-Alloy Manufacturing: 85% candidate rate, below the 89% split","Reporting history: 21 years, above the 2-year split"
G10277,Strachan GP,Alberta,ROCKY MOUNTAIN HOUSE,Conventional Oil and Gas Extraction,211113,Keyera Energy,229743.28552380955,216878.85485714284,10578.720389428572,2285.7102795238093,21,0.9440051941568778,0.0460458305247499,0.009948975328321,Above Threshold,CCS Candidate,12.344722167324534,0.8042618841939829,4,CCS Candidate,unanimous,"Sector Conventional Oil and Gas Extraction: 80% candidate rate, below the 82% split","Sector Conventional Oil and Gas Extraction: 80% candidate rate, above the 75% split","Scale: 0.23 Mt/yr, above the 0.21 Mt split"
G10278,Strathcona Refinery,Alberta,EDMONTON,Petroleum Refineries,324110,Imperial Oil Limited,1516096.1565714283,1506365.7747142855,3688.992272,6040.547572857143,21,0.9935819493935348,0.0024332178773821,0.0039842773472347,Above Threshold,CCS Candidate,14.231649930579112,0.8965301449258793,4,CCS Candidate,unanimous,"Sector Petroleum Refineries: 90% candidate rate, above the 82% split","Sector Petroleum Refineries: 90% candidate rate, above the 89% split",
G10279,Summit Road Landfill,Manitoba,WINNIPEG,Waste Treatment and Disposal,562210,Water & Waste Department,117352.39249809524,4024.619047619048,113327.7734504762,0.0,21,0.0342951597487402,0.9657048402512598,0.0,Above Threshold,Potential CU Candidate,11.67294511009092,0.35073717496627627,0,Potential CU Candidate,unanimous,"Sector Waste Treatment and Disposal: 35% candidate rate, below the 82% split","Sector Waste Treatment and Disposal: 35% candidate rate, below the 75% split","Sector Waste Treatment and Disposal: 35% candidate rate, below the 67% split"
G10280,Suncor Energy Inc.  Oil Sands,Alberta,22 KM NE OF FORT MCMURRAY,Non-Conventional Oil Extraction,211114,Suncor Energy Inc.  Oil Sands,8431488.597904762,8019699.376952382,349659.7515285714,61078.93247571429,21,0.9511605553194116,0.0414707020555613,0.0072441457717077,Above Threshold,CCS Candidate,15.947484016373387,0.9843482452987367,4,CCS Candidate,unanimous,"Sector Non-Conventional Oil Extraction: 98% candidate rate, above the 82% split","Sector Non-Conventional Oil Extraction: 98% candidate rate, above the 89% split",
G10281,Sundance Generating Plant,Alberta,DUFFIELD,Fossil-Fuel Electric Power Generation,221112,TransAlta Corporation,9974721.989285717,9912420.264142856,3380.357429333333,58921.3677997619,21,0.9937540389386512,0.0003388923954937,0.0059070686745005,Above Threshold,CCS Candidate,16.115564749856922,0.999655070570997,4,CCS Candidate,unanimous,"Sector Fossil-Fuel Electric Power Generation: 100% candidate rate, above the 82% split","Sector Fossil-Fuel Electric Power Generation: 100% candidate rate, above the 89% split",
G10283,Terra International (Canada) Inc - Courtright Plant,Ontario,COURTRIGHT,Chemical Fertilizer (except Potash) Manufacturing,325313,Terra Inernational (Canada) Inc.,579442.2724428572,549052.8559904762,2969.58226,27419.83418380953,21,0.9475540223804126,0.0051248975113268,0.0473210800934679,Above Threshold,CCS Candidate,13.269823046448968,0.8310643196028076,4,CCS Candidate,unanimous,"Sector Chemical Fertilizer (except Potash) Manufacturing: 83% candidate rate, above the 82% split","Sector Chemical Fertilizer (except Potash) Manufacturing: 83% candidate rate, below the 89% split","Reporting history: 21 years, above the 2-year split"
G10284,Terra Nova,Newfoundland and Labrador,ST. JOHN'S,Conventional Oil and Gas Extraction,211113,Petro-Canada,563000.8127631579,509735.4510736842,45847.23593631579,7258.032795,19,0.9053902579144566,0.0814336940497503,0.0128916915046325,Above Threshold,CCS Candidate,13.241038126944632,0.8042618841939829,3,CCS Candidate,majority,"Sector Conventional Oil and Gas Extraction: 80% candidate rate, below the 82% split","Sector Conventional Oil and Gas Extraction: 80% candidate rate, above the 75% split","Scale: 0.56 Mt/yr, above the 0.21 Mt split"
G10285,Terrace Bay Facility,Ontario,TERRACE BAY,Chemical Pulp Mills,322112,Neenah Paper Company of Canada,123403.789346,113377.72483649998,4026.4706286,5997.2720815,20,0.9187539980527756,0.0326284196777018,0.0485987676171339,Above Threshold,CCS Candidate,11.723225201256191,0.7856137302487847,2,Potential CU Candidate,contested,"Sector Chemical Pulp Mills: 79% candidate rate, below the 82% split","Sector Chemical Pulp Mills: 79% candidate rate, above the 75% split","Scale: 0.12 Mt/yr, below the 0.21 Mt split"
G10287,Thunder Bay Generating Station,Ontario,THUNDER BAY,Fossil-Fuel Electric Power Generation,221112,Ontario Power Generation Inc.,572757.86645,569029.32914,178.95164,3549.585695,10,0.9934902032282686,0.0003124385547232,0.0061973582606566,Above Threshold,CCS Candidate,13.25822008068479,0.999655070570997,4,CCS Candidate,unanimous,"Sector Fossil-Fuel Electric Power Generation: 100% candidate rate, above the 82% split","Sector Fossil-Fuel Electric Power Generation: 100% candidate rate, above the 89% split",
G10288,"Timminco Metals, Haley Plant",Ontario,HALEY,Non-Ferrous Metal (except Aluminum) Smelting and Refining,331410,Timminco Metals,872277.6074999999,12745.93203125,4.976999999999999,96.46,4,0.0146122426182423,5.705752339859304e-06,0.0001105840608203,Above Threshold,Potential CU Candidate,13.67886415587434,0.8033154424467096,4,CCS Candidate,unanimous,"Sector Non-Ferrous Metal (except Aluminum) Smelting and Refining: 80% candidate rate, below the 82% split","Sector Non-Ferrous Metal (except Aluminum) Smelting and Refining: 80% candidate rate, above the 75% split","Scale: 0.87 Mt/yr, above the 0.21 Mt split"
G10289,Trail Operations,British Columbia,TRAIL,Non-Ferrous Metal (except Aluminum) Smelting and Refining,331410,Teck Cominco Metals Ltd.,389790.5532142857,380891.2992809524,1108.832756,7771.881928571429,21,0.9771691390159448,0.0028446886330526,0.0199386102728325,Above Threshold,CCS Candidate,12.873367396283316,0.8033154424467096,4,CCS Candidate,unanimous,"Sector Non-Ferrous Metal (except Aluminum) Smelting and Refining: 80% candidate rate, below the 82% split","Sector Non-Ferrous Metal (except Aluminum) Smelting and Refining: 80% candidate rate, above the 75% split","Scale: 0.39 Mt/yr, above the 0.21 Mt split"
G10290,TransGas Limited,Saskatchewan,REGINA,Pipeline Transportation of Natural Gas,486210,TransGas Limited,434479.0841142857,107573.18901095238,324727.0610819048,2178.8340254761906,21,0.2475911797463102,0.7473940011263888,0.0050148191366171,Above Threshold,Potential CU Candidate,12.981905386306307,0.6866805067090249,0,Potential CU Candidate,unanimous,"Sector Pipeline Transportation of Natural Gas: 69% candidate rate, below the 82% split","Sector Pipeline Transportation of Natural Gas: 69% candidate rate, below the 75% split","Sector Pipeline Transportation of Natural Gas: 69% candidate rate, above the 67% split"
G10291,Trenton Generating Station,Nova Scotia,TRENTON,Fossil-Fuel Electric Power Generation,221112,Nova Scotia Power Incorporated,1597954.7920952383,1594755.4867142858,1078.2742638095235,2100.8491566666667,21,0.9979978749106178,0.0006747839608126,0.0013147112590788,Above Threshold,CCS Candidate,14.28423574040456,0.999655070570997,4,CCS Candidate,unanimous,"Sector Fossil-Fuel Electric Power Generation: 100% candidate rate, above the 82% split","Sector Fossil-Fuel Electric Power Generation: 100% candidate rate, above the 89% split",
G10292,Tufts Cove Generating Station,Nova Scotia,DARTMOUTH,Fossil-Fuel Electric Power Generation,221112,Nova Scotia Power Incorporated,1030354.8142571428,1023721.8339619047,2734.1611,3804.261951190476,21,0.9935624309184984,0.0026536112241793,0.0036921863212074,Above Threshold,CCS Candidate,13.84541475128654,0.999655070570997,4,CCS Candidate,unanimous,"Sector Fossil-Fuel Electric Power Generation: 100% candidate rate, above the 82% split","Sector Fossil-Fuel Electric Power Generation: 100% candidate rate, above the 89% split",
G10294,UPM Miramichi,New Brunswick,MIRAMICHI,Paper (except Newsprint) Mills,322121,UPM,212296.2109,173938.054725,33575.073665,4767.4825,4,0.8193177541304859,0.1581520156326068,0.0224567479550809,Above Threshold,Potential CU Candidate,12.265742510063834,0.8033154424467096,3,CCS Candidate,majority,"Sector Paper (except Newsprint) Mills: 80% candidate rate, below the 82% split","Sector Paper (except Newsprint) Mills: 80% candidate rate, above the 75% split","Scale: 0.21 Mt/yr, below the 0.21 Mt split"
G10295,Usine Alma,Quebec,ALMA,Primary Production of Alumina and Aluminum,331313,Alcan inc - Usine Alma,836538.7743333334,758508.7228333333,42.23994133333333,346.1631526190476,21,0.906722731935307,5.049370409279092e-05,0.0004138040736903,Above Threshold,CCS Candidate,13.63702934679426,0.7085469080394882,0,Potential CU Candidate,unanimous,"Sector Primary Production of Alumina and Aluminum: 71% candidate rate, below the 82% split","Sector Primary Production of Alumina and Aluminum: 71% candidate rate, below the 75% split","Sector Primary Production of Alumina and Aluminum: 71% candidate rate, above the 67% split"
G10296,Usine Arvida,Quebec,JONQUIÈRE,Primary Production of Alumina and Aluminum,331313,Alcan Inc. - Usine  Arvida,734904.3066571428,403531.2780190476,23.37877333333333,238.1707438095238,21,0.5490936362239993,3.1811996638958743e-05,0.0003240840224394,Above Threshold,Potential CU Candidate,13.507496935415022,0.7085469080394882,2,Potential CU Candidate,contested,"Sector Primary Production of Alumina and Aluminum: 71% candidate rate, below the 82% split","Sector Primary Production of Alumina and Aluminum: 71% candidate rate, below the 75% split","Sector Primary Production of Alumina and Aluminum: 71% candidate rate, above the 67% split"
G10299,Usine de Bouletage,Quebec,PORT-CARTIER,Iron Ore Mining,212210,Compagnie Minière Québec Cartier,884913.8062857143,882643.7969380952,295.7309333333333,1973.7767857142856,21,0.9974347678480155,0.0003341917949891,0.0022304734898406,Above Threshold,CCS Candidate,13.693246655272445,0.8434276124255634,4,CCS Candidate,unanimous,"Sector Iron Ore Mining: 84% candidate rate, above the 82% split","Sector Iron Ore Mining: 84% candidate rate, below the 89% split","Reporting history: 21 years, above the 2-year split"
G10300,usine de Deschambault,Quebec,DESCHAMBAULT,Primary Production of Alumina and Aluminum,331313,Alcoa,476210.6139238096,461660.9185714285,21.5548,654.4591428571429,21,0.9694469318260326,4.5263165855116e-05,0.0013743060816402,Above Threshold,CCS Candidate,13.073617601489724,0.7085469080394882,0,Potential CU Candidate,unanimous,"Sector Primary Production of Alumina and Aluminum: 71% candidate rate, below the 82% split","Sector Primary Production of Alumina and Aluminum: 71% candidate rate, below the 75% split","Sector Primary Production of Alumina and Aluminum: 71% candidate rate, above the 67% split"
G10302,usine de La Tuque,Quebec,LA TUQUE,Paperboard Mills,322130,Smurfit-Stone,240782.5282857143,234076.8733619048,855.6410453333334,5844.3564633333335,21,0.9721505751619464,0.0035535844374805,0.0242723444468461,Above Threshold,CCS Candidate,12.39165358594804,0.8385102660425425,4,CCS Candidate,unanimous,"Sector Paperboard Mills: 84% candidate rate, above the 82% split","Sector Paperboard Mills: 84% candidate rate, below the 89% split","Reporting history: 21 years, above the 2-year split"
G10303,Usine de New Richmond,Quebec,NEW RICHMOND,Paperboard Mills,322130,Emballages Smurfit-Stone Canada inc.,114266.01386500002,111753.359365,334.222,2178.4325,2,0.9780104826009894,0.0029249466984546,0.0190645707005559,Above Threshold,CCS Candidate,11.646293215524867,0.8385102660425425,3,CCS Candidate,majority,"Sector Paperboard Mills: 84% candidate rate, above the 82% split","Sector Paperboard Mills: 84% candidate rate, below the 89% split","Reporting history: 2 years, below the 2-year split"
G10305,Usine de réduction - Complexe de Contrecoeur,Quebec,CONTRECOEUR,Iron and Steel Mills and Ferro-Alloy Manufacturing,331110,Mittal Canada Inc.,485416.6085285714,484118.9309571429,309.403602,988.2739642857142,14,0.9973266724940416,0.0006373980547099,0.0020359294406539,Above Threshold,CCS Candidate,13.092764847942526,0.8487338634231345,4,CCS Candidate,unanimous,"Sector Iron and Steel Mills and Ferro-Alloy Manufacturing: 85% candidate rate, above the 82% split","Sector Iron and Steel Mills and Ferro-Alloy Manufacturing: 85% candidate rate, below the 89% split","Reporting history: 14 years, above the 2-year split"
G10306,Usine Grande-Baie,Quebec,LA BAIE,Primary Production of Alumina and Aluminum,331313,Alcan Métal Primaire - Québec,542611.050552381,454827.6361904762,37.55431733333334,313.8378721428572,21,0.8382203711617359,6.921038061260057e-05,0.0005783845939432,Above Threshold,Potential CU Candidate,13.204149887866327,0.7085469080394882,2,Potential CU Candidate,contested,"Sector Primary Production of Alumina and Aluminum: 71% candidate rate, below the 82% split","Sector Primary Production of Alumina and Aluminum: 71% candidate rate, below the 75% split","Sector Primary Production of Alumina and Aluminum: 71% candidate rate, above the 67% split"
G10307,Usine Laterrière,Quebec,LATERRIÈRE,Primary Production of Alumina and Aluminum,331313,Alcan Inc-Usine Laterrière,472739.36754761904,378561.99187142856,10.611477333333331,119.8914261904762,21,0.8007837253648988,2.24467815921094e-05,0.0002536099898183,Above Threshold,Potential CU Candidate,13.066301610951133,0.7085469080394882,2,Potential CU Candidate,contested,"Sector Primary Production of Alumina and Aluminum: 71% candidate rate, below the 82% split","Sector Primary Production of Alumina and Aluminum: 71% candidate rate, below the 75% split","Sector Primary Production of Alumina and Aluminum: 71% candidate rate, above the 67% split"
G10308,Usine Shawingan,Quebec,SHAWINIGAN,Primary Production of Alumina and Aluminum,331313,Alcan Inc.,267562.6133272728,180421.81818181815,8.177384727272727,55.87775545454545,11,0.6743162504588518,3.0562508810864586e-05,0.0002088399225873,Above Threshold,Potential CU Candidate,12.497112623877562,0.7085469080394882,1,Potential CU Candidate,majority,"Sector Primary Production of Alumina and Aluminum: 71% candidate rate, below the 82% split","Sector Primary Production of Alumina and Aluminum: 71% candidate rate, below the 75% split","Sector Primary Production of Alumina and Aluminum: 71% candidate rate, above the 67% split"
G10310,W12A Landfill,Ontario,LONDON,Waste Treatment and Disposal,562210,City of London,134599.95976666667,772.0952380952381,133821.11333809525,6.751190476190477,21,0.0057362219084886,0.9942136206435606,5.01574479509049e-05,Above Threshold,Potential CU Candidate,11.810069826677497,0.35073717496627627,0,Potential CU Candidate,unanimous,"Sector Waste Treatment and Disposal: 35% candidate rate, below the 82% split","Sector Waste Treatment and Disposal: 35% candidate rate, below the 75% split","Sector Waste Treatment and Disposal: 35% candidate rate, below the 67% split"
G10311,Wabamun Generating Plant,Alberta,WABAMUN,Fossil-Fuel Electric Power Generation,221112,TransAlta Corporation,2122991.816142857,2108749.549285714,717.136804,13525.130347142856,7,0.9932914169763408,0.0003377953690386,0.0063707877931041,Above Threshold,CCS Candidate,14.568337356856237,0.999655070570997,4,CCS Candidate,unanimous,"Sector Fossil-Fuel Electric Power Generation: 100% candidate rate, above the 82% split","Sector Fossil-Fuel Electric Power Generation: 100% candidate rate, above the 89% split",
G10312,Wapiti Gas Plant,Alberta,GROVEDALE,Conventional Oil and Gas Extraction,211113,Devon Canada Corporation,121174.48736666668,110085.38894714288,9650.350911809524,1438.747502142857,21,0.9084865250061356,0.0796401216256698,0.0118733533222162,Above Threshold,CCS Candidate,11.704995082712228,0.8042618841939829,3,CCS Candidate,majority,"Sector Conventional Oil and Gas Extraction: 80% candidate rate, below the 82% split","Sector Conventional Oil and Gas Extraction: 80% candidate rate, above the 75% split","Scale: 0.12 Mt/yr, below the 0.21 Mt split"
G10313,Waterton Complex,Alberta,PINCHER CREEK,Conventional Oil and Gas Extraction,211113,not applicable,349118.09505238093,324218.32457142853,21608.860408,3290.910084047619,21,0.9286780867739998,0.0618955611703766,0.0094263520874042,Above Threshold,CCS Candidate,12.763168389541622,0.8042618841939829,4,CCS Candidate,unanimous,"Sector Conventional Oil and Gas Extraction: 80% candidate rate, below the 82% split","Sector Conventional Oil and Gas Extraction: 80% candidate rate, above the 75% split","Scale: 0.35 Mt/yr, above the 0.21 Mt split"
G10314,West Whitecourt,Alberta,WHITECOURT,Conventional Oil and Gas Extraction,211113,Central Alberta Midstreeam,106460.34009836364,94003.10142381817,10431.858130909091,2025.3805454545457,11,0.882987047918167,0.0979882097057985,0.0190247423931128,Above Threshold,CCS Candidate,11.575537194458564,0.8042618841939829,2,Potential CU Candidate,contested,"Sector Conventional Oil and Gas Extraction: 80% candidate rate, below the 82% split","Sector Conventional Oil and Gas Extraction: 80% candidate rate, above the 75% split","Scale: 0.11 Mt/yr, below the 0.21 Mt split"
G10315,West Windsor Power,Ontario,WINDSOR,Fossil-Fuel Electric Power Generation,221112,Tractebel Canada Inc.,227758.9019147619,225423.31141761903,749.5437493333333,1584.3681821428572,21,0.9897453382611716,0.003290952595187,0.0069563392202154,Above Threshold,CCS Candidate,12.336047291300096,0.999655070570997,4,CCS Candidate,unanimous,"Sector Fossil-Fuel Electric Power Generation: 100% candidate rate, above the 82% split","Sector Fossil-Fuel Electric Power Generation: 100% candidate rate, above the 89% split",
G10316,Western Canada Operations,Alberta,FORT SASKATCHEWAN,Other Basic Organic Chemical Manufacturing,325190,Dow Chemical Canada Inc.,1266854.5777142856,1258972.6294761903,2398.829329333333,3423.5755828571428,21,0.9937783322752672,0.0018935317214241,0.0027024219220442,Above Threshold,CCS Candidate,14.052048465208946,0.8443225151990559,4,CCS Candidate,unanimous,"Sector Other Basic Organic Chemical Manufacturing: 84% candidate rate, above the 82% split","Sector Other Basic Organic Chemical Manufacturing: 84% candidate rate, below the 89% split","Reporting history: 21 years, above the 2-year split"
G10318,Weyerhaeuser Company Limited - Dryden Operations,Ontario,DRYDEN,Chemical Pulp Mills,322112,Weyerhaeuser Company Limited,104206.126191,87410.504763,12658.100826,4028.2750965,20,0.8388230899475602,0.1214717530406887,0.0386567972896003,Above Threshold,Potential CU Candidate,11.55413579551189,0.7856137302487847,4,CCS Candidate,unanimous,"Sector Chemical Pulp Mills: 79% candidate rate, below the 82% split","Sector Chemical Pulp Mills: 79% candidate rate, above the 75% split","Scale: 0.10 Mt/yr, below the 0.21 Mt split"
G10319,Whitby Cogeneration,Ontario,WHITBY,Fossil-Fuel Electric Power Generation,221112,Whitby Cogeneration,193664.8235875,191942.375,418.2359195,1304.21267125,16,0.9911060328066146,0.0021595864016628,0.0067343808085041,Above Threshold,CCS Candidate,12.173889393907752,0.999655070570997,4,CCS Candidate,unanimous,"Sector Fossil-Fuel Electric Power Generation: 100% candidate rate, above the 82% split","Sector Fossil-Fuel Electric Power Generation: 100% candidate rate, above the 89% split",
G10320,Wildboy Gas Plant,British Columbia,HELMUT,Conventional Oil and Gas Extraction,211113,Penn West Petroleum Ltd.,123333.60368235294,107999.08441411763,14224.454241529413,1110.065015882353,17,0.8756663325290525,0.1153331599566704,0.0090005074265188,Above Threshold,CCS Candidate,11.722656296026438,0.8042618841939829,2,Potential CU Candidate,contested,"Sector Conventional Oil and Gas Extraction: 80% candidate rate, below the 82% split","Sector Conventional Oil and Gas Extraction: 80% candidate rate, above the 75% split","Scale: 0.12 Mt/yr, below the 0.21 Mt split"
G10321,Wildcat Hills Gas Plant,Alberta,COCHRANE,Conventional Oil and Gas Extraction,211113,Petro-Canada,129933.20438095236,124922.88823142856,3734.9241946666666,1275.3919621428572,21,0.961439293570918,0.0287449556290184,0.0098157508561362,Above Threshold,CCS Candidate,11.774783481169166,0.8042618841939829,3,CCS Candidate,majority,"Sector Conventional Oil and Gas Extraction: 80% candidate rate, below the 82% split","Sector Conventional Oil and Gas Extraction: 80% candidate rate, above the 75% split","Scale: 0.13 Mt/yr, below the 0.21 Mt split"
G10323,Windsor Essex Cogeneration Plant,Ontario,WINDSOR,Fossil-Fuel Electric Power Generation,221112,TransAlta Corporation,125942.36525675,124844.09476075,256.6012274,841.6692692500001,20,0.9912795786091436,0.0020374496451363,0.006682971750881,Above Threshold,CCS Candidate,11.743587602796977,0.999655070570997,4,CCS Candidate,unanimous,"Sector Fossil-Fuel Electric Power Generation: 100% candidate rate, above the 82% split","Sector Fossil-Fuel Electric Power Generation: 100% candidate rate, above the 89% split",
G10324,Wolf Lake/Primrose Thermal Operation,Alberta,BONNYVILLE,Non-Conventional Oil Extraction,211114,Canadian Natural Resources Limited,3079278.688761905,3003286.92652381,63303.73931857143,12687.93787904762,21,0.975321570432896,0.0205579766292683,0.0041204253208237,Above Threshold,CCS Candidate,14.940206260313444,0.9843482452987367,4,CCS Candidate,unanimous,"Sector Non-Conventional Oil Extraction: 98% candidate rate, above the 82% split","Sector Non-Conventional Oil Extraction: 98% candidate rate, above the 89% split",
G10325,"Works 84, Owen Sound Flat Glass Plant",Ontario,OWEN SOUND,Glass Manufacturing,327214,PPG Canada Inc.,102667.195138,102662.841738,0.0308,2.5546,5,0.9999575969715142,2.9999845577353324e-07,2.488233945191779e-05,Above Threshold,CCS Candidate,11.539257660884571,0.8385102660425425,4,CCS Candidate,unanimous,"Sector Glass Manufacturing: 84% candidate rate, above the 82% split","Sector Glass Manufacturing: 84% candidate rate, below the 89% split","Reporting history: 5 years, above the 2-year split"
G10327,Alcan Inc - Strathcona works,Alberta,SHERWOOD PARK,Other Petroleum and Coal Products Manufacturing,324190,Alcan Primary Metal-British Columbia,101868.92606176472,101857.98895235294,1.2810543529411764,6.880631470588234,17,0.9998926354695726,1.2575516425533468e-05,6.75439678868942e-05,Above Threshold,CCS Candidate,11.531452043774136,0.8385102660425425,4,CCS Candidate,unanimous,"Sector Other Petroleum and Coal Products Manufacturing: 84% candidate rate, above the 82% split","Sector Other Petroleum and Coal Products Manufacturing: 84% candidate rate, below the 89% split","Reporting history: 17 years, above the 2-year split"
G10328,Bienfait Mine,Saskatchewan,BIENFAIT,Lignite Coal Mining,212116,Luscar Ltd,123559.605506,108267.8849445,872.5809735999999,14419.13960075,20,0.8762401312396758,0.007062024599598,0.1166978442647246,Above Threshold,CCS Candidate,11.72448704752229,0.8363005006459908,4,CCS Candidate,unanimous,"Sector Lignite Coal Mining: 84% candidate rate, above the 82% split","Sector Lignite Coal Mining: 84% candidate rate, below the 89% split","Reporting history: 20 years, above the 2-year split"
G10329,Bolney Thermal,Saskatchewan,LLOYDMINSTER,Non-Conventional Oil Extraction,211114,Husky Energy,407911.291425,399745.270455,6290.4669058,1875.5540625,20,0.9799808901060992,0.0154211639590187,0.0045979459307143,Above Threshold,CCS Candidate,12.918807458278955,0.9843482452987367,4,CCS Candidate,unanimous,"Sector Non-Conventional Oil Extraction: 98% candidate rate, above the 82% split","Sector Non-Conventional Oil Extraction: 98% candidate rate, above the 89% split",
G10334,Irving Paper,New Brunswick,SAINT JOHN,Paper (except Newsprint) Mills,322121,Irving Paper,104092.1886875,103448.4425985,64.2946094,536.80065525,20,0.9938156157813858,0.0006176698771607,0.0051569734676398,Above Threshold,CCS Candidate,11.553041821986888,0.8033154424467096,2,Potential CU Candidate,contested,"Sector Paper (except Newsprint) Mills: 80% candidate rate, below the 82% split","Sector Paper (except Newsprint) Mills: 80% candidate rate, above the 75% split","Scale: 0.10 Mt/yr, below the 0.21 Mt split"
G10335,Lake Superior Power,Ontario,SAULT STE. MARIE,Fossil-Fuel Electric Power Generation,221112,Brookfield Power,180690.33728,178852.9459709091,554.8105818181818,1282.5807272727272,11,0.9898312696918394,0.0030705049875381,0.0070982253206225,Above Threshold,CCS Candidate,12.104545535641464,0.999655070570997,4,CCS Candidate,unanimous,"Sector Fossil-Fuel Electric Power Generation: 100% candidate rate, above the 82% split","Sector Fossil-Fuel Electric Power Generation: 100% candidate rate, above the 89% split",
G10337,Niagara Waste Systems Limited,Ontario,THOROLD,Waste Treatment and Disposal,562210,Niagara Waste Systems Limited,175483.04787,0.0,175483.04787,0.0,20,0.0,1.0,0.0,Above Threshold,Potential CU Candidate,12.075303422429192,0.35073717496627627,0,Potential CU Candidate,unanimous,"Sector Waste Treatment and Disposal: 35% candidate rate, below the 82% split","Sector Waste Treatment and Disposal: 35% candidate rate, below the 75% split","Sector Waste Treatment and Disposal: 35% candidate rate, below the 67% split"
G10338,North Tangleflags Facility,Saskatchewan,Unknown,Non-Conventional Oil Extraction,211114,Canadian Natural Resources Limited,105067.561817,99810.559115,4801.9281606,455.07454925,20,0.9499655020913466,0.0457032415862442,0.004331256397123,Above Threshold,CCS Candidate,11.562368385733423,0.9843482452987367,4,CCS Candidate,unanimous,"Sector Non-Conventional Oil Extraction: 98% candidate rate, above the 82% split","Sector Non-Conventional Oil Extraction: 98% candidate rate, above the 89% split",
G10342,Prince George Pulp and Paper and Intercontinental,British Columbia,PRINCE GEORGE,Chemical Pulp Mills,322112,Canfor,155953.495355,136490.9286775,6666.7515707,12650.7754165,20,0.8752027543005882,0.0427483305553642,0.0811188962947114,Above Threshold,CCS Candidate,11.957319547237685,0.7856137302487847,3,CCS Candidate,majority,"Sector Chemical Pulp Mills: 79% candidate rate, below the 82% split","Sector Chemical Pulp Mills: 79% candidate rate, above the 75% split","Scale: 0.16 Mt/yr, below the 0.21 Mt split"
G10343,Ridge Landfill,Ontario,BLENHEIM,Waste Treatment and Disposal,562210,BFI Canada Inc.,444350.964705,317.77135,444029.257575,3.93578,20,0.0007151359516254,0.9992760066804096,8.85736796501145e-06,Above Threshold,Potential CU Candidate,13.00437224068267,0.35073717496627627,0,Potential CU Candidate,unanimous,"Sector Waste Treatment and Disposal: 35% candidate rate, below the 82% split","Sector Waste Treatment and Disposal: 35% candidate rate, below the 75% split","Sector Waste Treatment and Disposal: 35% candidate rate, below the 67% split"
G10344,Ste Sophie Landfill,Quebec,STE SOPHIE,Waste Treatment and Disposal,562210,Waste Management of Canada Corporation,138570.94341555555,1599.7655710555557,136917.19690222223,53.980941666666666,18,0.0115447404168857,0.98806570502754,0.0003895545511643,Above Threshold,Potential CU Candidate,11.83914491678734,0.35073717496627627,0,Potential CU Candidate,unanimous,"Sector Waste Treatment and Disposal: 35% candidate rate, below the 82% split","Sector Waste Treatment and Disposal: 35% candidate rate, below the 75% split","Sector Waste Treatment and Disposal: 35% candidate rate, below the 67% split"
G10346,Terasen Gas,British Columbia,BRITISH COLUMBIA,Natural Gas Distribution,221210,Terasen Gas,130776.833315,38123.6328215,92398.512627,254.6878695,20,0.2915167148119593,0.7065357853132995,0.0019474998976809,Above Threshold,Potential CU Candidate,11.781255233574752,0.6512258701427436,0,Potential CU Candidate,unanimous,"Sector Natural Gas Distribution: 65% candidate rate, below the 82% split","Sector Natural Gas Distribution: 65% candidate rate, below the 75% split","Sector Natural Gas Distribution: 65% candidate rate, below the 67% split"
G10347,Tooga Plant,British Columbia,FORT ST. JOHN,Conventional Oil and Gas Extraction,211113,Duke Energy Field Services Canada,100452.8246,79738.2,20495.99958,218.625,2,0.7937875347708241,0.2040360702808948,0.0021763947491825,Above Threshold,Potential CU Candidate,11.517453444182271,0.8042618841939829,0,Potential CU Candidate,unanimous,"Sector Conventional Oil and Gas Extraction: 80% candidate rate, below the 82% split","Sector Conventional Oil and Gas Extraction: 80% candidate rate, above the 75% split","Scale: 0.10 Mt/yr, below the 0.21 Mt split"
G10348,Trail Road Landfill Facility,Ontario,OTTAWA,Waste Treatment and Disposal,562210,Dillon Consulting Limited,109320.1734135,8960.26553815,100199.953743,159.9541325,20,0.0819635137629912,0.9165733150092704,0.0014631712291104,Above Threshold,Potential CU Candidate,11.60204537373394,0.35073717496627627,0,Potential CU Candidate,unanimous,"Sector Waste Treatment and Disposal: 35% candidate rate, below the 82% split","Sector Waste Treatment and Disposal: 35% candidate rate, below the 75% split","Sector Waste Treatment and Disposal: 35% candidate rate, below the 67% split"
G10353,Weyburn Oil Battery,Saskatchewan,WEYBURN,Conventional Oil and Gas Extraction,211113,EnCana Corporation,115022.226892,111525.517787,3344.0756719,152.633428,20,0.9695997095562824,0.0290732996765913,0.0013269907227871,Above Threshold,CCS Candidate,11.652889359925505,0.8042618841939829,3,CCS Candidate,majority,"Sector Conventional Oil and Gas Extraction: 80% candidate rate, below the 82% split","Sector Conventional Oil and Gas Extraction: 80% candidate rate, above the 75% split","Scale: 0.12 Mt/yr, below the 0.21 Mt split"
G10354,White Rose FPSO,Newfoundland and Labrador,ATLANTIC,Conventional Oil and Gas Extraction,211113,Husky Energy,398307.312325,363959.320115,28210.965187,6137.027026,20,0.9137650975838132,0.0708271335073587,0.0154077689163599,Above Threshold,CCS Candidate,12.894981638459878,0.8042618841939829,3,CCS Candidate,majority,"Sector Conventional Oil and Gas Extraction: 80% candidate rate, below the 82% split","Sector Conventional Oil and Gas Extraction: 80% candidate rate, above the 75% split","Scale: 0.40 Mt/yr, above the 0.21 Mt split"
G10355,AV Nackawic,New Brunswick,NACKAWIC,Chemical Pulp Mills,322112,AV Nackawic Inc.,110442.16049157894,86860.25958894737,16539.564592105264,7042.33631,19,0.7864773669976363,0.1497577059203435,0.0637649270772547,Above Threshold,Potential CU Candidate,11.61225628290716,0.7856137302487847,0,Potential CU Candidate,unanimous,"Sector Chemical Pulp Mills: 79% candidate rate, below the 82% split","Sector Chemical Pulp Mills: 79% candidate rate, above the 75% split","Scale: 0.11 Mt/yr, below the 0.21 Mt split"
G10356,Balzac Power Station,Alberta,BALZAC,Fossil-Fuel Electric Power Generation,221112,Nexen Inc.,190981.05952105264,189011.23964210527,780.5027587368421,1189.3171128947367,19,0.989685784109234,0.0040868071456625,0.006227408706797,Above Threshold,CCS Candidate,12.159934773407992,0.999655070570997,4,CCS Candidate,unanimous,"Sector Fossil-Fuel Electric Power Generation: 100% candidate rate, above the 82% split","Sector Fossil-Fuel Electric Power Generation: 100% candidate rate, above the 89% split",
G10357,Becancour Power Plant,Quebec,BÉCANCOUR,Fossil-Fuel Electric Power Generation,221112,TransCanada Energy Ltd.,201642.5608894737,199556.12008421053,300.5418315789474,1749.986051052632,19,0.9896527757034052,0.0014904682337558,0.0086786541657336,Above Threshold,CCS Candidate,12.214256867678971,0.999655070570997,4,CCS Candidate,unanimous,"Sector Fossil-Fuel Electric Power Generation: 100% candidate rate, above the 82% split","Sector Fossil-Fuel Electric Power Generation: 100% candidate rate, above the 89% split",
G10359,Coal Valley Mine,Alberta,EDSON,Bituminous Coal Mining,212114,Coal Valley Mine,143508.7721568421,101374.3697331579,38411.04630157895,3723.356111842105,19,0.7063984187835214,0.2676564346853943,0.0259451464595684,Above Threshold,Potential CU Candidate,11.874158410517156,0.5934851918418639,0,Potential CU Candidate,unanimous,"Sector Bituminous Coal Mining: 59% candidate rate, below the 82% split","Sector Bituminous Coal Mining: 59% candidate rate, below the 75% split","Sector Bituminous Coal Mining: 59% candidate rate, below the 67% split"
G10360,Corunna Hydrogen Facility,Ontario,CORUNNA,Industrial Gas Manufacturing,325120,Air Products Canada Ltd,492278.6816578948,491546.4041105263,396.05810189473686,336.2194473684211,19,0.9985124735751256,0.0008045404293374,0.0006829859993857,Above Threshold,CCS Candidate,13.106802292617289,0.8408840542607965,4,CCS Candidate,unanimous,"Sector Industrial Gas Manufacturing: 84% candidate rate, above the 82% split","Sector Industrial Gas Manufacturing: 84% candidate rate, below the 89% split","Reporting history: 19 years, above the 2-year split"
G10361,Edmonton Hydrogen Facility,Alberta,EDMONTON,Industrial Gas Manufacturing,325120,Air Products Canada Ltd,1052010.827694737,1050518.487868421,964.0134884210528,528.3263855263158,19,0.998581440621114,0.0009163532000269,0.0005022062241355,Above Threshold,CCS Candidate,13.866214915272424,0.8408840542607965,4,CCS Candidate,unanimous,"Sector Industrial Gas Manufacturing: 84% candidate rate, above the 82% split","Sector Industrial Gas Manufacturing: 84% candidate rate, below the 89% split","Reporting history: 19 years, above the 2-year split"
G10364,Essex County Landfill No. 3,Ontario,LAKESHORE,Waste Treatment and Disposal,562210,EWSWA,169232.4790263158,1114.1460636842105,168118.32877368422,0.0041842105263157,19,0.0065835238607534,0.9934164513866258,2.4724630581492227e-08,Above Threshold,Potential CU Candidate,12.03903457316704,0.35073717496627627,0,Potential CU Candidate,unanimous,"Sector Waste Treatment and Disposal: 35% candidate rate, below the 82% split","Sector Waste Treatment and Disposal: 35% candidate rate, below the 75% split","Sector Waste Treatment and Disposal: 35% candidate rate, below the 67% split"
G10365,Essex County Regional Landfill,Ontario,ESSEX,Waste Treatment and Disposal,562210,EWSWA,212599.05552105265,378.2831908421053,212219.61980526315,1.152526842105263,19,0.0017793267703611,0.9982152521098482,5.421128702950112e-06,Above Threshold,Potential CU Candidate,12.267168006042596,0.35073717496627627,0,Potential CU Candidate,unanimous,"Sector Waste Treatment and Disposal: 35% candidate rate, below the 82% split","Sector Waste Treatment and Disposal: 35% candidate rate, below the 75% split","Sector Waste Treatment and Disposal: 35% candidate rate, below the 67% split"
G10370,OC Celfortec,Quebec,VALLEYFIELD,Polystyrene Foam Product Manufacturing,326140,OC Celfortec,134217.80067817649,502.6571207647059,0.3219011764705882,0.970944411764706,17,0.0037450853629315,2.3983493608454624e-06,7.234095677761909e-06,Above Threshold,Potential CU Candidate,11.807226588179658,0.6966592011420547,0,Potential CU Candidate,unanimous,"Sector Polystyrene Foam Product Manufacturing: 70% candidate rate, below the 82% split","Sector Polystyrene Foam Product Manufacturing: 70% candidate rate, below the 75% split","Sector Polystyrene Foam Product Manufacturing: 70% candidate rate, above the 67% split"
G10371,Olds Gas Plant,Alberta,OLDS,Conventional Oil and Gas Extraction,211113,Esprit Explorations Ltd.,109530.51384947367,105579.46416894738,2654.288642526316,1296.7610421052632,19,0.963927406695488,0.0242333259403317,0.011839267401661,Above Threshold,CCS Candidate,11.603967584544964,0.8042618841939829,2,Potential CU Candidate,contested,"Sector Conventional Oil and Gas Extraction: 80% candidate rate, below the 82% split","Sector Conventional Oil and Gas Extraction: 80% candidate rate, above the 75% split","Scale: 0.11 Mt/yr, below the 0.21 Mt split"
G10374,Port Alice Cellulose Operation,British Columbia,PORT ALICE,Chemical Pulp Mills,322112,Neucel Specialty Cellulose,147730.01183888887,145099.76463888888,761.3140826666666,1868.9331111111112,9,0.9821955798469136,0.0051534151604681,0.0126510049504993,Above Threshold,CCS Candidate,11.903148411536687,0.7856137302487847,1,Potential CU Candidate,majority,"Sector Chemical Pulp Mills: 79% candidate rate, below the 82% split","Sector Chemical Pulp Mills: 79% candidate rate, above the 75% split","Scale: 0.15 Mt/yr, below the 0.21 Mt split"
G10376,Region of Peel - Britannia Sanitary Landfill Site,Ontario,MISSISSAUGA,Waste Treatment and Disposal,562210,Region of Peel - Britannia Sanitary Landfill Site,235347.90161578945,0.0,235347.90161578945,0.0,19,0.0,1.0,0.0,Above Threshold,Potential CU Candidate,12.36882437979392,0.35073717496627627,0,Potential CU Candidate,unanimous,"Sector Waste Treatment and Disposal: 35% candidate rate, below the 82% split","Sector Waste Treatment and Disposal: 35% candidate rate, below the 75% split","Sector Waste Treatment and Disposal: 35% candidate rate, below the 67% split"
G10380,Bear Creek Power Plant,Alberta,GRANDE PRAIRIE,Fossil-Fuel Electric Power Generation,221112,TransCanada Energy Ltd.,172704.60822166663,170161.31809666668,1314.342673,1228.9474595833333,12,0.9852737564377224,0.007610350913816,0.0071158926923708,Above Threshold,CCS Candidate,12.0593437373867,0.999655070570997,4,CCS Candidate,unanimous,"Sector Fossil-Fuel Electric Power Generation: 100% candidate rate, above the 82% split","Sector Fossil-Fuel Electric Power Generation: 100% candidate rate, above the 89% split",
G10381,Diavik Diamond Mine,Northwest Territories,LAC DE GRAS,Diamond Mining,212392,Diavik Diamond Mines Inc.,190346.39246666667,184399.91126666663,226.499252,5719.981952222222,18,0.9687596853140183,0.0011899319396855,0.0300503827684777,Above Threshold,CCS Candidate,12.156606063091475,0.8408840542607965,4,CCS Candidate,unanimous,"Sector Diamond Mining: 84% candidate rate, above the 82% split","Sector Diamond Mining: 84% candidate rate, below the 89% split","Reporting history: 18 years, above the 2-year split"
G10385,Highland Valley Copper,British Columbia,LOGAN LAKE,Copper-Zinc Ore Mining,212233,Highland Valley Copper,166988.7442,161294.58765555557,219.4003902222222,5474.756149166667,18,0.9659009559493148,0.0013138633461393,0.0327851806742712,Above Threshold,CCS Candidate,12.025687677537052,0.8363005006459908,4,CCS Candidate,unanimous,"Sector Copper-Zinc Ore Mining: 84% candidate rate, above the 82% split","Sector Copper-Zinc Ore Mining: 84% candidate rate, below the 89% split","Reporting history: 18 years, above the 2-year split"
G10388,Line Creek Operations,British Columbia,SPARWOOD,Bituminous Coal Mining,212114,Elk Valley Coal Corporation,199705.7935611111,106066.76937944443,90025.51476444445,3564.66075,18,0.5311151343588209,0.4507907014570217,0.0178495610289302,Above Threshold,Potential CU Candidate,12.204605537659084,0.5934851918418639,0,Potential CU Candidate,unanimous,"Sector Bituminous Coal Mining: 59% candidate rate, below the 82% split","Sector Bituminous Coal Mining: 59% candidate rate, below the 75% split","Sector Bituminous Coal Mining: 59% candidate rate, below the 67% split"
G10390,Long Lake Project,Alberta,FORT MCMURRAY,Non-Conventional Oil Extraction,211114,Long Lake Project,2294830.424816666,2273324.9548055558,11513.902285111111,9989.357320277775,18,0.9906287323984606,0.0050173216114785,0.0043529827791418,Above Threshold,CCS Candidate,14.646169945540036,0.9843482452987367,4,CCS Candidate,unanimous,"Sector Non-Conventional Oil Extraction: 98% candidate rate, above the 82% split","Sector Non-Conventional Oil Extraction: 98% candidate rate, above the 89% split",
G10393,Thebaud Platform,Nova Scotia,OFFSHORE,Conventional Oil and Gas Extraction,211113,ExxonMobil Canada Properties,172621.490075,118597.55165666666,52835.69482916666,1123.6220833333334,12,0.6870381642815087,0.3060783150823851,0.0065091668647116,Above Threshold,Potential CU Candidate,12.058862350852088,0.8042618841939829,1,Potential CU Candidate,majority,"Sector Conventional Oil and Gas Extraction: 80% candidate rate, below the 82% split","Sector Conventional Oil and Gas Extraction: 80% candidate rate, above the 75% split","Scale: 0.17 Mt/yr, below the 0.21 Mt split"
G10394,Tucker Thermal,Alberta,COLD LAKE,Non-Conventional Oil Extraction,211114,Husky Oil Operations Ltd,612616.0706555556,610051.5257777778,1700.631114,863.9137652777778,18,0.9958137812561242,0.0027760145308956,0.0014102042154286,Above Threshold,CCS Candidate,13.325495338901078,0.9843482452987367,4,CCS Candidate,unanimous,"Sector Non-Conventional Oil Extraction: 98% candidate rate, above the 82% split","Sector Non-Conventional Oil Extraction: 98% candidate rate, above the 89% split",
G10398,Xstrata Nickel Sudbury Smelter,Ontario,FALCONBRIDGE,Non-Ferrous Metal (except Aluminum) Smelting and Refining,331410,Sudbury Smelter,114623.30785555555,114422.04959444444,22.796666666666667,175.21159583333332,18,0.9982441768181676,0.0001988833431276,0.0015285861061881,Above Threshold,CCS Candidate,11.64941517120296,0.8033154424467096,2,Potential CU Candidate,contested,"Sector Non-Ferrous Metal (except Aluminum) Smelting and Refining: 80% candidate rate, below the 82% split","Sector Non-Ferrous Metal (except Aluminum) Smelting and Refining: 80% candidate rate, above the 75% split","Scale: 0.11 Mt/yr, below the 0.21 Mt split"
G10400,Wolverine Group- Perry Creek Mine,British Columbia,TUMBLER RIDGE,Bituminous Coal Mining,212114,Western Canadian Coal Corp.,119179.40040117648,72111.72413647058,43610.58479188236,3457.0914667647057,17,0.6050686938659807,0.3659238479559581,0.0290074581272232,Above Threshold,Potential CU Candidate,11.688393593929296,0.5934851918418639,0,Potential CU Candidate,unanimous,"Sector Bituminous Coal Mining: 59% candidate rate, below the 82% split","Sector Bituminous Coal Mining: 59% candidate rate, below the 75% split","Sector Bituminous Coal Mining: 59% candidate rate, below the 67% split"
G10401,BFI Usine de triage Lachenaie Ltée.,Quebec,TERREBONNE,All Other Waste Management Services,562990,BFI Usine de triage Lachenaie Ltée.,135366.62756,7792.899976625,127187.98696125,385.740625,16,0.0575688418710946,0.9395815590136876,0.0028495991364564,Above Threshold,Potential CU Candidate,11.815749523429742,0.6966592011420547,0,Potential CU Candidate,unanimous,"Sector All Other Waste Management Services: 70% candidate rate, below the 82% split","Sector All Other Waste Management Services: 70% candidate rate, below the 75% split","Sector All Other Waste Management Services: 70% candidate rate, above the 67% split"
G10406,Great Divide,Alberta,FORT MCMURRAY,Non-Conventional Oil Extraction,211114,Connacher Oil and Gas Limited,214314.7494,209590.6715,4230.923804235295,493.1540882352942,17,0.977957289858838,0.0197416361500096,0.00230107395602,Above Threshold,CCS Candidate,12.275205671061755,0.9843482452987367,4,CCS Candidate,unanimous,"Sector Non-Conventional Oil Extraction: 98% candidate rate, above the 82% split","Sector Non-Conventional Oil Extraction: 98% candidate rate, above the 89% split",
G10407,Greenfield Energy Centre,Ontario,COURTRIGHT,Fossil-Fuel Electric Power Generation,221112,"Greenfield Energy Centre, LP",909078.7702529412,897093.0242941177,5849.7253327058825,6134.914783235295,17,0.9868155033963796,0.006434783787854,0.0067484963723532,Above Threshold,CCS Candidate,13.72018812536312,0.999655070570997,4,CCS Candidate,unanimous,"Sector Fossil-Fuel Electric Power Generation: 100% candidate rate, above the 82% split","Sector Fossil-Fuel Electric Power Generation: 100% candidate rate, above the 89% split",
G10408,Horizon Oil Sands Processing Plant and Mine,Alberta,FORT MCMURRAY,Non-Conventional Oil Extraction,211114,Canadian Natural Resources Limited,4220672.648541176,3809222.9917117646,394765.3976268235,15403.913141764706,17,0.902515619880726,0.093531394282205,0.0036496346493701,Above Threshold,CCS Candidate,15.255505305628034,0.9843482452987367,4,CCS Candidate,unanimous,"Sector Non-Conventional Oil Extraction: 98% candidate rate, above the 82% split","Sector Non-Conventional Oil Extraction: 98% candidate rate, above the 89% split",
G10409,Jackfish SAGD Plant,Alberta,CONKIN,Non-Conventional Oil Extraction,211114,Devon Canada Corporation,626295.2207,617580.6278181818,7755.427773636364,959.165090909091,11,0.9860854871731608,0.0123830224426241,0.0015314903566357,Above Threshold,CCS Candidate,13.3475787341667,0.9843482452987367,4,CCS Candidate,unanimous,"Sector Non-Conventional Oil Extraction: 98% candidate rate, above the 82% split","Sector Non-Conventional Oil Extraction: 98% candidate rate, above the 89% split",
G10412,Orion Complex,Alberta,MD OF BONNYVILLE,Non-Conventional Oil Extraction,211114,not applicable,314732.31703529414,312455.1101823529,1734.002368,543.2044823529411,17,0.9927646233650488,0.0055094512833442,0.0017259253433832,Above Threshold,CCS Candidate,12.659480946642567,0.9843482452987367,4,CCS Candidate,unanimous,"Sector Non-Conventional Oil Extraction: 98% candidate rate, above the 82% split","Sector Non-Conventional Oil Extraction: 98% candidate rate, above the 89% split",
G10413,Portlands Energy Centre,Ontario,TORONTO,Fossil-Fuel Electric Power Generation,221112,Portlands Energy Centre LP,450555.0163335294,443803.74137064704,3144.642112705882,3606.632853235294,17,0.985015647993841,0.00697948529859,0.008004866714358,Above Threshold,CCS Candidate,13.018237690883382,0.999655070570997,4,CCS Candidate,unanimous,"Sector Fossil-Fuel Electric Power Generation: 100% candidate rate, above the 82% split","Sector Fossil-Fuel Electric Power Generation: 100% candidate rate, above the 89% split",
G10414,Surmont Central Processing Facility,Alberta,ANZAC,Non-Conventional Oil Extraction,211114,ConocoPhillips Canada,1776972.0783647057,1771249.9757235297,3229.6400821176467,2492.462488235294,17,0.9967798578768654,0.0018174962462492,0.0014026458370291,Above Threshold,CCS Candidate,14.390421956974023,0.9843482452987367,4,CCS Candidate,unanimous,"Sector Non-Conventional Oil Extraction: 98% candidate rate, above the 82% split","Sector Non-Conventional Oil Extraction: 98% candidate rate, above the 89% split",
G10421,Baymag Inc.,Alberta,Unknown,All Other Non-Metallic Mineral Product Manufacturing,327990,Baymag Inc.,147818.87398125,147616.13449375,21.88344375,180.856040625,16,0.9986284600738756,0.000148042284186,0.0012234976207973,Above Threshold,CCS Candidate,11.903749743823631,0.8363005006459908,4,CCS Candidate,unanimous,"Sector All Other Non-Metallic Mineral Product Manufacturing: 84% candidate rate, above the 82% split","Sector All Other Non-Metallic Mineral Product Manufacturing: 84% candidate rate, below the 89% split","Reporting history: 16 years, above the 2-year split"
G10442,Landfill,Saskatchewan,SASKATOON,Waste Treatment and Disposal,562210,City of Saskatoon,106971.804926875,799.49414075,106141.02808875,31.2827034375,16,0.0074738772641681,0.9922336840189532,0.0002924387735523,Above Threshold,Potential CU Candidate,11.580329921578112,0.35073717496627627,0,Potential CU Candidate,unanimous,"Sector Waste Treatment and Disposal: 35% candidate rate, below the 82% split","Sector Waste Treatment and Disposal: 35% candidate rate, below the 75% split","Sector Waste Treatment and Disposal: 35% candidate rate, below the 67% split"
G10443,Vancouver Landfill,British Columbia,DELTA,Waste Treatment and Disposal,562210,City of Vancouver,278544.7707375,2338.234164875,276063.291175,143.245385625,16,0.0083944644111755,0.9910912721286068,0.0005142634171366,Above Threshold,Potential CU Candidate,12.537337672197816,0.35073717496627627,0,Potential CU Candidate,unanimous,"Sector Waste Treatment and Disposal: 35% candidate rate, below the 82% split","Sector Waste Treatment and Disposal: 35% candidate rate, below the 75% split","Sector Waste Treatment and Disposal: 35% candidate rate, below the 67% split"
G10445,Kilmar Plant,Quebec,GRENVILLE-SUR-LA-ROUGE,Cement Manufacturing,327310,Colacem Canada inc,175742.8246,175138.17557999998,226.340324,378.3087,10,0.9965594668153523,0.001287906487876,0.002152626719532,Above Threshold,CCS Candidate,12.076782671644482,0.8965301449258793,4,CCS Candidate,unanimous,"Sector Cement Manufacturing: 90% candidate rate, above the 82% split","Sector Cement Manufacturing: 90% candidate rate, above the 89% split",
G10452,Domtar Usine de Windsor,Quebec,WINDSOR,Paper (except Newsprint) Mills,322121,Domtar,110355.525229375,91541.806875,9967.703255625,8830.996839375,16,0.8295172052756714,0.0903235541211646,0.0800231508211273,Above Threshold,Potential CU Candidate,11.61147154205604,0.8033154424467096,3,CCS Candidate,majority,"Sector Paper (except Newsprint) Mills: 80% candidate rate, below the 82% split","Sector Paper (except Newsprint) Mills: 80% candidate rate, above the 75% split","Scale: 0.11 Mt/yr, below the 0.21 Mt split"
G10455,Resthaven Sweet Gas Plant 08-11,Alberta,Unknown,Conventional Oil and Gas Extraction,211113,EnCana Corporation,152209.255339375,108334.67985625,35672.429428125,8202.146059375,16,0.711748307385779,0.2343643909733845,0.0538873016695797,Above Threshold,Potential CU Candidate,11.93301810281895,0.8042618841939829,1,Potential CU Candidate,majority,"Sector Conventional Oil and Gas Extraction: 80% candidate rate, below the 82% split","Sector Conventional Oil and Gas Extraction: 80% candidate rate, above the 75% split","Scale: 0.15 Mt/yr, below the 0.21 Mt split"
G10459,Pearl Street Steam Plant,Ontario,TORONTO,Steam and Air-Conditioning Supply,221330,Enwave Energy Corporation,109031.146352,108468.135592,62.1506368,500.860123,15,0.99483623919552,0.0005700264454649,0.0045937343571808,Above Threshold,CCS Candidate,11.599398038391282,0.8385102660425425,4,CCS Candidate,unanimous,"Sector Steam and Air-Conditioning Supply: 84% candidate rate, above the 82% split","Sector Steam and Air-Conditioning Supply: 84% candidate rate, below the 89% split","Reporting history: 15 years, above the 2-year split"
G10462,Essar Power Canada Ltd,Ontario,SAULT STE. MARIE,Other Electric Power Generation,221119,Essar Power Canada Ltd.,1391137.6236222223,1373506.4249999998,14521.45305,3109.7455555555557,9,0.9873260572334212,0.0104385452621066,0.0022353974924913,Above Threshold,CCS Candidate,14.145633123468654,0.8385102660425425,4,CCS Candidate,unanimous,"Sector Other Electric Power Generation: 84% candidate rate, above the 82% split","Sector Other Electric Power Generation: 84% candidate rate, below the 89% split","Reporting history: 9 years, above the 2-year split"
G10465,Foster Creek SAGD Bitumen Battery (with Cogen),Alberta,BONNYVILLE,Non-Conventional Oil Extraction,211114,Cenovus FCCL Ltd.,2917837.4099375,2904103.4706875,6564.277692125,7169.6617709375,16,0.9952931101632924,0.0022497064674572,0.002457183442271,Above Threshold,CCS Candidate,14.886353629539558,0.9843482452987367,4,CCS Candidate,unanimous,"Sector Non-Conventional Oil Extraction: 98% candidate rate, above the 82% split","Sector Non-Conventional Oil Extraction: 98% candidate rate, above the 89% split",
G10469,Goreway Power Station,Ontario,BRAMPTON,Fossil-Fuel Electric Power Generation,221112,Goreway Station Partnership,674212.8419875,664959.50560625,4631.63596525,4599.954369375,16,0.9862753483692596,0.00686969407405,0.0068227035780197,Above Threshold,CCS Candidate,13.421302612552502,0.999655070570997,4,CCS Candidate,unanimous,"Sector Fossil-Fuel Electric Power Generation: 100% candidate rate, above the 82% split","Sector Fossil-Fuel Electric Power Generation: 100% candidate rate, above the 89% split",
G10470,Metro Vancouver Waste-to-Energy Facility,British Columbia,BURNABY,Waste Treatment and Disposal,562210,Metro Vancouver,119536.125865625,117170.81476875,36.387561,2328.9235321875,16,0.9802125836039396,0.00030440639377,0.0194830099714418,Above Threshold,CCS Candidate,11.69138227880348,0.35073717496627627,0,Potential CU Candidate,unanimous,"Sector Waste Treatment and Disposal: 35% candidate rate, below the 82% split","Sector Waste Treatment and Disposal: 35% candidate rate, below the 75% split","Sector Waste Treatment and Disposal: 35% candidate rate, below the 67% split"
G10471,Green Lane Landfill,Ontario,ST. THOMAS,Waste Treatment and Disposal,562210,Green Lane Landfill,121908.925780625,7852.8744005,113964.624735,91.4266396875,16,0.0644159100756185,0.9348341313422712,0.0007499585375071,Above Threshold,Potential CU Candidate,11.711037737754356,0.35073717496627627,0,Potential CU Candidate,unanimous,"Sector Waste Treatment and Disposal: 35% candidate rate, below the 82% split","Sector Waste Treatment and Disposal: 35% candidate rate, below the 75% split","Sector Waste Treatment and Disposal: 35% candidate rate, below the 67% split"
G10472,Greenfield Johnstown Limited Partnership,Ontario,PRESCOTT,Other Basic Organic Chemical Manufacturing,325190,Greenfield Ethanol Inc.,101753.412131875,101319.82112625,49.4297825,384.161225,16,0.9957388062322368,0.0004857800978304,0.0037754136883598,Above Threshold,CCS Candidate,11.530317464840143,0.8443225151990559,4,CCS Candidate,unanimous,"Sector Other Basic Organic Chemical Manufacturing: 84% candidate rate, above the 82% split","Sector Other Basic Organic Chemical Manufacturing: 84% candidate rate, below the 89% split","Reporting history: 16 years, above the 2-year split"
G10482,Jungbunzlauer Canada Inc.,Ontario,PORT COLBORNE,Other Basic Organic Chemical Manufacturing,325190,JBL Canada,117894.187849375,117287.582093125,64.4131845,542.19258375,16,0.9948546593575502,0.0005463643770318,0.0045989763672041,Above Threshold,CCS Candidate,11.677551270165557,0.8443225151990559,4,CCS Candidate,unanimous,"Sector Other Basic Organic Chemical Manufacturing: 84% candidate rate, above the 82% split","Sector Other Basic Organic Chemical Manufacturing: 84% candidate rate, below the 89% split","Reporting history: 16 years, above the 2-year split"
G10496,MEG Christina Lake Regional Project,Alberta,REGIONAL MUNICIPALITY OF WOOD BUFFALO,Non-Conventional Oil Extraction,211114,MEG Energy Corp.,767338.90604375,758054.0399812501,7223.758485875,2061.1075759375,16,0.9878999149015252,0.0094140391279249,0.0026860459696539,Above Threshold,CCS Candidate,13.55068514521132,0.9843482452987367,4,CCS Candidate,unanimous,"Sector Non-Conventional Oil Extraction: 98% candidate rate, above the 82% split","Sector Non-Conventional Oil Extraction: 98% candidate rate, above the 89% split",
G10538,LET de Lachute,Quebec,LACHUTE,Waste Treatment and Disposal,562210,Régie Intermunicipale Argenteuil Deux-Montagnes,234217.6300375,5866.5400036875,228299.41380625,51.676225625,16,0.0250473886306006,0.9747319779885808,0.0002206333725464,Above Threshold,Potential CU Candidate,12.364010274537522,0.35073717496627627,0,Potential CU Candidate,unanimous,"Sector Waste Treatment and Disposal: 35% candidate rate, below the 82% split","Sector Waste Treatment and Disposal: 35% candidate rate, below the 75% split","Sector Waste Treatment and Disposal: 35% candidate rate, below the 67% split"
G10547,Société de Cogénération de St-Félicien,Quebec,ST-FÉLICIEN,Other Electric Power Generation,221119,Société de Cogénération de St-Félicien,301821.0,301821.0,0.0,0.0,1,1.0,0.0,0.0,Above Threshold,CCS Candidate,12.617592718616692,0.8385102660425425,3,CCS Candidate,majority,"Sector Other Electric Power Generation: 84% candidate rate, above the 82% split","Sector Other Electric Power Generation: 84% candidate rate, below the 89% split","Reporting history: 1 years, below the 2-year split"
G10554,St. Clair Energy Center,Ontario,CORUNNA,Fossil-Fuel Electric Power Generation,221112,"St. Clair Power, LP",427539.04046875,421635.6555,2967.383048,2887.39567875,16,0.9861921733222828,0.0069406130601467,0.0067535251882127,Above Threshold,CCS Candidate,12.965803224888154,0.999655070570997,4,CCS Candidate,unanimous,"Sector Fossil-Fuel Electric Power Generation: 100% candidate rate, above the 82% split","Sector Fossil-Fuel Electric Power Generation: 100% candidate rate, above the 89% split",
G10557,Firebag,Alberta,Unknown,Non-Conventional Oil Extraction,211114,Suncor Energy Oil Sands,4412279.69775,4383365.3619375,9302.269857375,19145.7833865625,16,0.9934468488415988,0.0021082683996933,0.0043392043791615,Above Threshold,CCS Candidate,15.299902278761962,0.9843482452987367,4,CCS Candidate,unanimous,"Sector Non-Conventional Oil Extraction: 98% candidate rate, above the 82% split","Sector Non-Conventional Oil Extraction: 98% candidate rate, above the 89% split",
G10559,St. Clair Ethanol Plant,Ontario,MOORETOWN,Other Basic Organic Chemical Manufacturing,325190,Suncor Energy Products Inc.,143477.54456625,142730.8160475,81.55105875,665.177460625,16,0.99479550252266,0.0005683890046804,0.0046361084770157,Above Threshold,CCS Candidate,11.873940787785529,0.8443225151990559,4,CCS Candidate,unanimous,"Sector Other Basic Organic Chemical Manufacturing: 84% candidate rate, above the 82% split","Sector Other Basic Organic Chemical Manufacturing: 84% candidate rate, below the 89% split","Reporting history: 16 years, above the 2-year split"
G10566,Heating Plant,Alberta,EDMONTON,Universities,611310,University of Alberta Heating Plant,208896.85989375,208083.2978375,371.9499105,441.6121484375,16,0.99610543664149,0.0017805433298,0.0021140200415751,Above Threshold,CCS Candidate,12.249600702847614,0.8363005006459908,4,CCS Candidate,unanimous,"Sector Universities: 84% candidate rate, above the 82% split","Sector Universities: 84% candidate rate, below the 89% split","Reporting history: 16 years, above the 2-year split"
G10570,Voisey's Bay Mine Site,Newfoundland and Labrador,HAPPY VALLEY-GOOSE BAY,Nickel-Copper Ore Mining,212232,Vale Inco Newfoundland and Labrador Limited,103928.843904375,100368.179854375,130.486167,3430.1778875,16,0.9657394048058866,0.0012555337103534,0.0330050615270589,Above Threshold,CCS Candidate,11.551471372650951,0.8408840542607965,4,CCS Candidate,unanimous,"Sector Nickel-Copper Ore Mining: 84% candidate rate, above the 82% split","Sector Nickel-Copper Ore Mining: 84% candidate rate, below the 89% split","Reporting history: 16 years, above the 2-year split"
G10572,St. Nicephore Landfill,Quebec,ST. NICEPHORE,Waste Treatment and Disposal,562210,Waste Management of Canada Corporation,130937.14956363635,894.4581818181819,129988.18979090908,54.50158636363637,11,0.0068312024875985,0.9927525551312992,0.0004162423463873,Above Threshold,Potential CU Candidate,11.782480349954156,0.35073717496627627,0,Potential CU Candidate,unanimous,"Sector Waste Treatment and Disposal: 35% candidate rate, below the 82% split","Sector Waste Treatment and Disposal: 35% candidate rate, below the 75% split","Sector Waste Treatment and Disposal: 35% candidate rate, below the 67% split"
G10579,Fonderie Horne,Quebec,ROUYN-NORANDA,Non-Ferrous Foundries (except Die-Casting),331529,Xstrata Canada Corporation,118270.045566875,117557.624466875,45.97461925,660.9773596875,16,0.9939763183772752,0.0003887258099009,0.005588713156568,Above Threshold,CCS Candidate,11.680734265714031,0.8363005006459908,4,CCS Candidate,unanimous,"Sector Non-Ferrous Foundries (except Die-Casting): 84% candidate rate, above the 82% split","Sector Non-Ferrous Foundries (except Die-Casting): 84% candidate rate, below the 89% split","Reporting history: 16 years, above the 2-year split"
G10585,Varennes Facility,Quebec,VARENNES,Polystyrene Foam Product Manufacturing,326140,Dow,246159.98224625,1176.4275213125,11.87986975,279.9193178125,16,0.0047791176720822,4.82607678209685e-05,0.0011371438820322,Above Threshold,Potential CU Candidate,12.413741000263595,0.6966592011420547,0,Potential CU Candidate,unanimous,"Sector Polystyrene Foam Product Manufacturing: 70% candidate rate, below the 82% split","Sector Polystyrene Foam Product Manufacturing: 70% candidate rate, below the 75% split","Sector Polystyrene Foam Product Manufacturing: 70% candidate rate, above the 67% split"
G10587,Meadowbank Division,Nunavut,BAKER LAKE,Gold and Silver Ore Mining,212220,Agnico-Eagle Meadowbank,203901.10107333332,198740.32417333333,238.1797301333333,4685.185548666666,15,0.9746898036703394,0.0011681139968325,0.0229777354021331,Above Threshold,CCS Candidate,12.225395260939733,0.8490419815841619,4,CCS Candidate,unanimous,"Sector Gold and Silver Ore Mining: 85% candidate rate, above the 82% split","Sector Gold and Silver Ore Mining: 85% candidate rate, below the 89% split","Reporting history: 15 years, above the 2-year split"
G10604,Algar,Alberta,CALGARY,Non-Conventional Oil Extraction,211114,Connacher Oil and Gas Limited,261272.91628666667,257944.07459333332,2519.084485866667,809.757214,15,0.9872591398272564,0.0096415829151719,0.0030992772825773,Above Threshold,CCS Candidate,12.473324623666011,0.9843482452987367,4,CCS Candidate,unanimous,"Sector Non-Conventional Oil Extraction: 98% candidate rate, above the 82% split","Sector Non-Conventional Oil Extraction: 98% candidate rate, above the 89% split",
G10619,MEG Christina Lake Cogeneration Facility Phase 2,Alberta,REGIONAL MUNICIPALITY OF WOOD BUFFALO,Non-Conventional Oil Extraction,211114,MEG Energy Corp.,1051759.7928333334,1046070.4346733332,1095.476842133333,4568.031292333334,15,0.9945906297248028,0.0010415656213499,0.0043432267742689,Above Threshold,CCS Candidate,13.865976263186027,0.9843482452987367,4,CCS Candidate,unanimous,"Sector Non-Conventional Oil Extraction: 98% candidate rate, above the 82% split","Sector Non-Conventional Oil Extraction: 98% candidate rate, above the 89% split",
G10622,Thorold Cogen Generating Station,Ontario,THOROLD,Fossil-Fuel Electric Power Generation,221112,Northland Power Inc.,278517.1839333333,274551.55858,2032.917824,1924.5780996666665,15,0.9857616492550688,0.0072990750347619,0.006910087458472,Above Threshold,CCS Candidate,12.53723862861778,0.999655070570997,4,CCS Candidate,unanimous,"Sector Fossil-Fuel Electric Power Generation: 100% candidate rate, above the 82% split","Sector Fossil-Fuel Electric Power Generation: 100% candidate rate, above the 89% split",
G10626,POTASH CORP - ROCANVILLE,Saskatchewan,ROCANVILLE,Potash Mining,212396,POTASH CORP,101598.90693133332,101039.49337133332,71.44256,487.97100000000006,15,0.9944939017859898,0.0007031823683721,0.0048029158456379,Above Threshold,CCS Candidate,11.528797898095917,0.8408840542607965,4,CCS Candidate,unanimous,"Sector Potash Mining: 84% candidate rate, above the 82% split","Sector Potash Mining: 84% candidate rate, below the 89% split","Reporting history: 15 years, above the 2-year split"
G10635,Ermine Generation Station,Saskatchewan,RURAL MUNICIPALITY OF OAKDALE,Fossil-Fuel Electric Power Generation,221112,SaskPower,151003.85174466667,148730.12034466668,1033.6144205333333,1240.1169843333334,15,0.98494256024777,0.0068449540100545,0.0082124857744043,Above Threshold,CCS Candidate,11.92506724604026,0.999655070570997,4,CCS Candidate,unanimous,"Sector Fossil-Fuel Electric Power Generation: 100% candidate rate, above the 82% split","Sector Fossil-Fuel Electric Power Generation: 100% candidate rate, above the 89% split",
G10639,Leismer SAGD Bitumen Battery,Alberta,Unknown,Non-Conventional Oil Extraction,211114,Statoil Canada Ltd.,437235.330476,435303.76534266665,1298.9068549333335,632.6582793333333,15,0.9955823214669536,0.0029707271219808,0.0014469514132002,Above Threshold,CCS Candidate,12.9882291299016,0.9843482452987367,4,CCS Candidate,unanimous,"Sector Non-Conventional Oil Extraction: 98% candidate rate, above the 82% split","Sector Non-Conventional Oil Extraction: 98% candidate rate, above the 89% split",
G10646,Halton Hills Generating Station,Ontario,HALTON HILLS,Fossil-Fuel Electric Power Generation,221112,TransCanada Energy Ltd.,633941.50134,625081.6369866667,4552.085275733333,4307.06779,15,0.986024161007592,0.0071806077786535,0.0067941092054959,Above Threshold,CCS Candidate,13.35971353741386,0.999655070570997,4,CCS Candidate,unanimous,"Sector Fossil-Fuel Electric Power Generation: 100% candidate rate, above the 82% split","Sector Fossil-Fuel Electric Power Generation: 100% candidate rate, above the 89% split",
G10653,Zellstoff Celgar Limited Partnership,British Columbia,CASTLEGAR,Chemical Pulp Mills,322112,Zellstoff Celgar Limited Partnership,107464.30230466666,98592.567268,1805.97032,7065.023684333332,15,0.9174448179869548,0.0168053044710603,0.0657429819281163,Above Threshold,CCS Candidate,11.584923305189731,0.7856137302487847,1,Potential CU Candidate,majority,"Sector Chemical Pulp Mills: 79% candidate rate, below the 82% split","Sector Chemical Pulp Mills: 79% candidate rate, above the 75% split","Scale: 0.11 Mt/yr, below the 0.21 Mt split"
G10654,Shell Albiansands Muskeg River Mine Expansion,Alberta,FORT MCMURRAY,Non-Conventional Oil Extraction,211114,Shell Canada Energy,844913.6633199999,803755.75532,37049.100552,3888.67943,5,0.9512874394310606,0.0438495696784206,0.0046024577407351,Above Threshold,CCS Candidate,13.646990911085616,0.9843482452987367,4,CCS Candidate,unanimous,"Sector Non-Conventional Oil Extraction: 98% candidate rate, above the 82% split","Sector Non-Conventional Oil Extraction: 98% candidate rate, above the 89% split",
G10657,Quebec Silicon LP,Quebec,BÉCANCOUR,Iron and Steel Mills and Ferro-Alloy Manufacturing,331110,Quebec Silicon LP,156082.978224,152686.36920666666,2361.038581066667,1035.570445,15,0.9782384405014444,0.0151268165685451,0.0066347429859636,Above Threshold,CCS Candidate,11.95814946333711,0.8487338634231345,4,CCS Candidate,unanimous,"Sector Iron and Steel Mills and Ferro-Alloy Manufacturing: 85% candidate rate, above the 82% split","Sector Iron and Steel Mills and Ferro-Alloy Manufacturing: 85% candidate rate, below the 89% split","Reporting history: 15 years, above the 2-year split"
G10660,Montney Gas Processing and Production,British Columbia,PEACE RIVER E,Conventional Oil and Gas Extraction,211113,Shell Canada Limited,150352.30333933333,127784.70379266664,21506.3399044,1061.259633333333,15,0.849901870171331,0.1430396437350339,0.0070584860342189,Above Threshold,Potential CU Candidate,11.92074315917188,0.8042618841939829,1,Potential CU Candidate,majority,"Sector Conventional Oil and Gas Extraction: 80% candidate rate, below the 82% split","Sector Conventional Oil and Gas Extraction: 80% candidate rate, above the 75% split","Scale: 0.15 Mt/yr, below the 0.21 Mt split"
G10661,Glacier Sour Gas Plant 05-02,Alberta,Unknown,Conventional Oil and Gas Extraction,211113,Advantage Oil & Gas Ltd.,163796.93020714284,127051.32550071429,34513.83073142857,2231.7739714285717,14,0.7756636546243029,0.2107110962811163,0.0136252490727768,Above Threshold,Potential CU Candidate,12.00638881422324,0.8042618841939829,1,Potential CU Candidate,majority,"Sector Conventional Oil and Gas Extraction: 80% candidate rate, below the 82% split","Sector Conventional Oil and Gas Extraction: 80% candidate rate, above the 75% split","Scale: 0.16 Mt/yr, below the 0.21 Mt split"
G10668,Northern Prairie Thermal Electric Power Plant,Alberta,SEXSMITH,Fossil-Fuel Electric Power Generation,221112,Constellation Energy,209099.08242571427,207176.99322357145,784.4355939999999,1137.6536125,14,0.9908077587914538,0.0037515018473535,0.0054407393820303,Above Threshold,CCS Candidate,12.250568279609446,0.999655070570997,4,CCS Candidate,unanimous,"Sector Fossil-Fuel Electric Power Generation: 100% candidate rate, above the 82% split","Sector Fossil-Fuel Electric Power Generation: 100% candidate rate, above the 89% split",
G10669,Mine Canadian Malartic,Quebec,MALARTIC,Gold and Silver Ore Mining,212220,Corporation minière Osisko,166165.37280714285,159521.47459,179.64963200000005,6299.751267142857,14,0.9600163493458173,0.0010811496340366,0.0379125395424867,Above Threshold,CCS Candidate,12.020744811251824,0.8490419815841619,4,CCS Candidate,unanimous,"Sector Gold and Silver Ore Mining: 85% candidate rate, above the 82% split","Sector Gold and Silver Ore Mining: 85% candidate rate, below the 89% split","Reporting history: 14 years, above the 2-year split"
G10671,Jackfish 2 SAGD Plant,Alberta,CONKIN,Non-Conventional Oil Extraction,211114,Devon Canada Corporation,574790.6968,562936.478525,10985.786787,868.4315,8,0.9793764611344696,0.019112673270741,0.0015108656156663,Above Threshold,CCS Candidate,13.261762987710368,0.9843482452987367,4,CCS Candidate,unanimous,"Sector Non-Conventional Oil Extraction: 98% candidate rate, above the 82% split","Sector Non-Conventional Oil Extraction: 98% candidate rate, above the 89% split",
G10686,Methanex Medicine Hat Methanol Plant,Alberta,MEDICINE HAT,Other Basic Organic Chemical Manufacturing,325190,Methanex,371450.2699857143,365722.37832857145,2273.3588480000003,3454.532807142857,14,0.9845796540749232,0.0061202239753047,0.0093001219443876,Above Threshold,CCS Candidate,12.825172963569164,0.8443225151990559,4,CCS Candidate,unanimous,"Sector Other Basic Organic Chemical Manufacturing: 84% candidate rate, above the 82% split","Sector Other Basic Organic Chemical Manufacturing: 84% candidate rate, below the 89% split","Reporting history: 14 years, above the 2-year split"
G10695,QUINSAM COAL CORP,British Columbia,CAMPBELL RIVER,Bituminous Coal Mining,212114,QUINSAM COAL COPORATION,133408.0581,1587.899983,131767.1581,53.0,2,0.0119025792415758,0.987700143279426,0.0003972773515695,Above Threshold,Potential CU Candidate,11.801175311957538,0.5934851918418639,1,Potential CU Candidate,majority,"Sector Bituminous Coal Mining: 59% candidate rate, below the 82% split","Sector Bituminous Coal Mining: 59% candidate rate, below the 75% split","Sector Bituminous Coal Mining: 59% candidate rate, below the 67% split"
G10711,Pikes Peak South Thermal 05-07-049-23W3,Saskatchewan,WASECA,Non-Conventional Oil Extraction,211114,Husky Oil Operations Limited,267191.6665923077,262884.9242076923,3723.126158769231,583.616226923077,13,0.983881449449594,0.0139342899658997,0.0021842605885369,Above Threshold,CCS Candidate,12.495725274879923,0.9843482452987367,4,CCS Candidate,unanimous,"Sector Non-Conventional Oil Extraction: 98% candidate rate, above the 82% split","Sector Non-Conventional Oil Extraction: 98% candidate rate, above the 89% split",
G10719,Lieu d'enfouissement technique,Quebec,SAINT-ETIENNE-DES-GRÈS,All Other Waste Management Services,562990,Régie de gestion des matières résiduelles de la Mauricie,105459.55983,1378.8652206153845,103924.91584,155.77876192307693,13,0.0130748243481966,0.9854480334217796,0.0014771421592712,Above Threshold,Potential CU Candidate,11.566092321528554,0.6966592011420547,0,Potential CU Candidate,unanimous,"Sector All Other Waste Management Services: 70% candidate rate, below the 82% split","Sector All Other Waste Management Services: 70% candidate rate, below the 75% split","Sector All Other Waste Management Services: 70% candidate rate, above the 67% split"
G10721,Yellow Head Power Station,Saskatchewan,NORTH BATTLEFORD,Fossil-Fuel Electric Power Generation,221112,SaskPower,175860.8487192308,173414.55147384616,1254.195070153846,1192.1021738461538,13,0.986089585810596,0.0071317469424716,0.0067786672390589,Above Threshold,CCS Candidate,12.07745401532645,0.999655070570997,4,CCS Candidate,unanimous,"Sector Fossil-Fuel Electric Power Generation: 100% candidate rate, above the 82% split","Sector Fossil-Fuel Electric Power Generation: 100% candidate rate, above the 89% split",
G10723,McKay Thermal Project,Alberta,FORT MCMURRAY,Conventional Oil and Gas Extraction,211113,Southern Pacific Resource Partnership,107338.998225,105023.8932325,1850.029993,465.0750000000001,4,0.978431837162788,0.0172353946244405,0.0043327682174294,Above Threshold,CCS Candidate,11.58375662919458,0.8042618841939829,0,Potential CU Candidate,unanimous,"Sector Conventional Oil and Gas Extraction: 80% candidate rate, below the 82% split","Sector Conventional Oil and Gas Extraction: 80% candidate rate, above the 75% split","Scale: 0.11 Mt/yr, below the 0.21 Mt split"
G10735,MacKay River Commercial Project,Alberta,FT MCMURRAY,Non-Conventional Oil Extraction,211114,MacKay Operating Corp,320134.9587916154,317193.1012431538,2491.475452307692,450.28086538461537,13,0.990810570768135,0.0077825785153612,0.0014065345037113,Above Threshold,CCS Candidate,12.676501055767485,0.9843482452987367,4,CCS Candidate,unanimous,"Sector Non-Conventional Oil Extraction: 98% candidate rate, above the 82% split","Sector Non-Conventional Oil Extraction: 98% candidate rate, above the 89% split",
G10744,Kirby South 13-21-73-7W4,Alberta,CONKLIN,Non-Conventional Oil Extraction,211114,Canadian Natural Resources Limited,602606.2584,600129.3813,1474.7124046666668,1002.1646995833332,12,0.9958897255621332,0.0024472238449401,0.0016630505999791,Above Threshold,CCS Candidate,13.309020950743532,0.9843482452987367,4,CCS Candidate,unanimous,"Sector Non-Conventional Oil Extraction: 98% candidate rate, above the 82% split","Sector Non-Conventional Oil Extraction: 98% candidate rate, above the 89% split",
G10748,Wainwright B Battery,Alberta,WAINWRIGHT,Conventional Oil and Gas Extraction,211113,HARVEST OPERATIONS CORP.,104565.52,2643.537041,101911.171,10.812,1,0.0252811542562022,0.9746154468509314,0.000103399284965,Above Threshold,Potential CU Candidate,11.557578702895713,0.8042618841939829,0,Potential CU Candidate,unanimous,"Sector Conventional Oil and Gas Extraction: 80% candidate rate, below the 82% split","Sector Conventional Oil and Gas Extraction: 80% candidate rate, above the 75% split","Scale: 0.10 Mt/yr, below the 0.21 Mt split"
G10749,Paradise Hill Thermal 08-27-053-24W3,Saskatchewan,PARADISE HILL,Non-Conventional Oil Extraction,211114,Husky Oil Operations Limited,116229.3415625,114002.19219416668,1758.59425,468.5551125,12,0.980838320699462,0.0151303812476159,0.004031298002734,Above Threshold,CCS Candidate,11.663329204311058,0.9843482452987367,4,CCS Candidate,unanimous,"Sector Non-Conventional Oil Extraction: 98% candidate rate, above the 82% split","Sector Non-Conventional Oil Extraction: 98% candidate rate, above the 89% split",
G10750,Kearl Oil Sands Processing Plant and Mine,Alberta,FORT MCKAY,Non-Conventional Oil Extraction,211114,Imperial Oil Resources Limited,2545027.707983333,2500051.190433333,22559.206658333333,22167.660375833333,12,0.982327690418098,0.0088640318482855,0.0087101842963426,Above Threshold,CCS Candidate,14.749652488053762,0.9843482452987367,4,CCS Candidate,unanimous,"Sector Non-Conventional Oil Extraction: 98% candidate rate, above the 82% split","Sector Non-Conventional Oil Extraction: 98% candidate rate, above the 89% split",
G10753,North Battleford G.S.,Saskatchewan,RM OF NORTH BATTLEFORD,Fossil-Fuel Electric Power Generation,221112,Northland Power Inc.,766088.1673416666,755349.7670666667,5516.928167333333,5221.472108333333,12,0.9859828140770504,0.0072014272018808,0.0068157587219391,Above Threshold,CCS Candidate,13.549053848399284,0.999655070570997,4,CCS Candidate,unanimous,"Sector Fossil-Fuel Electric Power Generation: 100% candidate rate, above the 82% split","Sector Fossil-Fuel Electric Power Generation: 100% candidate rate, above the 89% split",
G10758,Dawson Plant,British Columbia,BESSBOROUGH,Conventional Oil and Gas Extraction,211113,Spectra Energy Transmission,104459.630295,102537.15883083332,1293.9825826666668,628.4888841666667,12,0.9815960341929462,0.0123873938574393,0.0060165719751427,Above Threshold,CCS Candidate,11.55656553581279,0.8042618841939829,1,Potential CU Candidate,majority,"Sector Conventional Oil and Gas Extraction: 80% candidate rate, below the 82% split","Sector Conventional Oil and Gas Extraction: 80% candidate rate, above the 75% split","Scale: 0.10 Mt/yr, below the 0.21 Mt split"
G10759,Fort Nelson North Processing Facility,British Columbia,CABIN LAKE,Conventional Oil and Gas Extraction,211113,Spectra Energy Transmission,350603.20331,347078.250035,2936.5828485,588.37042375,8,0.9899460323188112,0.0083758015351146,0.0016781661382305,Above Threshold,CCS Candidate,12.76741324030214,0.8042618841939829,3,CCS Candidate,majority,"Sector Conventional Oil and Gas Extraction: 80% candidate rate, below the 82% split","Sector Conventional Oil and Gas Extraction: 80% candidate rate, above the 75% split","Scale: 0.35 Mt/yr, above the 0.21 Mt split"
G10762,Twin Creeks Landfill (formerly Warwick Landfill),Ontario,WATFORD,Waste Treatment and Disposal,562210,Waste Management of Canada Corporation,163113.92398,1418.6421666666663,161663.03131333334,32.250499999999995,12,0.008697247494583,0.991105034866033,0.000197717639384,Above Threshold,Potential CU Candidate,12.00221028644635,0.35073717496627627,0,Potential CU Candidate,unanimous,"Sector Waste Treatment and Disposal: 35% candidate rate, below the 82% split","Sector Waste Treatment and Disposal: 35% candidate rate, below the 75% split","Sector Waste Treatment and Disposal: 35% candidate rate, below the 67% split"
G10765,Detour Lake Project,Ontario,COCHRANE,Gold and Silver Ore Mining,212220,Detour Gold Corporation,228822.4443,225746.59478333333,2186.8758543333333,888.9736595833333,12,0.9865579203732564,0.0095570863296356,0.0038849932850897,Above Threshold,CCS Candidate,12.340705999584616,0.8490419815841619,4,CCS Candidate,unanimous,"Sector Gold and Silver Ore Mining: 85% candidate rate, above the 82% split","Sector Gold and Silver Ore Mining: 85% candidate rate, below the 89% split","Reporting history: 12 years, above the 2-year split"
G10768,Meridian Lightweight Technologies Inc,Ontario,STRATHROY,Non-Ferrous Die-Casting Foundries,331523,Meridian Technologies Inc.,106901.29120777776,5718.068996999999,2.3140444444444443,123.07483333333334,9,0.053489241639618,2.1646552799318127e-05,0.0011512941700032,Above Threshold,Potential CU Candidate,11.579670529971269,0.7061920262829929,0,Potential CU Candidate,unanimous,"Sector Non-Ferrous Die-Casting Foundries: 71% candidate rate, below the 82% split","Sector Non-Ferrous Die-Casting Foundries: 71% candidate rate, below the 75% split","Sector Non-Ferrous Die-Casting Foundries: 71% candidate rate, above the 67% split"
G10774,Birchcliff Pouce Coupe 03-22-078-12 W6M Gas Plant,Alberta,POUCE COUPE,Conventional Oil and Gas Extraction,211113,Birchcliff Energy Ltd.,169248.97851000002,132860.81514363637,33714.73907545454,2673.4242895454545,11,0.7850021684815447,0.1992020239783161,0.015795807532082,Above Threshold,Potential CU Candidate,12.039132063802578,0.8042618841939829,0,Potential CU Candidate,unanimous,"Sector Conventional Oil and Gas Extraction: 80% candidate rate, below the 82% split","Sector Conventional Oil and Gas Extraction: 80% candidate rate, above the 75% split","Scale: 0.17 Mt/yr, below the 0.21 Mt split"
G10778,Jackfish 3 SAGD Plant,Alberta,CONKLIN,Non-Conventional Oil Extraction,211114,Devon Canada Corporation,592997.65486,589678.9024199999,2434.1665544,884.5859,5,0.9944034307508626,0.004104850220655,0.0014917190527656,Above Threshold,CCS Candidate,13.29294740961304,0.9843482452987367,4,CCS Candidate,unanimous,"Sector Non-Conventional Oil Extraction: 98% candidate rate, above the 82% split","Sector Non-Conventional Oil Extraction: 98% candidate rate, above the 89% split",
G10779,Shepard Energy Centre,Alberta,CALGARY,Fossil-Fuel Electric Power Generation,221112,Enmax Generation Portfolio Inc,1909170.6553636363,1894482.4194545452,3920.662072727273,10767.573930454546,11,0.9923064835153288,0.0020535943508834,0.0056399221830715,Above Threshold,CCS Candidate,14.462180017661556,0.999655070570997,4,CCS Candidate,unanimous,"Sector Fossil-Fuel Electric Power Generation: 100% candidate rate, above the 82% split","Sector Fossil-Fuel Electric Power Generation: 100% candidate rate, above the 89% split",
G10780,Sandall Thermal 06-14-051-24W3,Saskatchewan,LLOYDMINISTER,Non-Conventional Oil Extraction,211114,Husky Oil Operations Limited,127742.01994,124949.54774,2247.548598909091,544.9235954545455,11,0.9781397522811084,0.017594434470073,0.0042658132046956,Above Threshold,CCS Candidate,11.757775868138774,0.9843482452987367,4,CCS Candidate,unanimous,"Sector Non-Conventional Oil Extraction: 98% candidate rate, above the 82% split","Sector Non-Conventional Oil Extraction: 98% candidate rate, above the 89% split",
G10787,Para 08-13-063-05W6 Musreau Gas Plant,Alberta,FOX CREEK,Conventional Oil and Gas Extraction,211113,Paramount Resources Ltd.,204115.9602636364,178833.55147818182,23409.33627454545,1873.0725181818184,11,0.8761370313580584,0.1146864568763262,0.0091765118012455,Above Threshold,CCS Candidate,12.22644844315852,0.8042618841939829,3,CCS Candidate,majority,"Sector Conventional Oil and Gas Extraction: 80% candidate rate, below the 82% split","Sector Conventional Oil and Gas Extraction: 80% candidate rate, above the 75% split","Scale: 0.20 Mt/yr, below the 0.21 Mt split"
G10788,Redwater Fractionation and Storage Facility,Alberta,REDWATER,Conventional Oil and Gas Extraction,211113,Pembina Pipeline Corporation,110110.78800454544,106006.44706181818,3781.520690181818,322.82025363636365,11,0.9627253512838556,0.0343428719266427,0.0029317767994089,Above Threshold,CCS Candidate,11.609251383324224,0.8042618841939829,1,Potential CU Candidate,majority,"Sector Conventional Oil and Gas Extraction: 80% candidate rate, below the 82% split","Sector Conventional Oil and Gas Extraction: 80% candidate rate, above the 75% split","Scale: 0.11 Mt/yr, below the 0.21 Mt split"
G10789,Saturn Deepcut Gas Plant 12-36,Alberta,GREENVIEW NO. 16,Conventional Oil and Gas Extraction,211113,Pembina Pipeline Corporation,115474.51269545454,109227.50287090908,5561.411408181818,685.5984118181818,11,0.9459013969513692,0.0481613758600492,0.005937227149218,Above Threshold,CCS Candidate,11.656813775171647,0.8042618841939829,0,Potential CU Candidate,unanimous,"Sector Conventional Oil and Gas Extraction: 80% candidate rate, below the 82% split","Sector Conventional Oil and Gas Extraction: 80% candidate rate, above the 75% split","Scale: 0.12 Mt/yr, below the 0.21 Mt split"
G10802,Gordondale Sour Gas Plant 16-31,Alberta,Unknown,Conventional Oil and Gas Extraction,211113,AltaGas Ltd.,112498.28439333332,83130.5504625,23472.00726916667,5895.726647083334,12,0.7389494951927137,0.2086432463903212,0.0524072582873336,Above Threshold,Potential CU Candidate,11.630702139658233,0.8042618841939829,2,Potential CU Candidate,contested,"Sector Conventional Oil and Gas Extraction: 80% candidate rate, below the 82% split","Sector Conventional Oil and Gas Extraction: 80% candidate rate, above the 75% split","Scale: 0.11 Mt/yr, below the 0.21 Mt split"
G10804,AOC Hangingstone SAGD,Alberta,FORT MCMURRAY,Non-Conventional Oil Extraction,211114,Athabasca Oil Corporation,267715.57163,264539.39679,2759.5092728,416.157961,10,0.9881360100921224,0.0103076158626059,0.0015544779799927,Above Threshold,CCS Candidate,12.497684131328011,0.9843482452987367,4,CCS Candidate,unanimous,"Sector Non-Conventional Oil Extraction: 98% candidate rate, above the 82% split","Sector Non-Conventional Oil Extraction: 98% candidate rate, above the 89% split",
G10807,Fort Saskatchewan Plant,Alberta,FORT SASKATCHEWAN,Conventional Oil and Gas Extraction,211113,Keyera Corp,112635.387677,111326.782093,772.4843504,536.121235,10,0.9883819320820144,0.006858273996581,0.0047597939338337,Above Threshold,CCS Candidate,11.63192010124872,0.8042618841939829,0,Potential CU Candidate,unanimous,"Sector Conventional Oil and Gas Extraction: 80% candidate rate, below the 82% split","Sector Conventional Oil and Gas Extraction: 80% candidate rate, above the 75% split","Scale: 0.11 Mt/yr, below the 0.21 Mt split"
G10809,Lakeside Packers,Alberta,BROOKS,Animal (except Poultry) Slaughtering,311611,ALIMENT JBS CANADA ULC/ JBS FOOD CANADA ULC,207999.68779166669,57525.58453583333,141613.23869166666,8811.738814583334,12,0.2765657253940264,0.6808339002580958,0.0423641925049868,Above Threshold,Potential CU Candidate,12.245296665368691,0.7061920262829929,0,Potential CU Candidate,unanimous,"Sector Animal (except Poultry) Slaughtering: 71% candidate rate, below the 82% split","Sector Animal (except Poultry) Slaughtering: 71% candidate rate, below the 75% split","Sector Animal (except Poultry) Slaughtering: 71% candidate rate, above the 67% split"
G10812,Rush Lake Thermal Pilot & Commercial 12-03-048-21W3,Saskatchewan,PAYNTON,Non-Conventional Oil Extraction,211114,Husky Oil Operations Limited,224930.94386,222414.68676,2177.56112,338.69597,10,0.988813201701736,0.0096810206840875,0.0015057775697185,Above Threshold,CCS Candidate,12.323553163699422,0.9843482452987367,4,CCS Candidate,unanimous,"Sector Non-Conventional Oil Extraction: 98% candidate rate, above the 82% split","Sector Non-Conventional Oil Extraction: 98% candidate rate, above the 89% split",
G10813,Shell Canada Energy Muskeg River Mine and Jackpine Mine,Alberta,FORT MCMURRAY,Non-Conventional Oil Extraction,211114,Shell Canada Energy,1601046.3339,1495328.4836,97273.425039,6327.181605,10,0.9339695247654194,0.0607561586316187,0.0039519041210928,Above Threshold,CCS Candidate,14.286168556751054,0.9843482452987367,4,CCS Candidate,unanimous,"Sector Non-Conventional Oil Extraction: 98% candidate rate, above the 82% split","Sector Non-Conventional Oil Extraction: 98% candidate rate, above the 89% split",
G10815,Sunrise Thermal,Alberta,FORT MCKAY,Non-Conventional Oil Extraction,211114,Husky Oil Operations Limited,1320227.96722,1312554.61954,5685.803827199999,1987.54399,10,0.9941878615886636,0.0043066833670949,0.0015054551481629,Above Threshold,CCS Candidate,14.093315739535257,0.9843482452987367,4,CCS Candidate,unanimous,"Sector Non-Conventional Oil Extraction: 98% candidate rate, above the 82% split","Sector Non-Conventional Oil Extraction: 98% candidate rate, above the 89% split",
G10817,LINDBERGH SAGD CPF,Alberta,LINDBERGH,Non-Conventional Oil Extraction,211114,Pengrowth,423714.90715,419964.35268,2432.6384348,1317.91602,10,0.9911484009490557,0.0057412151277906,0.0031103838872807,Above Threshold,CCS Candidate,12.956818479336864,0.9843482452987367,4,CCS Candidate,unanimous,"Sector Non-Conventional Oil Extraction: 98% candidate rate, above the 82% split","Sector Non-Conventional Oil Extraction: 98% candidate rate, above the 89% split",
G10828,ALBERTA NEWSPRINT,Alberta,WHITECOURT,Newsprint Mills,322122,Alberta Newsprint Co.,154338.904664,148289.94879300002,5091.0179712,957.9379,10,0.9608073163136104,0.0329859667093224,0.006206716978363,Above Threshold,CCS Candidate,11.946912622310224,0.8408840542607965,4,CCS Candidate,unanimous,"Sector Newsprint Mills: 84% candidate rate, above the 82% split","Sector Newsprint Mills: 84% candidate rate, below the 89% split","Reporting history: 10 years, above the 2-year split"
G10833,Karr 07-11-064-04W6,Alberta,CALGARY,Conventional Oil and Gas Extraction,211113,Seven Generations Energy Ltd.,123471.73387888887,102623.16043222224,16504.488506666665,4344.0849333333335,9,0.8311469937960324,0.1336701768751025,0.0351828292748716,Above Threshold,Potential CU Candidate,11.723775632366458,0.8042618841939829,2,Potential CU Candidate,contested,"Sector Conventional Oil and Gas Extraction: 80% candidate rate, below the 82% split","Sector Conventional Oil and Gas Extraction: 80% candidate rate, above the 75% split","Scale: 0.12 Mt/yr, below the 0.21 Mt split"
G10841,Edam East Thermal 05-08-048-19W3,Saskatchewan,LLOYDMINSTER,Non-Conventional Oil Extraction,211114,Husky Oil Operations Limited,249505.37791111117,246213.54497777775,2924.035899555556,367.7970333333333,9,0.986806565209564,0.0117193301564717,0.0014741046321829,Above Threshold,CCS Candidate,12.427239756616972,0.9843482452987367,4,CCS Candidate,unanimous,"Sector Non-Conventional Oil Extraction: 98% candidate rate, above the 82% split","Sector Non-Conventional Oil Extraction: 98% candidate rate, above the 89% split",
G10842,Vawn Thermal 16-01-048-19W3,Saskatchewan,LLOYDMINSTER,Non-Conventional Oil Extraction,211114,Husky Oil Operations Limited,226088.68936666663,223155.5654555556,2592.9908231111112,340.13309444444445,9,0.9870266667504352,0.011468909967919,0.0015044233101498,Above Threshold,CCS Candidate,12.328687055132784,0.9843482452987367,4,CCS Candidate,unanimous,"Sector Non-Conventional Oil Extraction: 98% candidate rate, above the 82% split","Sector Non-Conventional Oil Extraction: 98% candidate rate, above the 89% split",
G10850,Altares Gas Plant b-72-A,British Columbia,Unknown,Conventional Oil and Gas Extraction,211113,Canbriam,117676.39713666664,103015.64494222222,13843.597606222223,817.154588888889,9,0.8754146748951043,0.1176412427901288,0.0069440823204322,Above Threshold,CCS Candidate,11.675702236885456,0.8042618841939829,1,Potential CU Candidate,majority,"Sector Conventional Oil and Gas Extraction: 80% candidate rate, below the 82% split","Sector Conventional Oil and Gas Extraction: 80% candidate rate, above the 75% split","Scale: 0.12 Mt/yr, below the 0.21 Mt split"
G10863,Meliadine Gold Project,Nunavut,RANKIN INLET,Gold and Silver Ore Mining,212220,Agnico Eagle Mines Ltd Meliadine Division,100087.61517777776,97286.8388,142.79259555555555,2636.2551566666666,9,0.9720167537931343,0.0014266759708673,0.0263394741895297,Above Threshold,CCS Candidate,11.51381122434732,0.8490419815841619,4,CCS Candidate,unanimous,"Sector Gold and Silver Ore Mining: 85% candidate rate, above the 82% split","Sector Gold and Silver Ore Mining: 85% candidate rate, below the 89% split","Reporting history: 9 years, above the 2-year split"
G10897,Scotford Hydrogen Facility,Alberta,FORT SASKATCHEWAN,Industrial Gas Manufacturing,325120,Air Products Canada Ltd,911278.3215666668,910375.3991111112,475.6112075555556,427.31120444444446,9,0.9990091693896512,0.0005219165169406,0.0004689140456121,Above Threshold,CCS Candidate,13.722604739089569,0.8408840542607965,4,CCS Candidate,unanimous,"Sector Industrial Gas Manufacturing: 84% candidate rate, above the 82% split","Sector Industrial Gas Manufacturing: 84% candidate rate, below the 89% split","Reporting history: 9 years, above the 2-year split"
G11382,Projet Nunavik Nickel,Quebec,MONTRÉAL,Nickel-Copper Ore Mining,212232,Canadian Royalties inc.,101805.47923333332,96180.81845833334,141.065659,5447.403865,12,0.9447509032189856,0.001385639162669,0.0535079634811679,Above Threshold,CCS Candidate,11.530829027766057,0.8408840542607965,4,CCS Candidate,unanimous,"Sector Nickel-Copper Ore Mining: 84% candidate rate, above the 82% split","Sector Nickel-Copper Ore Mining: 84% candidate rate, below the 89% split","Reporting history: 12 years, above the 2-year split"
G11388,Eastern Ontario Landfill,Ontario,MOOSE CREEK,Waste Treatment and Disposal,562210,GFL Environmental Inc.,104101.53261,0.0,104045.46211714286,56.070479285714285,7,0.0,0.99946138648057,0.0005386133890629,Above Threshold,Potential CU Candidate,11.553131582933444,0.35073717496627627,0,Potential CU Candidate,unanimous,"Sector Waste Treatment and Disposal: 35% candidate rate, below the 82% split","Sector Waste Treatment and Disposal: 35% candidate rate, below the 75% split","Sector Waste Treatment and Disposal: 35% candidate rate, below the 67% split"
G11397,Fort Hills Oil Sands,Alberta,FORT MCMURRAY,Mined oil sands extraction,211142,Fort Hills Energy L.P.,2009993.0058125,1980492.582375,12220.49825225,15838.140919375,8,0.985323121348089,0.0060798710328397,0.0078796995181447,Above Threshold,CCS Candidate,14.513642297847976,0.8363005006459908,4,CCS Candidate,unanimous,"Sector Mined oil sands extraction: 84% candidate rate, above the 82% split","Sector Mined oil sands extraction: 84% candidate rate, below the 89% split","Reporting history: 8 years, above the 2-year split"
G11409,Hangingstone Expansion Project,Alberta,RM OF WOOD BUFFALO,In-situ oil sands extraction,211141,Japan Canada Oil Sands Limited,479787.66435,477525.8189875,766.10086,1495.744501875,8,0.9952857367319684,0.0015967498060582,0.0031175134606709,Above Threshold,CCS Candidate,13.081101003327062,0.8434276124255634,4,CCS Candidate,unanimous,"Sector In-situ oil sands extraction: 84% candidate rate, above the 82% split","Sector In-situ oil sands extraction: 84% candidate rate, below the 89% split","Reporting history: 8 years, above the 2-year split"
G11457,PARA KARR 06-18 COMPRESSOR,Alberta,CALGARY,Oil and gas extraction (except oil sands),211110,Paramount Resources Ltd.,132309.561075,111951.1943675,14917.27870125,5441.088020624999,8,0.8461307970331803,0.1127452814448844,0.0411239216305819,Above Threshold,Potential CU Candidate,11.79290717363664,0.8745888775646717,4,CCS Candidate,unanimous,"Sector Oil and gas extraction (except oil sands): 87% candidate rate, above the 82% split","Sector Oil and gas extraction (except oil sands): 87% candidate rate, below the 89% split","Reporting history: 8 years, above the 2-year split"
G11465,Town Comp Stn. B-8-I,British Columbia,Unknown,Oil and gas extraction (except oil sands),211110,Progress Energy Canada Ltd.,131420.718595,124959.93950375,5649.031653999999,811.747436875,8,0.950838960855478,0.0429843308908441,0.0061767082508243,Above Threshold,CCS Candidate,11.786166657485516,0.8745888775646717,2,Potential CU Candidate,contested,"Sector Oil and gas extraction (except oil sands): 87% candidate rate, above the 82% split","Sector Oil and gas extraction (except oil sands): 87% candidate rate, below the 89% split","Reporting history: 8 years, above the 2-year split"
G11472,Gahcho Kue Mine,Northwest Territories,KENNADY LAKE,Diamond Mining,212392,De Beers Canada Incorporated,126741.7596625,126066.30425,99.44445,576.0109562499999,8,0.9946706167383296,0.0007846226079297,0.0045447606044279,Above Threshold,CCS Candidate,11.749914796843546,0.8408840542607965,4,CCS Candidate,unanimous,"Sector Diamond Mining: 84% candidate rate, above the 82% split","Sector Diamond Mining: 84% candidate rate, below the 89% split","Reporting history: 8 years, above the 2-year split"
G11477,14-05-56-27 W3M,Saskatchewan,ONION LAKE,Oil and gas extraction (except oil sands),211110,BlackPearl Resources Inc.,285352.21266666666,276139.8746333333,8467.245764444444,745.0922555555555,9,0.9677159046805968,0.0296729634065793,0.0026111318660981,Above Threshold,CCS Candidate,12.561483034589637,0.8745888775646717,4,CCS Candidate,unanimous,"Sector Oil and gas extraction (except oil sands): 87% candidate rate, above the 82% split","Sector Oil and gas extraction (except oil sands): 87% candidate rate, below the 89% split","Reporting history: 9 years, above the 2-year split"
G11494,Edam CPF 06-11-048-19 W3M,Saskatchewan,VAWN,Oil and gas extraction (except oil sands),211110,Serafina Energy Ltd.,179781.80381111114,164965.73510000002,13693.294035555557,1122.7746722222223,9,0.9175886079846116,0.0761661844818427,0.0062452075150045,Above Threshold,CCS Candidate,12.099504755795692,0.8745888775646717,4,CCS Candidate,unanimous,"Sector Oil and gas extraction (except oil sands): 87% candidate rate, above the 82% split","Sector Oil and gas extraction (except oil sands): 87% candidate rate, below the 89% split","Reporting history: 9 years, above the 2-year split"
G11495,Edam West Thermal 11-19-048-20W3,Saskatchewan,LLOYDMINSTER,Oil and gas extraction (except oil sands),211110,Husky Oil Operations Limited,116551.12316375,115539.4793175,839.4448649999999,172.1989875,8,0.9913201707646466,0.0072023747366261,0.0014774545523518,Above Threshold,CCS Candidate,11.66609386106117,0.8745888775646717,4,CCS Candidate,unanimous,"Sector Oil and gas extraction (except oil sands): 87% candidate rate, above the 82% split","Sector Oil and gas extraction (except oil sands): 87% candidate rate, below the 89% split","Reporting history: 8 years, above the 2-year split"
G11496,Rainy River Project,Ontario,Emo,Gold and Silver Ore Mining,212220,New Gold,134136.5849375,131615.1005,255.829,2208.84125,8,0.9812021124686088,0.0019072276226444,0.0164671051602304,Above Threshold,CCS Candidate,11.80662130544737,0.8490419815841619,2,Potential CU Candidate,contested,"Sector Gold and Silver Ore Mining: 85% candidate rate, above the 82% split","Sector Gold and Silver Ore Mining: 85% candidate rate, below the 89% split","Reporting history: 8 years, above the 2-year split"
G11498,Townsend Gas Plant,British Columbia,Unknown,Oil and gas extraction (except oil sands),211110,AltaGas Ltd.,159782.67395,154271.288775,4843.842885,667.5422874999999,8,0.9655069912228116,0.030315194790868,0.0041778139706742,Above Threshold,CCS Candidate,11.98157614157566,0.8745888775646717,4,CCS Candidate,unanimous,"Sector Oil and gas extraction (except oil sands): 87% candidate rate, above the 82% split","Sector Oil and gas extraction (except oil sands): 87% candidate rate, below the 89% split","Reporting history: 8 years, above the 2-year split"
G11513,Bethune Mine,Saskatchewan,BETHUNE,Potash Mining,212396,K+S Potash Canada General Partnership,666198.0368375,663412.687425,427.971285,2357.3781225,8,0.9958190368952116,0.000642408505182,0.0035385545921009,Above Threshold,CCS Candidate,13.409343758984893,0.8408840542607965,4,CCS Candidate,unanimous,"Sector Potash Mining: 84% candidate rate, above the 82% split","Sector Potash Mining: 84% candidate rate, below the 89% split","Reporting history: 8 years, above the 2-year split"
G11517,Redwater Fractionation Site Facility II (RFS II),Alberta,GIBBONS,Oil and gas extraction (except oil sands),211110,Pembina Pipeline Corporation,231804.200325,229634.6386125,879.7405924999999,1289.8211175,8,0.9906405418475672,0.0037951883152529,0.0055642698263949,Above Threshold,CCS Candidate,12.353652644170218,0.8745888775646717,4,CCS Candidate,unanimous,"Sector Oil and gas extraction (except oil sands): 87% candidate rate, above the 82% split","Sector Oil and gas extraction (except oil sands): 87% candidate rate, below the 89% split","Reporting history: 8 years, above the 2-year split"
G11521,Sturgeon Refinery,Alberta,GIBBONS,Petroleum Refineries,324110,North West Redwater Partnership,630829.8032875,611439.6767,17468.97447425,1921.152181875,8,0.9692625071192728,0.0276920563727527,0.0030454366167595,Above Threshold,CCS Candidate,13.354792964976902,0.8965301449258793,4,CCS Candidate,unanimous,"Sector Petroleum Refineries: 90% candidate rate, above the 82% split","Sector Petroleum Refineries: 90% candidate rate, above the 89% split",
G11528,Dawson Sour Gas Plant 13-07,British Columbia,Unknown,Oil and gas extraction (except oil sands),211110,ARC,116921.7009075,104877.67815625,11229.00499,815.01776875,8,0.8969906984095419,0.0960386729139664,0.0069706287406371,Above Threshold,CCS Candidate,11.669268319433051,0.8745888775646717,4,CCS Candidate,unanimous,"Sector Oil and gas extraction (except oil sands): 87% candidate rate, above the 82% split","Sector Oil and gas extraction (except oil sands): 87% candidate rate, below the 89% split","Reporting history: 8 years, above the 2-year split"
G11599,Hebron Platform,Newfoundland and Labrador,ST. JOHN'S,Oil and gas extraction (except oil sands),211110,Exxonmobil Canada Properties - Hebron,417390.55515,384283.0624,30695.48834375,2412.004394375,8,0.9206798229104588,0.0735414061602778,0.0057787709008129,Above Threshold,CCS Candidate,12.941780041388942,0.8745888775646717,4,CCS Candidate,unanimous,"Sector Oil and gas extraction (except oil sands): 87% candidate rate, above the 82% split","Sector Oil and gas extraction (except oil sands): 87% candidate rate, below the 89% split","Reporting history: 8 years, above the 2-year split"
G11675,Ciment McInnis inc.,Quebec,PORT-DANIEL-GASCONS,Cement Manufacturing,327310,McInnis Cement inc.,1125031.119,1123863.353375,375.616941,792.1487324999999,8,0.998962014823165,0.000333872489975,0.0007041127299697,Above Threshold,CCS Candidate,13.93332214343533,0.8965301449258793,4,CCS Candidate,unanimous,"Sector Cement Manufacturing: 90% candidate rate, above the 82% split","Sector Cement Manufacturing: 90% candidate rate, above the 89% split",
G11730,Usine Vaudreuil,Quebec,JONQUIÈRE,Primary Production of Alumina and Aluminum,331313,Usine Vaudreuil,530658.105604762,527342.1238095238,362.11521466666665,1985.979493095238,21,0.9937511897769672,0.00068238892583,0.0037424840440945,Above Threshold,CCS Candidate,13.181875108384617,0.7085469080394882,0,Potential CU Candidate,unanimous,"Sector Primary Production of Alumina and Aluminum: 71% candidate rate, below the 82% split","Sector Primary Production of Alumina and Aluminum: 71% candidate rate, below the 75% split","Sector Primary Production of Alumina and Aluminum: 71% candidate rate, above the 67% split"
G11884,Meota West 06-24-046-18W3M,Saskatchewan,MEOTA,Oil and gas extraction (except oil sands),211110,Serafina Energy Ltd.,204154.7539857143,187458.56094285715,15457.9972,1238.195842857143,7,0.918217956148964,0.0757170572725515,0.0060649865784844,Above Threshold,CCS Candidate,12.226638481438524,0.8745888775646717,4,CCS Candidate,unanimous,"Sector Oil and gas extraction (except oil sands): 87% candidate rate, above the 82% split","Sector Oil and gas extraction (except oil sands): 87% candidate rate, below the 89% split","Reporting history: 7 years, above the 2-year split"
G11902,Electric Utility - Generation - Remote Site,Alberta,REDCLIFF,Fossil-Fuel Electric Power Generation,221112,City of Medicine Hat,172846.28704285715,170054.0091142857,1536.056624,1135.8127142857145,7,0.9838453114825711,0.00888683610322,0.0065712300432816,Above Threshold,CCS Candidate,12.060163749784635,0.999655070570997,4,CCS Candidate,unanimous,"Sector Fossil-Fuel Electric Power Generation: 100% candidate rate, above the 82% split","Sector Fossil-Fuel Electric Power Generation: 100% candidate rate, above the 89% split",
G11948,Rush Lake 2 Thermal Plant 16-03-048-21W3,Saskatchewan,PAYNTON,Oil and gas extraction (except oil sands),211110,Husky Oil Operations Limited,223906.7842214286,220876.63395857144,2698.49708,331.6531785714286,7,0.9864669117847696,0.012051877255007,0.0014812109410827,Above Threshold,CCS Candidate,12.318989568491787,0.8745888775646717,4,CCS Candidate,unanimous,"Sector Oil and gas extraction (except oil sands): 87% candidate rate, above the 82% split","Sector Oil and gas extraction (except oil sands): 87% candidate rate, below the 89% split","Reporting history: 7 years, above the 2-year split"
G11982,BlackGold SAGD,Alberta,WOOD BUFFALO,In-situ oil sands extraction,211141,HARVEST OPERATIONS CORP.,194350.8191571429,189366.1077428572,1720.8692,3263.842214285714,7,0.9743519917440878,0.0088544478868832,0.0167935603690289,Above Threshold,CCS Candidate,12.177425296448256,0.8434276124255634,4,CCS Candidate,unanimous,"Sector In-situ oil sands extraction: 84% candidate rate, above the 82% split","Sector In-situ oil sands extraction: 84% candidate rate, below the 89% split","Reporting history: 7 years, above the 2-year split"
G11989,ArcelorMittal Contrecoeur Est,Quebec,CONTRECOEUR,Iron and Steel Mills and Ferro-Alloy Manufacturing,331110,ArcelorMittal Long Products Canada s.e.n.c,931758.6948285716,930520.8228714286,454.642212,770.6065607142857,7,0.9986714672328648,0.0004879398652498,0.0008270452049348,Above Threshold,CCS Candidate,13.744830222254985,0.8487338634231345,4,CCS Candidate,unanimous,"Sector Iron and Steel Mills and Ferro-Alloy Manufacturing: 85% candidate rate, above the 82% split","Sector Iron and Steel Mills and Ferro-Alloy Manufacturing: 85% candidate rate, below the 89% split","Reporting history: 7 years, above the 2-year split"
G12048,Vista Mine,Alberta,HINTON,Subbituminous Coal Mining,212115,Coalspur Mines (Operations) Ltd.,197239.2949042857,85888.43514285714,109158.52218285717,2192.33758,7,0.4354529617667524,0.5534319225579695,0.0111151156825209,Above Threshold,Potential CU Candidate,12.192178035491503,0.6966592011420547,0,Potential CU Candidate,unanimous,"Sector Subbituminous Coal Mining: 70% candidate rate, below the 82% split","Sector Subbituminous Coal Mining: 70% candidate rate, below the 75% split","Sector Subbituminous Coal Mining: 70% candidate rate, above the 67% split"
G12120,Foothills Boulevard Regional Landfill,British Columbia,PRINCE GEORGE,Waste Treatment and Disposal,562210,Regional District of Fraser-Fort George,100305.74963625,233.069301875,99375.1629075,697.51743125,8,0.0023235886548897,0.9907224986391638,0.006953912749563,Above Threshold,Potential CU Candidate,11.515988266164918,0.35073717496627627,0,Potential CU Candidate,unanimous,"Sector Waste Treatment and Disposal: 35% candidate rate, below the 82% split","Sector Waste Treatment and Disposal: 35% candidate rate, below the 75% split","Sector Waste Treatment and Disposal: 35% candidate rate, below the 67% split"
G12145,Napanee Generating Station,Ontario,BATH,Fossil-Fuel Electric Power Generation,221112,TransCanada Energy Ltd.,764533.8959833334,753868.66425,5470.810781333334,5194.421129166666,6,0.9860500210790316,0.0071557465405727,0.0067942326121272,Above Threshold,CCS Candidate,13.547022948807676,0.999655070570997,4,CCS Candidate,unanimous,"Sector Fossil-Fuel Electric Power Generation: 100% candidate rate, above the 82% split","Sector Fossil-Fuel Electric Power Generation: 100% candidate rate, above the 89% split",
G12146,Enbridge Gas Inc.,Ontario,NORTH YORK,Pipeline Transportation of Natural Gas,486210,Enbridge Gas Inc.,400616.5462166667,257353.61216666663,141495.86546666667,1767.0685833333334,6,0.6423938666464397,0.3531952606624016,0.0044108726911585,Above Threshold,Potential CU Candidate,12.900762501096573,0.6866805067090249,0,Potential CU Candidate,unanimous,"Sector Pipeline Transportation of Natural Gas: 69% candidate rate, below the 82% split","Sector Pipeline Transportation of Natural Gas: 69% candidate rate, below the 75% split","Sector Pipeline Transportation of Natural Gas: 69% candidate rate, above the 67% split"
G12147,Enbridge Gas Inc. - Distribution,Ontario,NORTH YORK,Natural Gas Distribution,221210,Enbridge Gas Inc.,457237.33488333336,23928.55373333333,433147.6744,161.10675,6,0.0523328956491246,0.947314756155072,0.0003523481958031,Above Threshold,Potential CU Candidate,13.03296005446423,0.6512258701427436,0,Potential CU Candidate,unanimous,"Sector Natural Gas Distribution: 65% candidate rate, below the 82% split","Sector Natural Gas Distribution: 65% candidate rate, below the 75% split","Sector Natural Gas Distribution: 65% candidate rate, below the 67% split"
G12148,Jackfish District,Alberta,CONKLIN,In-situ oil sands extraction,211141,Canadian Natural Resources Limited,2570662.360666666,2555303.504,11828.619437333333,3530.2371175000003,6,0.9940253310190906,0.0046013897500976,0.0013732791873081,Above Threshold,CCS Candidate,14.759674540555864,0.8434276124255634,4,CCS Candidate,unanimous,"Sector In-situ oil sands extraction: 84% candidate rate, above the 82% split","Sector In-situ oil sands extraction: 84% candidate rate, below the 89% split","Reporting history: 6 years, above the 2-year split"
G12149,Kirby North 01-06-075-8 W4M,Alberta,Unknown,In-situ oil sands extraction,211141,Canadian Natural Resources Limited,673244.71155,670146.7925166666,2174.3422726666668,923.5767633333334,6,0.9953985245183714,0.0032296462718002,0.0013718292137891,Above Threshold,CCS Candidate,13.41986564088007,0.8434276124255634,4,CCS Candidate,unanimous,"Sector In-situ oil sands extraction: 84% candidate rate, above the 82% split","Sector In-situ oil sands extraction: 84% candidate rate, below the 89% split","Reporting history: 6 years, above the 2-year split"
G12150,Chinook Power Station,Saskatchewan,SWIFT CURRENT,Fossil-Fuel Electric Power Generation,221112,SaskPower,708948.18255,699080.1831333333,5069.797824,4798.201565,6,0.9860807888932408,0.0071511542716204,0.0067680567961137,Above Threshold,CCS Candidate,13.471539128121806,0.999655070570997,4,CCS Candidate,unanimous,"Sector Fossil-Fuel Electric Power Generation: 100% candidate rate, above the 82% split","Sector Fossil-Fuel Electric Power Generation: 100% candidate rate, above the 89% split",
G12152,Wapiti Sour Gas Processing Plant,Alberta,GRAND PRAIRIE,Oil and gas extraction (except oil sands),211110,Keyera Corp,120145.73918333334,113931.08716666668,5492.208586666667,722.4434416666667,6,0.948274054003833,0.0457128868988518,0.0060130591944194,Above Threshold,CCS Candidate,11.696469101248542,0.8745888775646717,4,CCS Candidate,unanimous,"Sector Oil and gas extraction (except oil sands): 87% candidate rate, above the 82% split","Sector Oil and gas extraction (except oil sands): 87% candidate rate, below the 89% split","Reporting history: 6 years, above the 2-year split"
G12153,ECO360 Landfill,New Brunswick,BERRY MILLS,Waste Treatment and Disposal,562210,Southeast Regional Service Comission,115727.16251666668,338.8483333333333,115384.969,3.3451833333333334,6,0.0029279931000168,0.9970431011248772,2.8905775105749877e-05,Above Threshold,Potential CU Candidate,11.65899929338666,0.35073717496627627,0,Potential CU Candidate,unanimous,"Sector Waste Treatment and Disposal: 35% candidate rate, below the 82% split","Sector Waste Treatment and Disposal: 35% candidate rate, below the 75% split","Sector Waste Treatment and Disposal: 35% candidate rate, below the 67% split"
G12154,Gundy Gas Plant C-060-A / 94-B-16,British Columbia,WONOWON,Oil and gas extraction (except oil sands),211110,Tourmaline Oil Corp,215566.9944183333,188750.24605166668,25332.623775,1484.1245941666666,6,0.875599006058295,0.1175162452088516,0.0068847487444508,Above Threshold,CCS Candidate,12.281031658102792,0.8745888775646717,4,CCS Candidate,unanimous,"Sector Oil and gas extraction (except oil sands): 87% candidate rate, above the 82% split","Sector Oil and gas extraction (except oil sands): 87% candidate rate, below the 89% split","Reporting history: 6 years, above the 2-year split"
G12155,Dee Valley Thermal,British Columbia,PORT COQUITLAM,Oil and gas extraction (except oil sands),211110,Husky Oil Operations Limited,208634.44639166663,205701.860995,2628.816773333333,303.7686166666667,6,0.9859439059686176,0.0126001090366366,0.0014559849627918,Above Threshold,CCS Candidate,12.248343732288935,0.8745888775646717,4,CCS Candidate,unanimous,"Sector Oil and gas extraction (except oil sands): 87% candidate rate, above the 82% split","Sector Oil and gas extraction (except oil sands): 87% candidate rate, below the 89% split","Reporting history: 6 years, above the 2-year split"
G12156,Wapiti Gas Plant 07-35,Alberta,GRANDE PRAIRIE,Oil and gas extraction (except oil sands),211110,SemCams Midstream,102351.22979,89735.09849333332,11366.751355,1249.379953333333,6,0.8767368860877204,0.11105632417238,0.012206789853886,Above Threshold,CCS Candidate,11.536175376782756,0.8745888775646717,4,CCS Candidate,unanimous,"Sector Oil and gas extraction (except oil sands): 87% candidate rate, above the 82% split","Sector Oil and gas extraction (except oil sands): 87% candidate rate, below the 89% split","Reporting history: 6 years, above the 2-year split"
G12162,Pipestone 12-35-070-09W6 Gas Plant,Alberta,DIMSDALE,Oil and gas extraction (except oil sands),211110,Tidewater Midstream and Infrastructure Ltd.,121923.5574,118310.66886666666,2893.561486666667,719.3270416666666,6,0.9703675925278296,0.0237325874373369,0.0058998199938239,Above Threshold,CCS Candidate,11.711157750471193,0.8745888775646717,4,CCS Candidate,unanimous,"Sector Oil and gas extraction (except oil sands): 87% candidate rate, above the 82% split","Sector Oil and gas extraction (except oil sands): 87% candidate rate, below the 89% split","Reporting history: 6 years, above the 2-year split"
G12186,Aitken Creek Sour Gas Plant c-046-C,British Columbia,Unknown,Oil and gas extraction (except oil sands),211110,Black Swan Energy,121397.45071666666,108942.41298666666,11628.657211666665,826.3805050000001,6,0.8974028065954268,0.0957899621698577,0.0068072311248834,Above Threshold,CCS Candidate,11.706833395719402,0.8745888775646717,4,CCS Candidate,unanimous,"Sector Oil and gas extraction (except oil sands): 87% candidate rate, above the 82% split","Sector Oil and gas extraction (except oil sands): 87% candidate rate, below the 89% split","Reporting history: 6 years, above the 2-year split"
G12207,Pipestone Liquids Hub 04-07-073-08W6,Alberta,Unknown,Oil and gas extraction (except oil sands),211110,Ovintiv Canada ULC,133437.07450000002,129065.3648,3377.9734286666667,993.7362641666668,6,0.9672376682688736,0.0253151040767659,0.007447227600652,Above Threshold,CCS Candidate,11.801392787782229,0.8745888775646717,4,CCS Candidate,unanimous,"Sector Oil and gas extraction (except oil sands): 87% candidate rate, above the 82% split","Sector Oil and gas extraction (except oil sands): 87% candidate rate, below the 89% split","Reporting history: 6 years, above the 2-year split"
G12244,Meota East 02-16-46-16W3M,Saskatchewan,MEOTA,Oil and gas extraction (except oil sands),211110,Serafina Energy Ltd.,193262.7283833333,178411.9179166667,13699.914573333332,1150.8958833333334,6,0.9231574003384124,0.0708875150834039,0.0059550845264408,Above Threshold,CCS Candidate,12.171811003426267,0.8745888775646717,4,CCS Candidate,unanimous,"Sector Oil and gas extraction (except oil sands): 87% candidate rate, above the 82% split","Sector Oil and gas extraction (except oil sands): 87% candidate rate, below the 89% split","Reporting history: 6 years, above the 2-year split"
G12298,"Copper Cliff Mining, Smelting and Refining Complex",Ontario,COPPER CLIFF,Non-Ferrous Metal (except Aluminum) Smelting and Refining,331410,Vale Canada Limited,329540.90445,325910.13825,229.90607266666663,1186.1339491666668,6,0.9889823504427784,0.0006976556462706,0.003599352715094,Above Threshold,CCS Candidate,12.705458800711067,0.8033154424467096,1,Potential CU Candidate,majority,"Sector Non-Ferrous Metal (except Aluminum) Smelting and Refining: 80% candidate rate, below the 82% split","Sector Non-Ferrous Metal (except Aluminum) Smelting and Refining: 80% candidate rate, above the 75% split","Scale: 0.33 Mt/yr, above the 0.21 Mt split"
G12308,Milner M2 Power Plant,Alberta,MUNICIPAL DISTRICT OF GREENVIEW,Fossil-Fuel Electric Power Generation,221112,Milner Power II Limited Partnership,560538.54018,557824.5486,1392.2270152,1321.7645619999998,5,0.9951582426801046,0.002483731118208,0.0023580261966921,Above Threshold,CCS Candidate,13.236655063484353,0.999655070570997,4,CCS Candidate,unanimous,"Sector Fossil-Fuel Electric Power Generation: 100% candidate rate, above the 82% split","Sector Fossil-Fuel Electric Power Generation: 100% candidate rate, above the 89% split",
G12309,Beare Road Landfill,Ontario,SCARBOROUGH,Waste Treatment and Disposal,562210,City of Toronto,184848.89445454543,0.0,184848.89445454543,0.0,11,0.0,1.0,0.0,Above Threshold,Potential CU Candidate,12.127299393385687,0.35073717496627627,0,Potential CU Candidate,unanimous,"Sector Waste Treatment and Disposal: 35% candidate rate, below the 82% split","Sector Waste Treatment and Disposal: 35% candidate rate, below the 75% split","Sector Waste Treatment and Disposal: 35% candidate rate, below the 67% split"
G12311,Spruce Lake Central Thermal,Saskatchewan,SPRUCE LAKE,Oil and gas extraction (except oil sands),211110,Husky Oil Operations Limited,233841.445932,230502.26359200003,2994.744872,344.43746,5,0.9857203143493604,0.0128067326134771,0.0014729530029512,Above Threshold,CCS Candidate,12.362402859583314,0.8745888775646717,4,CCS Candidate,unanimous,"Sector Oil and gas extraction (except oil sands): 87% candidate rate, above the 82% split","Sector Oil and gas extraction (except oil sands): 87% candidate rate, below the 89% split","Reporting history: 5 years, above the 2-year split"
G12322,Montney Sour Gas Plant C-011-K/094-A-12,British Columbia,VANCOUVER,Oil and gas extraction (except oil sands),211110,ConocoPhillips Canada,106982.577586,94830.99439,11469.571232,682.0119500000001,5,0.8864153073314044,0.1072097110651495,0.0063749814725837,Above Threshold,CCS Candidate,11.580430621160032,0.8745888775646717,4,CCS Candidate,unanimous,"Sector Oil and gas extraction (except oil sands): 87% candidate rate, above the 82% split","Sector Oil and gas extraction (except oil sands): 87% candidate rate, below the 89% split","Reporting history: 5 years, above the 2-year split"
G12329,"NGTL, British Columbia System",British Columbia,ARRAS,Pipeline Transportation of Natural Gas,486210,Nova Gas Transmission Ltd.,131243.132756,119702.347224,10728.176816,812.60872,5,0.9120656045794336,0.0817427669601977,0.0061916284908465,Above Threshold,CCS Candidate,11.78481447664324,0.6866805067090249,0,Potential CU Candidate,unanimous,"Sector Pipeline Transportation of Natural Gas: 69% candidate rate, below the 82% split","Sector Pipeline Transportation of Natural Gas: 69% candidate rate, below the 75% split","Sector Pipeline Transportation of Natural Gas: 69% candidate rate, above the 67% split"
G12447,Donkin Mine,Nova Scotia,Donkin,Bituminous Coal Mining,212114,KAMERON COAL MANAGEMENT LIMITED,239727.5306375,1433.947125,238251.1152375,42.468270625,8,0.0059815704987522,0.9938412772363948,0.0001771522466029,Above Threshold,Potential CU Candidate,12.38726243977869,0.5934851918418639,0,Potential CU Candidate,unanimous,"Sector Bituminous Coal Mining: 59% candidate rate, below the 82% split","Sector Bituminous Coal Mining: 59% candidate rate, below the 75% split","Sector Bituminous Coal Mining: 59% candidate rate, below the 67% split"
G12495,"Meota West 2, 06-17-46-17W3",Saskatchewan,Meota,Oil and gas extraction (except oil sands),211110,Serafina Energy Ltd.,202164.292525,190607.36875,10436.29244,1120.6313375,4,0.9428340008482416,0.0516228276994535,0.005543171464671,Above Threshold,CCS Candidate,12.21684092160166,0.8745888775646717,4,CCS Candidate,unanimous,"Sector Oil and gas extraction (except oil sands): 87% candidate rate, above the 82% split","Sector Oil and gas extraction (except oil sands): 87% candidate rate, below the 89% split","Reporting history: 4 years, above the 2-year split"
G12516,LET de Saint-Rosaire,Quebec,Saint-Rosaire,Waste Treatment and Disposal,562210,Gesterra,103199.46764545454,1164.3181818181818,99062.5408718182,2972.6085909090907,11,0.0112822111235906,0.9599132934692172,0.0288044953983831,Above Threshold,Potential CU Candidate,11.544428663467537,0.35073717496627627,0,Potential CU Candidate,unanimous,"Sector Waste Treatment and Disposal: 35% candidate rate, below the 82% split","Sector Waste Treatment and Disposal: 35% candidate rate, below the 75% split","Sector Waste Treatment and Disposal: 35% candidate rate, below the 67% split"
G12553,Red Chris Mine,British Columbia,Dease Lake,Gold and Silver Ore Mining,212220,707491882,118854.24476666668,115325.0959,205.5895333333333,3323.559333333333,6,0.970306917741179,0.0017297618081452,0.0279633204506755,Above Threshold,CCS Candidate,11.6856616011093,0.8490419815841619,4,CCS Candidate,unanimous,"Sector Gold and Silver Ore Mining: 85% candidate rate, above the 82% split","Sector Gold and Silver Ore Mining: 85% candidate rate, below the 89% split","Reporting history: 6 years, above the 2-year split"
G12701,Spruce Lake North Thermal,Saskatchewan,Lloydminster,Oil and gas extraction (except oil sands),211110,Cenovus,204895.84666666668,202168.86953333332,2421.5176533333333,305.45949333333334,3,0.9866909106372972,0.0118182856935736,0.0014908037342029,Above Threshold,CCS Candidate,12.230261944487616,0.8745888775646717,4,CCS Candidate,unanimous,"Sector Oil and gas extraction (except oil sands): 87% candidate rate, above the 82% split","Sector Oil and gas extraction (except oil sands): 87% candidate rate, below the 89% split","Reporting history: 3 years, above the 2-year split"
G12702,Heartland Petrochemical Complex Cogeneration Power Plant,Alberta,Fort Saskatchewan,Fossil-Fuel Electric Power Generation,221112,Inter Pipeline Propylene Ltd.,470413.10770000005,466912.9324,1351.9174666666668,2148.257833333333,3,0.9925593584814982,0.0028738941252649,0.0045667473932366,Above Threshold,CCS Candidate,13.06136866597568,0.999655070570997,4,CCS Candidate,unanimous,"Sector Fossil-Fuel Electric Power Generation: 100% candidate rate, above the 82% split","Sector Fossil-Fuel Electric Power Generation: 100% candidate rate, above the 89% split",
G12713,Mackenzie Site 2 & Power Plant,British Columbia,Mackenzie,Sawmills (except Shingle and Shake Mills),321111,Conifex Inc.,447455.67645,226409.62285,732.2966,220313.75695375,4,0.5059934084338288,0.0016365790815525,0.4923700123812565,Above Threshold,Potential CU Candidate,13.01133499960819,0.7061920262829929,0,Potential CU Candidate,unanimous,"Sector Sawmills (except Shingle and Shake Mills): 71% candidate rate, below the 82% split","Sector Sawmills (except Shingle and Shake Mills): 71% candidate rate, below the 75% split","Sector Sawmills (except Shingle and Shake Mills): 71% candidate rate, above the 67% split"
G12785,ABBT0122253,Alberta,Calgary,Oil and gas extraction (except oil sands),211110,Canadian Natural Resources Limited,109519.29475,52962.74057,56309.06539999999,247.4888,2,0.4835927832707304,0.5141474434120202,0.0022597734998654,Above Threshold,Potential CU Candidate,11.603865151247971,0.8745888775646717,4,CCS Candidate,unanimous,"Sector Oil and gas extraction (except oil sands): 87% candidate rate, above the 82% split","Sector Oil and gas extraction (except oil sands): 87% candidate rate, below the 89% split","Reporting history: 2 years, below the 2-year split"
G12816,Rokeby Site,Ontario,St. Clair Township,Resin and Synthetic Rubber Manufacturing,325210,NOVA Chemicals,146176.1055,144622.8394,906.2116,647.054475,2,0.989374008189047,0.0061994509766166,0.0044265406633097,Above Threshold,CCS Candidate,11.89257421690798,0.8363005006459908,3,CCS Candidate,majority,"Sector Resin and Synthetic Rubber Manufacturing: 84% candidate rate, above the 82% split","Sector Resin and Synthetic Rubber Manufacturing: 84% candidate rate, below the 89% split","Reporting history: 2 years, below the 2-year split"
G12828,Cascade Power Project,Alberta,Yellowhead County,Fossil-Fuel Electric Power Generation,221112,Cascade Power Project Limited Partnership,747809.60367,742577.7188500001,1486.088002,3733.6238225,2,0.9930037207407828,0.0019872545026257,0.0049927465549741,Above Threshold,CCS Candidate,13.524905021245424,0.999655070570997,4,CCS Candidate,unanimous,"Sector Fossil-Fuel Electric Power Generation: 100% candidate rate, above the 82% split","Sector Fossil-Fuel Electric Power Generation: 100% candidate rate, above the 89% split",
G12877,Quintette Mine,British Columbia,Tumbler Ridge,Bituminous Coal Mining,212114,Quintette Resources Limited Partnership,106611.2863,64038.791,40206.71312,2365.7822,1,0.6006755309170301,0.3771337399199919,0.0221907293505753,Above Threshold,Potential CU Candidate,11.576954040169968,0.5934851918418639,0,Potential CU Candidate,unanimous,"Sector Bituminous Coal Mining: 59% candidate rate, below the 82% split","Sector Bituminous Coal Mining: 59% candidate rate, below the 75% split","Sector Bituminous Coal Mining: 59% candidate rate, below the 67% split"
G12939,Great Plains Power Station,Saskatchewan,Moose Jaw,Fossil-Fuel Electric Power Generation,221112,SaskPower,199261.9837,196487.786,1425.275852,1348.921815,1,0.9860776368452864,0.0071527735774518,0.0067695894116505,Above Threshold,CCS Candidate,12.202380757390182,0.999655070570997,4,CCS Candidate,unanimous,"Sector Fossil-Fuel Electric Power Generation: 100% candidate rate, above the 82% split","Sector Fossil-Fuel Electric Power Generation: 100% candidate rate, above the 89% split",
