facility_id,facility_name,province,city,sector,naics_code,company_trade,avg_annual_emissions,avg_co2,avg_ch4_co2e,avg_n2o_co2e,years_reported,co2_share,ch4_share,n2o_share,emission_band,priority,log_emissions,naics_sector_encoded
G10002,Aciérie - Complexe de Contrecoeur,Quebec,CONTRECOEUR,Iron and Steel Mills and Ferro-Alloy Manufacturing,331110,Mittal Canada Inc.,158111.95174285717,157843.71482142856,20.742600000000003,202.83289285714287,14,0.9983035000297457,0.00013118932358595128,0.0012828435208175589,Above Threshold,CCS Candidate,11.971064941049397,18
G10003,"Acme Compressor Station # 363, Alberta",Alberta,AIRDRIE,Pipeline Transportation of Natural Gas,486210,Foothills Pipe Lines Ltd.,288607.89029999997,267942.22854,18222.2146908,2443.447075,20,0.928395368059693,0.06313831084749107,0.008466321112912416,Above Threshold,CCS Candidate,12.57282772976775,36
G10004,AES Kingston ULC,Ontario,BATH,Fossil-Fuel Electric Power Generation,221112,Kingston Cogen,183848.565933,182043.02126150002,869.9173672000001,933.2138505,20,0.9901791745704561,0.004731706025474381,0.005075992003332196,Above Threshold,CCS Candidate,12.121873125742132,12
G10005,AFG Industries Ltée,Quebec,ST-AUGUSTIN-DE-DESMAURES,Glass Manufacturing,327214,AFG Industries Ltée,104978.25,104978.25,0.0,0.0,4,1.0,0.0,0.0,Above Threshold,CCS Candidate,11.561517990562823,13
G10006,Agrium Redwater Fertilizer Operation,Alberta,REDWATER,Chemical Fertilizer (except Potash) Manufacturing,325313,Agrium Inc.,1156675.710675,1085052.846795,61057.336227499996,10397.589212,20,0.9380786998300472,0.05278690964459592,0.00898919992530343,Above Threshold,CCS Candidate,13.961061546797922,7
G10007,Alberta Envirofuels Inc.,Alberta,EDMONTON,Other Basic Organic Chemical Manufacturing,325190,Alberta Envirofuels Inc.,298728.81090000004,296631.519495,856.5558134,1201.93559,20,0.9929792797732453,0.0028673357980417012,0.004023500734257433,Above Threshold,CCS Candidate,12.607294801366917,29
G10008,Alberta Pipeline System,Alberta,CALGARY,Pipeline Transportation of Natural Gas,486210,Alliance Pipeline Ltd.,561143.01038,524796.613855,32116.5253075,3482.2862155000003,20,0.9352279261210318,0.0572341180651097,0.006205701846204649,Above Threshold,CCS Candidate,13.23773285455691,36
G10009,Alberta-Pacific Forest Industries Inc. Pulp Mill,Alberta,COUNTY OF ATHABASCA,Chemical Pulp Mills,322112,Alberta-Pacific Forest Industries Inc.,124230.0480835,106562.85548950001,3292.7343134000002,14331.6579355,20,0.857786478661546,0.026505135948968007,0.11536386048781948,Above Threshold,CCS Candidate,11.729898401809821,8
G10010,Alcan Primary Metal-British Columbia,British Columbia,KITIMAT,Primary Production of Alumina and Aluminum,331313,Alcan Inc - Kitimat works,893837.1026049999,538184.373505,41.631732799999995,339.78765075,20,0.6021056543038041,4.657642055657392e-05,0.00038014493889291736,Above Threshold,Potential CU Candidate,13.703279944473284,39
G10011,Algoma Steel Inc,Ontario,SAULT STE. MARIE,Iron and Steel Mills and Ferro-Alloy Manufacturing,331110,Algoma Steel Inc,3386117.9047499998,3320532.9379000003,23247.306205,6560.05399975,20,0.9806312217427521,0.006865474522428471,0.00193733773727951,Above Threshold,CCS Candidate,15.035194957641632,18
G10012,Aluminerie Alouette inc.,Quebec,SEPT-ÎLES,Primary Production of Alumina and Aluminum,331313,Aluminerie Alouette inc.,1067086.277695,976359.23174,63.0593838,533.9763515,20,0.9149768412813082,5.909492523529944e-05,0.0005004059771562575,Above Threshold,CCS Candidate,13.880443324216088,39
G10013,Aluminerie de Baie-Comeau,Quebec,BAIE-COMEAU,Primary Production of Alumina and Aluminum,331313,Alcoa Limitée,909921.832565,600219.5030449999,128.06178,1204.2466550000001,20,0.6596385332935985,0.00014073932003478106,0.001323461655607626,Above Threshold,Potential CU Candidate,13.721115075518242,39
G10014,Aluminerie de Bécancour,Quebec,BÉCANCOUR,Primary Production of Alumina and Aluminum,331313,Aluminerie de Bécancour inc,700829.454955,670697.285905,34.73372,376.105225,20,0.9570049905337744,4.956087355408063e-05,0.0005366572742353553,Above Threshold,CCS Candidate,13.460021275073029,39
G10015,ATCO Pipelines,Alberta,EDMONTON,Pipeline Transportation of Natural Gas,486210,ATCO Pipelines,213999.07146,79927.48874249999,129179.23827799999,2789.4969275,20,0.37349455863148345,0.6036439195585283,0.013035088930380726,Above Threshold,Potential CU Candidate,12.273731627929166,36
G10016,Atikokan Generating Station,Ontario,ATIKOKAN,Fossil-Fuel Electric Power Generation,221112,Ontario Power Generation Inc.,297193.7925,293553.3418333333,1201.3877665555556,2439.0629005555556,18,0.9877505830924559,0.004042438963645432,0.008206977945394186,Above Threshold,CCS Candidate,12.602143069801437,12
G10017,Balzac Gas Processing Plant,Alberta,BALZAC,Conventional Oil and Gas Extraction,211113,Nexen Inc.,207852.204375,190415.05375,15988.17502375,1233.078125,8,0.9161079350713044,0.0769208826619162,0.005932475571802556,Above Threshold,CCS Candidate,12.244587361328845,9
G10018,Battle River Generating Station,Alberta,FORESTBURG,Fossil-Fuel Electric Power Generation,221112,ATCO Power,3489591.3004600005,3475388.19189,1075.2081899999998,13127.9002975,20,0.9959298647471615,0.00030811865843953273,0.0037620165707570024,Above Threshold,CCS Candidate,15.065295468002262,12
G10020,Bayside Power,New Brunswick,SAINT JOHN,Fossil-Fuel Electric Power Generation,221112,Bayside Power L.P.,510208.21586,498136.432625,661.1826199999999,11410.600617,20,0.9763394965824845,0.0012959074343511297,0.022364595987084308,Above Threshold,CCS Candidate,13.142576147756815,12
G10021,Bedford,Quebec,BEDFORD,Lime Manufacturing,327410,Graymont (QC) Inc.,459613.44444000005,458827.31243000005,161.903749,481.11093174999996,20,0.9982895800383781,0.00035226068984397526,0.0010467729731800878,Above Threshold,CCS Candidate,13.038143252748345,20
G10022,Belledune Generating Station,New Brunswick,BELLEDUNE,Fossil-Fuel Electric Power Generation,221112,Belledune Generating Station,2585619.08665,2581044.9044999997,317.43012,4256.75198825,20,0.9982309141460095,0.00012276754980613608,0.0016463182880372246,Above Threshold,CCS Candidate,14.765475915939783,12
G10023,Bonnie Glen Gas Plant,Alberta,THORSBY,Conventional Oil and Gas Extraction,211113,Imperial Oil Resources,283887.82566,247918.72456200002,32823.392116,3145.709,5,0.8732981908809342,0.1156209923398094,0.011080816842661925,Above Threshold,CCS Candidate,12.556337981559627,9
G10024,Boundary Dam Power Station,Saskatchewan,ESTEVAN,Fossil-Fuel Electric Power Generation,221112,SaskPower,5616900.2295,5580583.362,3579.1765744000004,32737.690921,20,0.9935343577389422,0.0006372156221686366,0.005828426638070125,Above Threshold,CCS Candidate,15.541290687151314,12
G10025,Bowater - Thunder Bay Operations,Ontario,THUNDER BAY,Chemical Pulp Mills,322112,Bowater Canadian Forest Products Inc.,171254.510296,153431.112186,7604.721791999999,10216.271308250001,20,0.8959245039491595,0.044405965009948256,0.05965548755820783,Above Threshold,CCS Candidate,12.050911932517755,8
G10026,Brady Road Landfill,Manitoba,WINNIPEG,Waste Treatment and Disposal,562210,Water & Waste Department,447958.92319999996,15459.25,432499.67319999996,0.0,20,0.034510418699926014,0.965489581300074,0.0,Above Threshold,Potential CU Candidate,13.012459050252735,45
G10028,Brandon Generating Station,Manitoba,BRANDON,Fossil-Fuel Electric Power Generation,221112,Manitoba Hydro,162661.41993157894,161829.37769368422,112.393512,648.6715886842105,19,0.9948848212548205,0.0006909660080876991,0.00398786380296609,Above Threshold,CCS Candidate,11.999432288848382,12
G10029,Brazeau Gas Plant,Alberta,DRAYTON VALLEY,Conventional Oil and Gas Extraction,211113,Petro-Canada,145094.080895,102309.724973,40837.3851641,1946.97075425,20,0.7051268000866163,0.28145452186745457,0.013418678020773027,Above Threshold,Potential CU Candidate,11.885144536815874,9
G10031,Brighton Beach Power,Ontario,WINDSOR,Fossil-Fuel Electric Power Generation,221112,Brighton Beach Power L.P.,189370.418602,187193.15315650002,838.0090012000001,1339.2564435,20,0.9885026105894821,0.004425237095563719,0.0070721523107297795,Above Threshold,CCS Candidate,12.151465543394336,12
G10033,Brookfield Plant,Nova Scotia,BROOKFIELD,Cement Manufacturing,327310,Lafarge North America,231934.526825,231737.17135000002,96.44445579999999,100.9110195,20,0.9991490897120768,0.0004158262123378016,0.0004350840768789017,Above Threshold,CCS Candidate,12.354214710410258,6
G10035,Xstrata Zinc - Brunswick Smelter,New Brunswick,BELLEDUNE,Non-Ferrous Metal (except Aluminum) Smelting and Refining,331410,Xstrata,194304.43735625,192681.775625,137.53845,1386.85265625,16,0.9916488694065442,0.0007078502780038335,0.0071375243670182215,Above Threshold,CCS Candidate,12.177186619308769,27
G10036,Burnaby Refinery,British Columbia,BURNABY,Petroleum Refineries,324110,Chevron Canada Limited,459465.954395,455062.07068,3107.3733334,1296.51036675,20,0.9904152121112024,0.0067630110646426924,0.0028217767918347183,Above Threshold,CCS Candidate,13.037822301749982,35
G10038,"Burstall Compressor Station - 2, Saskatchewan",Saskatchewan,BURSTALL,Pipeline Transportation of Natural Gas,486210,TransCanada PipeLines Ltd.,776002.5798899999,722750.5679550001,44845.9943785,7493.2175925,20,0.9313765014253581,0.057791037737087186,0.009656176134829577,Above Threshold,CCS Candidate,13.561912412415024,36
G10039,Cabot Canada Limited,Ontario,SARNIA,All Other Basic Inorganic Chemical Manufacturing,325189,Cabot Canada Limited,214118.90928000002,213627.903335,407.33891520000003,83.66703225,20,0.9977068538848294,0.001902395806936085,0.00039075031967676383,Above Threshold,CCS Candidate,12.274291460819576,0
G10040,Calpine Calgary Energy Centre,Alberta,CALGARY,Fossil-Fuel Electric Power Generation,221112,Calpine Canada Power Ltd.,471488.535295,467054.72275,1495.1260674,2926.298275,20,0.9905961392205945,0.003171076188447578,0.006206509927476985,Above Threshold,CCS Candidate,13.063652186313059,12
G10041,Calpine Canada- Island Cogeneration,British Columbia,CAMPBELL RIVER,Fossil-Fuel Electric Power Generation,221112,Calpine Canada,407980.9406246154,403708.0938453846,1385.466755076923,2884.456996923077,13,0.9895268470809222,0.0033959104877688277,0.0070700778141915095,Above Threshold,CCS Candidate,12.918978189231693,12
G10043,Carmeuse Lime (Canada) Ltd Northern,Ontario,BLIND RIVER,Lime Manufacturing,327410,Beachville Lime,141184.3064955,140224.49528049998,164.309194,795.502175,20,0.9932017145614508,0.0011637921953119984,0.005634494334009816,Above Threshold,CCS Candidate,11.85782853697989,20
G10044,Canadian Fertilizers Limited,Alberta,MEDICINE HAT,Chemical Fertilizer (except Potash) Manufacturing,325313,Canadian Fertilizers Limited,1621385.0155,1615862.4466499998,1333.4699042,4189.0988265,20,0.9965939189043899,0.0008224264387868336,0.0025836545832441733,Above Threshold,CCS Candidate,14.298791906544805,7
G10045,Cancarb Ltd.,Alberta,MEDICINE HAT,All Other Basic Inorganic Chemical Manufacturing,325189,Cancarb Ltd.,141364.830467,139908.5438185,870.5604642000001,582.389175,20,0.9896983808229449,0.0061582535155603815,0.004119760007323407,Above Threshold,CCS Candidate,11.859106351665076,0
G10046,"Cardinal Lake Compressor Station, Alberta",Alberta,FAIRVIEW,Pipeline Transportation of Natural Gas,486210,Nova Gas Transmission Ltd.,2988178.09895,2503646.1371,460986.269705,22127.492064500002,20,0.8378503737711426,0.1542700115053328,0.007405011124429051,Above Threshold,Potential CU Candidate,14.91017476284618,36
G10047,"Cardinal Power of Canada, L.P.",Ontario,CARDINAL,Fossil-Fuel Electric Power Generation,221112,"Cardinal Power of Canada, L.P.",307421.702752,303766.53181099996,1441.040608,2166.66033875,20,0.9881102377994806,0.0046875044770749354,0.007047844440891232,Above Threshold,CCS Candidate,12.635978961464952,12
G10048,Cariboo Pulp and Paper,British Columbia,QUESNEL,Chemical Pulp Mills,322112,Cariboo Pulp and Paper Company,113331.0657805,97484.1878,7327.699160300001,8519.178818999999,20,0.8601718083972467,0.06465746271628924,0.0751707288758757,Above Threshold,CCS Candidate,11.638077423571984,8
G10050,Carmeuse Dundas(Flamborough) Facility,Ontario,HAMILTON,Lime Manufacturing,327410,Dundas Facility,445545.163095,444234.3504,200.8698258,1109.94349,20,0.9970579577479993,0.0004508405486991453,0.0024912030966506883,Above Threshold,CCS Candidate,13.007056141388928,20
G10051,Carmeuse Lime (Canada) Ltd Beachville,Ontario,INGERSOLL,Lime Manufacturing,327410,Beachville Lime,456307.34549000004,453479.40817999997,332.046414,2380.320895,20,0.9938025601867896,0.0007276815008170339,0.0052164860340872254,Above Threshold,CCS Candidate,13.030924056228848,20
G10052,Carol Project,Newfoundland and Labrador,LABRADOR CITY,Iron Ore Mining,212210,Iron Ore Company of Canada,962728.3369850001,955632.508595,481.6055818,4097.897301,20,0.9926294593008218,0.0005002507595322851,0.004256545843278578,Above Threshold,CCS Candidate,13.777527588953973,17
G10053,Carseland Nitrogen Operations,Alberta,CARSELAND,Chemical Fertilizer (except Potash) Manufacturing,325313,Agrium,549362.06398,535640.96431,11854.4469499,1866.6527125,20,0.9750235763085026,0.02157856853823742,0.003397855139425785,Above Threshold,CCS Candidate,13.216514820641754,7
G10054,"Carseland Power Plant, Alberta",Alberta,CARSELAND,Fossil-Fuel Electric Power Generation,221112,TransCanada Energy Ltd.,339315.35124499997,336100.30938,765.8581882000001,2449.183689,20,0.9905249147932639,0.0022570690815783877,0.007218016161112576,Above Threshold,CCS Candidate,12.734688140725225,12
G10055,Carseland Works,Alberta,CARSELAND,Chemical Fertilizer (except Potash) Manufacturing,325313,Orica Canada Inc,268246.098032,531.01936945,8.78458,267706.2940825,20,0.0019795977400821423,3.2748211677442764e-05,0.9979876540480539,Above Threshold,Potential CU Candidate,12.499663842287177,7
G10057,Casco Inc. - London Plant,Ontario,LONDON,Wet Corn Milling,311221,Casco Inc.,125551.72181500001,124223.634055,322.72296140000003,756.380702,20,0.9894219868847602,0.002570438355879588,0.006024455029892176,Above Threshold,CCS Candidate,11.740481043482562,46
G10058,Cavalier Power Plant,Alberta,STRATHMORE,Fossil-Fuel Electric Power Generation,221112,EnCana Corporation,218192.72714,216255.25980000003,561.328964,1376.138375,20,0.991120385333665,0.0025726291217755943,0.006306985539976417,Above Threshold,CCS Candidate,12.29313860375522,12
G10060,CCRL/NEI Refinery-Upgrader Complex,Saskatchewan,REGINA,Petroleum Refineries,324110,Consumers' Co-operative Refineries Limited,1630597.4661,1619834.622,2936.8760442,7825.968021999999,20,0.9933994475498957,0.0018011042610193099,0.004799448168356257,Above Threshold,CCS Candidate,14.304457662513828,35
G10061,"Centrale de Cap-aux Meules, Îles-de-la-Madeleine",Quebec,CAP-AUX-MEULES,Fossil-Fuel Electric Power Generation,221112,Hydro-Québec,127248.75021500001,126678.647805,87.400488,482.2601175,20,0.9955197798875293,0.00068684751600568,0.0037899006213041094,Above Threshold,CCS Candidate,11.753906971463888,12
G10062,Centrale de cogénération de Kingsey Falls,Quebec,KINGSEY FALLS,Fossil-Fuel Electric Power Generation,221112,Boralex Énergie inc.,135229.78441111112,133579.63108888888,726.9639937777778,923.1893333333333,9,0.9877974121647224,0.00537576834085411,0.006826819530575837,Above Threshold,CCS Candidate,11.814738112020803,12
G10063,Centrale de Tracy,Quebec,TRACY,Fossil-Fuel Electric Power Generation,221112,Hydro-Québec,529853.8513333333,529268.348,59.919999999999995,525.5833333333334,3,0.9988949720156607,0.00011308778798005578,0.0009919401963593292,Above Threshold,CCS Candidate,13.18035838261152,12
G10064,Chimie ParaChem s.e.c.,Quebec,MONTREAL-EST,Petrochemical Manufacturing,325110,Chimie ParaChem s.e.c,232222.73209,231011.77443,402.606428,808.35123,20,0.9947853612387495,0.0017337080843746436,0.003480930668263416,Above Threshold,CCS Candidate,12.355456548406604,34
G10065,Christina Lake SAGD Bitumen Battery,Alberta,LAC LA BICHE,Non-Conventional Oil Extraction,211114,EnCana Corporation,1763264.11376,1749304.832225,9781.6604702,3937.4991609999997,20,0.992083272479678,0.005547473230962264,0.002233073950903272,Above Threshold,CCS Candidate,14.382677826569207,25
G10066,Cimenterie de St-Basile,Quebec,SAINT-BASILE,Cement Manufacturing,327310,Ciment Québec inc.,709221.644035,708625.5103450001,146.41941860000003,449.714275,20,0.999159453613671,0.00020645086036428725,0.0006340955310407964,Above Threshold,CCS Candidate,13.471924781655831,6
G10067,Cimenterie de St-Constant,Quebec,ST-CONSTANT,Cement Manufacturing,327310,Lafarge Canada Inc,681371.79371,680518.82663,306.25616,546.7109,20,0.998748162034481,0.0004494699704730459,0.0008023679656934651,Above Threshold,CCS Candidate,13.43186485636464,6
G10068,"CITY OF MEDICINE HAT, ELECTRIC UTILITY - GENERATION",Alberta,MEDICINE HAT,Fossil-Fuel Electric Power Generation,221112,CITY OF MEDICINE HAT,382194.773095,374283.42325,5346.361248300001,2543.4329,20,0.9793002144405739,0.013988577617127919,0.006654808173862161,Above Threshold,CCS Candidate,12.853688251321083,12
G10069,Clover Bar Thermal Generating Station,Alberta,EDMONTON,Fossil-Fuel Electric Power Generation,221112,EPCOR,245272.05439333332,242373.77802,1378.0556458666665,1520.22073,15,0.988183421953626,0.005618478017298831,0.006198100039403921,Above Threshold,CCS Candidate,12.410127376652085,12
G10070,Coal Mountain Operations,British Columbia,SPARWOOD,Bituminous Coal Mining,212114,Elk Valley Coal Corporation,115208.8549998421,67980.74175210526,43144.51839326316,2019.9632671052632,19,0.5900652493438845,0.37448960319345503,0.017533055658855667,Above Threshold,Potential CU Candidate,11.654510570458632,5
G10071,Cochrane Extraction Plant,Alberta,COCHRANE,Conventional Oil and Gas Extraction,211113,Inter Pipeline Extraction Ltd.,460570.274225,447488.419185,8094.3151615,2783.340739,20,0.9715963973966562,0.017574549671318402,0.006043248760861777,Above Threshold,CCS Candidate,13.04022289843387,9
G10073,Cold Lake,Alberta,BONNYVILLE,Non-Conventional Oil Extraction,211114,Imperial Oil Resources,4972843.34665,4932558.883950001,17987.7873177,22296.6754725,20,0.9918991088413961,0.003617203692896868,0.004483687483845707,Above Threshold,CCS Candidate,15.419502537518712,25
G10074,Coleson Cove Generating Station,New Brunswick,SAINT JOHN,Fossil-Fuel Electric Power Generation,221112,Coleson Cove Generating Station,818592.2483699999,817306.630665,70.00308,1215.614625,20,0.9984294773037982,8.551642180755042e-05,0.0014850062743943157,Above Threshold,CCS Candidate,13.615342595229734,12
G10075,Commercial Alcohols Inc. Chatham facility,Ontario,CHATHAM,Other Basic Organic Chemical Manufacturing,325190,Commercial Alcohols Inc.,141165.792245,138207.80726,119.1994468,2838.78553625,20,0.9790460214336753,0.0008443932832759062,0.020109585269235425,Above Threshold,CCS Candidate,11.857697393980711,29
G10076,Complexe métallurgique de Sorel-Tracy,Quebec,SOREL-TRACY,Iron and Steel Mills and Ferro-Alloy Manufacturing,331110,QIT - Fer et Titane Inc.,1042228.5343149999,1038556.6205,1620.775744,1672.51305,20,0.9964768630927828,0.0015551059010922663,0.001604746938826859,Above Threshold,CCS Candidate,13.856872759488848,18
G10077,Copper Cliff Nickel Refinery,Ontario,COPPER CLIFF,Non-Ferrous Metal (except Aluminum) Smelting and Refining,331410,Inco Limited,106786.64744,104665.66195333333,41.2776,641.7895433333334,15,0.9801381021175106,0.00038654270912655595,0.006010016783174455,Above Threshold,CCS Candidate,11.578597538144862,27
G10078,Copper Cliff Smelter,Ontario,COPPER CLIFF,Non-Ferrous Metal (except Aluminum) Smelting and Refining,331410,Inco Limited,257945.74636000002,255595.62336666664,113.30032,1977.4953843333335,15,0.9908890802562278,0.00043924089309025965,0.007666322907970954,Above Threshold,CCS Candidate,12.460508433141026,27
G10080,Cory Cogeneration Station,Saskatchewan,CORMAN PARK,Fossil-Fuel Electric Power Generation,221112,ATCO Power,590493.8630049999,584559.406645,1916.072592,4018.3837727500004,20,0.9899500117921637,0.003244864531274182,0.006805123684606312,Above Threshold,CCS Candidate,13.288716215182898,12
G10081,Courtenay Bay Generating Station #2,New Brunswick,SAINT JOHN,Steam and Air-Conditioning Supply,221330,Irving Paper,113689.74216666666,112952.28383333333,121.33333333333333,616.125,3,0.9935134136178071,0.0010672320212975885,0.005419354360895412,Above Threshold,CCS Candidate,11.641237253087303,42
G10082,Crofton Division,British Columbia,CROFTON,Chemical Pulp Mills,322112,NorskeCanada,151183.349785,137333.01628,4419.043748,9430.63201,20,0.908387176731454,0.02922969860295056,0.0623787740079277,Above Threshold,CCS Candidate,11.926255230657416,8
G10083,Dalhousie Generating Station,New Brunswick,DALHOUSIE,Fossil-Fuel Electric Power Generation,221112,Dalhousie Generating Station,1246431.3333333333,1246431.3333333333,0.0,0.0,9,1.0,0.0,0.0,Above Threshold,CCS Candidate,14.035795895139984,12
G10084,Dartmouth Refinery,Nova Scotia,DARTMOUTH,Petroleum Refineries,324110,Imperial Oil,719590.70559,707544.2101700001,5473.6463512,6572.8490335,10,0.9832592398339514,0.007606610686712663,0.009134149430280441,Above Threshold,CCS Candidate,13.48643925457463,35
G10085,Delta Cement Plant,British Columbia,DELTA,Cement Manufacturing,327310,Lehigh Cement,802825.01731,800988.884495,883.6090185999999,915.0237999999999,20,0.9977129103161828,0.0011006246685743304,0.0011397549656162196,Above Threshold,CCS Candidate,13.595893303587955,6
G10086,distribution system and Carbon Plant,Alberta,ALBERTA,Natural Gas Distribution,221210,ATCO Gas,208313.79041,37122.918555,170512.1857815,678.6860675,20,0.1782067259298352,0.8185352752974278,0.00325799874393443,Above Threshold,Potential CU Candidate,12.246805630057157,22
G10087,Division Belgo,Quebec,SHAWINIGAN,Newsprint Mills,322122,ACI,141879.25,140926.75,147.0,728.75,4,0.9932865447202462,0.0010360923108911275,0.005136410010625233,Above Threshold,CCS Candidate,11.862738670938445,23
G10090,Division Laurentide,Quebec,GRAND-MÈRE,Paper (except Newsprint) Mills,322121,Abitibi Consolidated Inc,102119.95854545454,98184.63636363637,1430.0618181818181,1223.0954545454545,11,0.9614637311073082,0.014003744601455986,0.011977046132476086,Above Threshold,CCS Candidate,11.533913257772928,32
G10091,Dofasco Hamilton,Ontario,HAMILTON,Iron and Steel Mills and Ferro-Alloy Manufacturing,331110,Dofasco,4683804.7532,4661299.0770000005,11160.1003293,7763.851002,20,0.9951950012039628,0.0023826997318099905,0.0016575949278619473,Above Threshold,CCS Candidate,15.359621532558018,18
G10092,Domtar Inc - Usine d'Ottawa/Hull,Ontario,OTTAWA,Paper (except Newsprint) Mills,322121,Domtar Inc.,146453.375,146008.5,170.38,193.45,2,0.9969623438176143,0.0011633736675580198,0.0013208982039505746,Above Threshold,CCS Candidate,11.894469225486693,32
G10093,Domtar Inc. - Espanola Mill,Ontario,ESPANOLA,Paper (except Newsprint) Mills,322121,Domtar Inc.,163526.90726349998,144728.93332100002,11035.1701642,6428.33298,20,0.8850466002380285,0.06748228991097116,0.039310551930402934,Above Threshold,CCS Candidate,12.004738941381051,32
G10094,Domtar Papers Cornwall,Ontario,CORNWALL,Chemical Pulp Mills,322112,Domtar Inc.,497250.933,493431.0,594.44,283.815,1,0.9923178967670232,0.001195452759462193,0.0005707681598256548,Above Threshold,CCS Candidate,13.116852084089256,8
G10096,East Crossfield Gas Plant 9-14-28-1W5,Alberta,CROSSFIELD,Conventional Oil and Gas Extraction,211113,PrimeWest Energy Inc.,126221.436721,117031.24772649999,3895.1053273999996,681.6631172499999,20,0.9271899509842055,0.030859301150324762,0.00540053365702649,Above Threshold,CCS Candidate,11.74580100029969,9
G10097,Edmonton Facility,Alberta,EDMONTON,Other Basic Organic Chemical Manufacturing,325190,Celanese Canada Inc.,194517.55919636364,192540.87099090908,287.07778909090905,695.5922845454545,11,0.9898379960471377,0.0014758451127854567,0.0035759871109798404,Above Threshold,CCS Candidate,12.178282857521154,29
G10098,Edmonton Refinery,Alberta,EDMONTON,Petroleum Refineries,324110,Petro-Canada,1381261.37655,1362469.97015,9830.7614384,8934.71174975,20,0.986395473934893,0.007117234728559819,0.006468516315186038,Above Threshold,CCS Candidate,14.138508404606245,35
G10100,Edson Gas Plant,Alberta,EDSON,Conventional Oil and Gas Extraction,211113,Talisman Energy Inc.,217932.319125,201463.550425,14368.9652252,2034.6184575,20,0.9244317283176618,0.06593315430630715,0.009336010673722049,Above Threshold,CCS Candidate,12.291944419408356,9
G10101,EKATI Diamond Mine,Northwest Territories,YELLOWKNIFE,Diamond Mining,212392,BHP Billiton Diamonds Inc.,185664.157715,179770.47607,256.9140448,5509.5738595,20,0.9682562228621047,0.0013837568217898615,0.029674946027856166,Above Threshold,CCS Candidate,12.131700103000027,11
G10102,Elk Falls Division,British Columbia,CAMPBELL RIVER,Newsprint Mills,322122,NorskeCanada,155119.01250833334,141714.30194166666,4442.853333666667,8961.858379166666,6,0.9135843482374764,0.02864157824256383,0.05777408090890996,Above Threshold,CCS Candidate,11.951954370553027,23
G10103,Elkem Métal Chicoutimi,Quebec,SAGUENAY,Iron and Steel Mills and Ferro-Alloy Manufacturing,331110,Elkem Métal Canada Inc.,109781.8124720625,108396.91309081251,1062.4312265,316.8486246875,16,0.9873849834497638,0.009677661559562699,0.0028861668208304747,Above Threshold,CCS Candidate,11.606259260941888,18
G10104,"Elko Compressor Station, British Columbia",British Columbia,CRANBROOK,Pipeline Transportation of Natural Gas,486210,TransCanada PipeLines Ltd.,313418.55503000005,268228.49985,41744.0800739,2134.175115,20,0.8558156354984328,0.13318956202163687,0.006809345141661187,Above Threshold,CCS Candidate,12.655298003351866,36
G10105,Elkview Operations,British Columbia,SPARWOOD,Bituminous Coal Mining,212114,Elk Valley Coal Corporation,424790.405255,256290.80716,154501.1886,8826.684090749999,20,0.6033347363534486,0.3637115779657348,0.020778915864286943,Above Threshold,Potential CU Candidate,12.959353516254621,5
G10106,Elmworth Sweet GP,Alberta,GRANDE PRAIRIE,Conventional Oil and Gas Extraction,211113,Burlington Resources Canada Ltd.,215479.78479,197013.795475,15996.1208595,1449.9884425,20,0.9143029155472918,0.07423490270834143,0.0067291158839476025,Above Threshold,CCS Candidate,12.280627018842784,9
G10108,Empress Straddle Gas Plant,Alberta,EMPRESS,Conventional Oil and Gas Extraction,211113,ConocoPhillips Canada,306298.90937999997,299751.331985,4922.7228764,1474.23052325,20,0.9786235693484728,0.016071630442186072,0.004813045290412846,Above Threshold,CCS Candidate,12.632319996967084,9
G10109,Enbridge Gas Distribution Inc.,Ontario,NORTH YORK,Natural Gas Distribution,221210,Enbridge Gas Distribution Inc.,341902.28223333333,28654.190762,312257.77054666664,180.60357733333333,15,0.08380812954750845,0.9132953676324523,0.0005282315641580869,Above Threshold,Potential CU Candidate,12.742283175561814,22
G10110,Eurocan Pulp and Paper Co.,British Columbia,KITIMAT,Paper (except Newsprint) Mills,322121,West Fraser Timber Co.,129221.46861666667,112851.08567333333,10090.854525666668,6279.528421666667,6,0.8733153003244701,0.07808961338770277,0.048595086318781774,Above Threshold,CCS Candidate,11.769290760912549,32
G10111,Exshaw,Alberta,EXSHAW,Lime Manufacturing,327410,Graymont Western Canada Inc.,159937.916965,159613.831265,81.42652,222.4339775,20,0.997973678123675,0.0005091132956159417,0.0013907519975308689,Above Threshold,CCS Candidate,11.982547252354887,20
G10112,Exshaw Cement Plant,Alberta,EXSHAW,Cement Manufacturing,327310,Lafarge Canada Inc,1028436.65118,1026908.9812200001,730.9767009999999,787.1758219999999,20,0.9985145706755519,0.0007107649267082199,0.0007654101213689885,Above Threshold,CCS Candidate,13.843551365119481,6
G10113,Faulkner,Manitoba,FAULKNER,Lime Manufacturing,327410,Graymont Western Canada Inc.,132585.376575,132398.24885,21.516278,129.13185000000001,20,0.9985886247048207,0.00016228243684045213,0.0009739524322801435,Above Threshold,CCS Candidate,11.794989610694016,20
G10114,Federal White Cement Ltd.,Ontario,EMBRO,Cement Manufacturing,327310,Federal White Cement Ltd.,382506.567225,382029.99236,115.36912379999998,361.20573249999995,20,0.9987540740320945,0.0003016134458474198,0.0009443124993133245,Above Threshold,CCS Candidate,12.854503715647805,6
G10115,Fording River Operations,British Columbia,ELKFORD,Bituminous Coal Mining,212114,Elk Valley Coal Corporation,579225.52669,339959.863525,219374.20191,12194.111263499999,20,0.586921411194893,0.37873710981561853,0.021052441064163003,Above Threshold,Potential CU Candidate,13.26944891784814,5
G10116,Fort Frances Division,Ontario,FORT FRANCES,Paper (except Newsprint) Mills,322121,Abitibi Consolidated Inc.,218758.72343636362,212342.51792727274,2170.8886156363637,4245.316887727273,11,0.9706699444561472,0.009923666501317237,0.01940638901635493,Above Threshold,CCS Candidate,12.295729253226794,32
G10117,Fort Nelson Gas Plant,British Columbia,FORT NELSON,Conventional Oil and Gas Extraction,211113,Duke Energy Gas Transmission,1035698.921525,1030260.332945,3830.485207,1608.2034330000001,20,0.9947488710599486,0.0036984543745202103,0.001552771176619576,Above Threshold,CCS Candidate,13.850588008806957,9
G10118,Fort Nelson Generating Station,British Columbia,FORT NELSON,Fossil-Fuel Electric Power Generation,221112,BC Hydro,142507.1035675,140541.7085025,1010.8465808000001,954.5484837500001,20,0.9862084414334542,0.007093306617667673,0.006698251945720503,Above Threshold,CCS Candidate,11.867154144214318,12
G10119,Fort Saskatchewan,Alberta,FORT SASKATCHEWAN,Non-Ferrous Metal (except Aluminum) Smelting and Refining,331410,Sherritt International Corporation,308341.91501500004,296363.612095,9871.949355699999,2106.35356,20,0.9611525312106292,0.03201624195406503,0.006831226821360084,Above Threshold,CCS Candidate,12.638967803067937,27
G10120,Fort Saskatchewan Generating Plant,Alberta,FORT SASKATCHEWAN,Fossil-Fuel Electric Power Generation,221112,TransAlta Corpoation,374067.86832,370896.4138,754.7505308,2415.29399175,20,0.9915217136017495,0.00201768340646233,0.0064568336291418995,Above Threshold,CCS Candidate,12.832195199338047,12
G10121,Fort Saskatchewan Nitrogen Operation,Alberta,FORT SASKATCHEWAN,Chemical Fertilizer (except Potash) Manufacturing,325313,Agrium Inc.,592185.963615,584596.58335,5933.131592,1611.14117,20,0.9871841267248709,0.010019034486702775,0.0027206676094867002,Above Threshold,CCS Candidate,13.291577680923707,7
G10123,Foster Creek Cogeneration Facility,Alberta,BONNYVILLE,Fossil-Fuel Electric Power Generation,221112,EnCana Corporation,488123.65672,482307.68278000003,1057.7840112,4744.559947,5,0.9880850398051161,0.0021670410696910175,0.009719995910219935,Above Threshold,CCS Candidate,13.098326096313356,12
G10124,Foster Creek SAGD Bitumen Battery,Alberta,BONNYVILLE,Non-Conventional Oil Extraction,211114,EnCana Corporation,463622.96466000006,460771.15067999996,1578.8080000000002,672.57,5,0.9938488509038989,0.0034053705712309267,0.0014506831008537988,Above Threshold,CCS Candidate,13.04682908164839,25
G10126,Gathering,British Columbia,FORT ST. JOHN,Pipeline Transportation of Natural Gas,486210,Duke Energy Gas Transmission,169994.360798,130089.421615,38083.441088,1821.4980772499998,20,0.7652572767962695,0.2240276730900126,0.010715050009302602,Above Threshold,Potential CU Candidate,12.043526426236506,36
G10127,Genesee Thermal Generating Station,Alberta,WARBURG,Fossil-Fuel Electric Power Generation,221112,EPCOR,8907892.2851,8859629.095900001,3005.9983198,45251.9588205,20,0.9945819743149872,0.0003374533754553875,0.005079984958528492,Above Threshold,CCS Candidate,16.002448327617678,12
G10128,Gerdau AmeriSteel Whitby,Ontario,WHITBY,Iron and Steel Mills and Ferro-Alloy Manufacturing,331110,Gerdau AmeriSteel Whitby,111338.732565,110856.70514549999,34.903297800000004,338.67692975,20,0.9956706223576005,0.00031348747193276445,0.003041860832682634,Above Threshold,CCS Candidate,11.620341459767666,18
G10129,Grand Lake Generating Station,New Brunswick,NEWCASTLE CREEK,Fossil-Fuel Electric Power Generation,221112,Dalhousie Generating Station,231965.7142857143,231965.7142857143,0.0,0.0,7,1.0,0.0,0.0,Above Threshold,CCS Candidate,12.35434916744882,12
G10130,Grande Prairie Operations,Alberta,GRANDE PRAIRIE,Chemical Pulp Mills,322112,Weyerhaeuser Company,137653.75754,95563.285849,34444.4504035,7608.02146175,20,0.6942294025009149,0.2502252827605595,0.0552692610627736,Above Threshold,Potential CU Candidate,11.83250407255975,8
G10131,Greenhills Operations,British Columbia,ELKFORD,Bituminous Coal Mining,212114,Elk Valley Coal Corporation,402290.625045,259392.054605,130127.03017800002,7118.7402625,20,0.6447877192663503,0.3234652315435988,0.017695516174913852,Above Threshold,Potential CU Candidate,12.904932540035382,5
G10132,H.R. Milner Generating Station,Alberta,GRANDE CACHE,Fossil-Fuel Electric Power Generation,221112,Milner Power Inc.,639656.6311676111,636183.9695213333,656.5776684444444,2816.083994722222,18,0.9945710534729565,0.0010264533133127161,0.004402493240133885,Above Threshold,CCS Candidate,13.36868836089775,12
G10133,Hamilton,Ontario,HAMILTON,All Other Basic Inorganic Chemical Manufacturing,325189,Columbian Chemicals Canada Ltd.,210129.34067,210095.31252500002,3.60864,30.419349999999998,20,0.9998380609538321,1.7173422752357223e-05,0.00014476488577467347,Above Threshold,CCS Candidate,12.255483287020876,0
G10134,Hangingstone SAGD Demonstration Facility,Alberta,RM OF WOOD BUFFALO,Non-Conventional Oil Extraction,211114,Japan Canada Oil Sands Limited,200297.66990470586,197915.9766694118,930.6732152941177,1352.3729723529414,17,0.9881092314432455,0.004646450534032159,0.006751815799935915,Above Threshold,CCS Candidate,12.207564881116165,25
G10135,Hanlan Robb Gas Plant,Alberta,EDSON,Conventional Oil and Gas Extraction,211113,Petro-Canada,295884.444715,263549.45245,17087.791246,556.4195327499999,20,0.890717498528368,0.05775157008493366,0.0018805298578164558,Above Threshold,CCS Candidate,12.597727647300102,9
G10136,Harmac Pulp Operations,British Columbia,NANAIMO,Chemical Pulp Mills,322112,Pope & Talbot Ltd.,115169.9922145,105775.954543,2493.3922972,6748.8702485,20,0.9184332872576396,0.021649669755609134,0.05859920729985351,Above Threshold,CCS Candidate,11.654173191842478,8
G10137,Harmattan Gas Processing Plant,Alberta,DIDSBURY,Conventional Oil and Gas Extraction,211113,SOLEX Gas Processing Corp.,351845.60059000005,326223.86396,22222.9330745,3194.02857,20,0.9271790336811496,0.06316103721983446,0.009077926694675229,Above Threshold,CCS Candidate,12.770950565816118,9
G10142,Hibernia Platform,Newfoundland and Labrador,ST. JOHN'S,Conventional Oil and Gas Extraction,211113,Hibernia Management and Development Company Limite,582075.052055,523465.91989,41882.3825338,3527.39961675,20,0.8993100082917451,0.07195357778337244,0.0060600426084172695,Above Threshold,CCS Candidate,13.274356391810539,9
G10143,Highvale Coal Mine,Alberta,DUFFIELD,Subbituminous Coal Mining,212115,TransAlta Corporation,182378.26170526314,77819.63877894737,100856.29371231579,764.4888484210526,19,0.42669360948680224,0.5530061136085784,0.0041917761539833264,Above Threshold,Potential CU Candidate,12.113843653367077,43
G10144,Hinton Pulp,Alberta,HINTON,Chemical Pulp Mills,322112,West Fraser Mills Limited,183012.901665,147147.7361,28064.032044,7801.13353375,20,0.8040293048265517,0.15334455543123635,0.04262613981187926,Above Threshold,Potential CU Candidate,12.117317394320848,8
G10145,Holyrood Thermal Generating Station,Newfoundland and Labrador,HOLYROOD,Fossil-Fuel Electric Power Generation,221112,NL Hydro,914850.67426,909598.1268750001,278.8114,4973.73596175,20,0.9942585740681138,0.00030476164891666456,0.005436664257555618,Above Threshold,CCS Candidate,13.726517226483402,12
G10146,Howe Sound Pulp and Paper,British Columbia,PORT MELLON,Chemical Pulp Mills,322112,Howe Sound Pulp and Paper,103024.95597611112,90519.4742311111,3199.979382444444,9288.905698611112,18,0.8786169658941692,0.031060235378178064,0.09016170509953893,Above Threshold,CCS Candidate,11.542736235233233,8
G10147,Husky Lloydminster Upgrader,Saskatchewan,LLOYDMINSTER,Non-Conventional Oil Extraction,211114,Husky Oil Operations Limited,1151008.27808,1011509.1968800001,136529.912288,2969.16882225,20,0.8788027124942153,0.11861766321589441,0.0025796242119152076,Above Threshold,CCS Candidate,13.956149748557717,25
G10148,Interquisa Canada s.e.c.,Quebec,MONTRÉAL-EST,Other Basic Organic Chemical Manufacturing,325190,Interquisa Canada s.e.c.,108526.29187799999,107772.24329049999,466.30864140000006,225.582575,20,0.9930519271003226,0.004296734305860203,0.0020785983847452284,Above Threshold,CCS Candidate,11.594756958378344,29
G10149,INVISTA (Canada) Company- Maitland Site,Ontario,MAITLAND,Other Basic Organic Chemical Manufacturing,325190,INVISTA (Canada) Company,699783.2855685,203437.85734299998,3441.5515635,492830.846584,20,0.29071551370039966,0.004918024814931244,0.7042621004924788,Above Threshold,Potential CU Candidate,13.458527403059849,29
G10150,IPSCO Saskatchewan Inc.,Saskatchewan,REGINA,Iron and Steel Mills and Ferro-Alloy Manufacturing,331110,IPSCO Saskatchewan Inc.,216386.65649999998,215581.24138000002,82.1359378,721.17035075,20,0.9962778891590297,0.00037957949500458225,0.003332785682882438,Above Threshold,CCS Candidate,12.28482678412428,18
G10151,Iroquois Falls Generating Station,Ontario,IROQUOIS FALLS,Fossil-Fuel Electric Power Generation,221112,Northland Power Inc.,223964.707015,221556.89888499997,1013.5269718,1391.931156,20,0.9892491626824098,0.0045253869920322725,0.0062149575910939205,Above Threshold,CCS Candidate,12.319248225434107,12
G10152,Joffre LAO Plant,Alberta,JOFFRE,Petrochemical Manufacturing,325110,BP Canada Chemical Compny,138750.48384,136924.615415,112.2520476,747.442782,20,0.9868406338164162,0.000809020945321123,0.0053869562203610975,Above Threshold,CCS Candidate,11.84043972589384,34
G10153,Joliette,Quebec,JOLIETTE,Lime Manufacturing,327410,Graymont (QC). Inc.,122878.02385272727,122420.2813990909,22.438436363636363,194.11009090909093,11,0.9962748224679705,0.00018260739927368505,0.001579697368357236,Above Threshold,CCS Candidate,11.718955604443105,20
G10154,Joliette Plant,Quebec,JOLIETTE,Cement Manufacturing,327310,St. Lawrence Cement Inc.,700985.995195,699960.032,117.543398,795.77177275,20,0.9985363998681392,0.00016768294774177595,0.001135217790661613,Above Threshold,CCS Candidate,13.460244614054341,6
G10157,Kamloops Cellulose Fibers,British Columbia,KAMLOOPS,Chemical Pulp Mills,322112,Weyerhaeuser Company Limited,117505.83636699998,90090.67039,12198.2680738,15216.897894,20,0.7666910272322509,0.10380989107385076,0.12949908161560453,Above Threshold,Potential CU Candidate,11.67425179272066,8
G10159,Kaybob Amalgamated Facility,Alberta,FOX CREEK,Conventional Oil and Gas Extraction,211113,Central Alberta Midstream,222101.07574,201918.26706,13979.9249269,2846.18374,20,0.9091278211383957,0.0629439766571209,0.012814812942787595,Above Threshold,CCS Candidate,12.310892355809129,9
G10160,Kaybob South #3 Gas Plant,Alberta,FOX CREEK,Conventional Oil and Gas Extraction,211113,Central Alberta Midstream,400002.19093499996,382275.123225,6730.337046999999,1668.3806532499998,20,0.9556825734665023,0.016825750457186053,0.004170928787540342,Above Threshold,CCS Candidate,12.8992278033958,9
G10161,Keele Valley Landfill,Ontario,MAPLE,Waste Treatment and Disposal,562210,City of Toronto,517965.708795,13662.81403455,504289.963595,12.931152,20,0.0263778350623544,0.9735971996450974,2.496526658122436e-05,Above Threshold,Potential CU Candidate,13.157666250440775,45
G10162,Keephills Generating Plant,Alberta,DUFFIELD,Fossil-Fuel Electric Power Generation,221112,TransAlta Corporation,6832410.33725,6793209.19005,2336.4864978,36859.51802725,20,0.9942624717683778,0.00034197104425382337,0.005394804499122884,Above Threshold,CCS Candidate,15.737188220081062,12
G10163,"Kenora compressor station - 49, Ontario",Ontario,KENORA,Pipeline Transportation of Natural Gas,486210,TransCanada PipeLines Ltd.,1326660.634275,1128200.02864,183813.55874,11128.84709225,20,0.8504058984583832,0.13855356373067582,0.008388616353519637,Above Threshold,CCS Candidate,14.098176295325265,36
G10165,Kirkland Lake Generating Station,Ontario,KIRKLAND LAKE,Fossil-Fuel Electric Power Generation,221112,Northland Power Inc.,243415.492875,238249.64196500002,1919.0742367999999,3236.1517775,20,0.9787776412709573,0.007883944502191128,0.013294765009726994,Above Threshold,CCS Candidate,12.402529217613804,12
G10166,Kitimat Ammonia Plants,British Columbia,KITIMAT,Chemical Fertilizer (except Potash) Manufacturing,325313,Methanex,157929.25375,157643.74375000002,224.56,60.95,2,0.9981921652054917,0.0014219024953760347,0.00038593229913238923,Above Threshold,CCS Candidate,11.969908782587307,7
G10167,Kitimat Methanol Plant,British Columbia,KITIMAT,Other Basic Organic Chemical Manufacturing,325190,Methanex,407993.7478,406516.15780000004,817.74,659.85,2,0.9963784003848896,0.002004295419744665,0.0016173041953659074,Above Threshold,CCS Candidate,12.919009580264225,29
G10168,"KRONOS Canada, Inc.",Quebec,VARENNES,All Other Basic Inorganic Chemical Manufacturing,325189,"KRONOS Canada, Inc.",175443.52803500002,174907.917185,55.1196912,480.49116300000003,20,0.9969471039712952,0.0003141734084884791,0.0027387226441555864,Above Threshold,CCS Candidate,12.07507819235173,0
G10170,Lafarge - Richmond,British Columbia,RICHMOND,Cement Manufacturing,327310,Lafarge Canada,701185.201475,700443.1018749999,318.1157742,423.98382174999995,20,0.998941649654843,0.0004536829549893774,0.0006046673843916209,Above Threshold,CCS Candidate,13.460528753391497,6
G10171,Lafarge Bath Cement Plant,Ontario,BATH,Cement Manufacturing,327310,Lafarge North America,739690.92698,738787.3695650001,332.3177172,571.2396974999999,20,0.9987784662728135,0.0004492656393080043,0.0007722680874730336,Above Threshold,CCS Candidate,13.513989063605356,6
G10172,Lafarge Canada Inc. - Woodstock Plant,Ontario,WOODSTOCK,Cement Manufacturing,327310,Lafarge Canada Inc.,431153.4,431153.4,0.0,0.0,5,1.0,0.0,0.0,Above Threshold,CCS Candidate,12.974221541593385,6
G10173,Lafarge Kamloops Plant,British Columbia,KAMLOOPS,Cement Manufacturing,327310,Lafarge Canada Inc.,132027.47505433334,131122.47947333334,169.30256000000003,735.6930176666667,15,0.9931453996175602,0.0012823282421354106,0.005572272115057162,Above Threshold,CCS Candidate,11.790772898412856,6
G10174,Lakeview Generating Station,Ontario,MISSISSAUGA,Fossil-Fuel Electric Power Generation,221112,OPG,1522631.5,1519910.5,336.0,2385.0,2,0.9982129622301916,0.00022067059561029704,0.0015663671741980906,Above Threshold,CCS Candidate,14.235951302694094,12
G10175,Lambton Generating Station,Ontario,COURTRIGHT,Fossil-Fuel Electric Power Generation,221112,OPG,4955864.4484,4926745.5875,9908.767668800001,19198.3711015,10,0.994124362923324,0.0019994024800252647,0.003873869291904905,Above Threshold,CCS Candidate,15.41608237212937,12
G10176,Lehigh Inland Cement,Alberta,EDMONTON,Cement Manufacturing,327310,Lehigh Inland Cement Limited,695071.847825,694367.330525,135.2802178,470.537074,20,0.9989864108261549,0.0001946276751436779,0.0006769617780843692,Above Threshold,CCS Candidate,13.451771936068397,6
G10177,Lennox Generating Station,Ontario,GREATER NAPANEE,Fossil-Fuel Electric Power Generation,221112,OPG,226313.85099999997,225048.75299999997,375.508,870.79,20,0.9944099842125881,0.0016592356072806169,0.0038477097011618616,Above Threshold,CCS Candidate,12.329682454744566,12
G10178,Lingan Generating Station,Nova Scotia,LINGAN,Fossil-Fuel Electric Power Generation,221112,Nova Scotia Power Incorporated,3066773.89705,3038887.0449,2702.0916832,6168.1401195,20,0.990906779212897,0.000881086044784457,0.0020112797116974535,Above Threshold,CCS Candidate,14.936137045244697,12
G10179,"Mackay River Power Plant, Alberta",Alberta,FORT MCMURRAY,Fossil-Fuel Electric Power Generation,221112,TransCanada Energy Ltd.,784145.415105,776824.92404,1539.0923856,5780.256955999999,20,0.9906643705057947,0.0019627639924336094,0.007371409491983067,Above Threshold,CCS Candidate,13.572351035856654,12
G10180,"MacKay River, In-Situ Oil Sands Plant",Alberta,FORT MCMURRAY,Non-Conventional Oil Extraction,211114,Petro-Canada,246664.0492695,243647.9102945,1296.6398032000002,1150.0124572500001,20,0.9877722798116209,0.005256703630058868,0.0046622621361150215,Above Threshold,CCS Candidate,12.415786619475204,25
G10183,Marbleton,Quebec,MARBLETON,Lime Manufacturing,327410,Graymont (QC). Inc.,227489.388705,226898.655095,71.15171000000001,376.22540250000003,20,0.9974032476267891,0.0003127693577491079,0.0016538151719589678,Above Threshold,CCS Candidate,12.334863269030144,20
G10184,McMahon Cogen Plant,British Columbia,TAYLOR,Fossil-Fuel Electric Power Generation,221112,Duke Energy Gas Transmission,511264.96031999995,507246.919515,671.2290242,3346.811776,20,0.9921409814541465,0.0013128789889686138,0.006546139547496538,Above Threshold,CCS Candidate,13.144645204081698,12
G10185,McMahon Gas Plant,British Columbia,TAYLOR,Conventional Oil and Gas Extraction,211113,Duke Energy Gas Transmission,282254.88283,274832.123235,6895.2985831999995,527.4610085,20,0.9737019267104382,0.024429333211404478,0.001868740066465691,Above Threshold,CCS Candidate,12.550569324416493,9
G10186,Meridian Generating Facility,Saskatchewan,LLOYDMINSTER,Fossil-Fuel Electric Power Generation,221112,TransAlta Corporation,858850.291465,850372.738335,2777.944834,5699.608287,20,0.9901291840798712,0.003234492508888212,0.006636323400761483,Above Threshold,CCS Candidate,13.66335106777831,12
G10187,Mildred Lake and Aurora North Plant Sites,Alberta,FORT MCMURRAY,Non-Conventional Oil Extraction,211114,Syncrude Canada Ltd.,12069043.4386,11188443.05935,737623.0795750001,110705.3347445,20,0.9270364396540652,0.061116946287216596,0.00917266851409574,Above Threshold,CCS Candidate,16.306154421638166,25
G10188,Mine de Mont-Wright,Quebec,FERMONT,Iron Ore Mining,212210,Compagnie Minière Québec Cartier,215605.69171,199358.28871,259.75544,11908.497059,20,0.9246429773205915,0.0012047707921801227,0.05523275830314117,Above Threshold,CCS Candidate,12.281211155151277,17
G10189,Mines Wabush - Sept_Iles,Quebec,SEPT-ILES,Iron Ore Mining,212210,Mines Wabush,447420.36136,445345.03914,153.3084,1741.9987,10,0.9953615829782718,0.00034264958245082227,0.003893427412880672,Above Threshold,CCS Candidate,13.011256072450461,17
G10190,Mississauga Cogeneration Plant,Ontario,MISSISSAUGA,Fossil-Fuel Electric Power Generation,221112,TransAlta Corporation,363860.0203769231,361027.82938461535,562.2804944615384,2269.9105,13,0.9922162622060707,0.0015453209008207916,0.006238416899027809,Above Threshold,CCS Candidate,12.804527261558748,12
G10191,Mississauga Lubricant Center,Ontario,MISSISSAUGA,Other Petroleum and Coal Products Manufacturing,324190,Petro-Canada,422359.30214,416170.795845,4066.2695443999996,2122.2367325,20,0.985347768443493,0.009627512697831261,0.0050247188158212735,Above Threshold,CCS Candidate,12.953614025281498,31
G10192,Mississauga Plant,Ontario,MISSISSAUGA,Cement Manufacturing,327310,St. Lawrence Cement Inc.,1057670.847665,1053719.048435,2905.254401,889.8448249999999,20,0.9962636776472337,0.0027468417111182327,0.0008413249045905856,Above Threshold,CCS Candidate,13.8715806804024,6
G10193,Mohawk Street Landfill,Ontario,BRANTFORD,Waste Treatment and Disposal,562210,The Corporation of the City of Brantford,117317.60091200001,8796.751171150001,108519.249562,1.600176,20,0.0749823649884253,0.9250039952947925,1.3639692489111612e-05,Above Threshold,Potential CU Candidate,11.672648597619665,45
G10194,Montreal East Refinery,Quebec,MONTREAL,Petroleum Refineries,324110,Shell Canada Products,1067038.5605,1043881.875,1120.5109965,22036.1744425,8,0.9782981736956639,0.0010501129368510765,0.020651713310317617,Above Threshold,CCS Candidate,13.880398605978959,35
G10195,Mosaic Potash Belle Plaine,Saskatchewan,BELLE PLAINE,Potash Mining,212396,Mosaic Potash Belle Plaine,644625.285525,640366.482475,1039.1987199999999,3201.254325,20,0.9933933664322033,0.0016120973584733786,0.004966070051677872,Above Threshold,CCS Candidate,13.376426025572718,38
G10196,Muskeg River Cogeneration Power Plant,Alberta,FORT MCMURRAY,Fossil-Fuel Electric Power Generation,221112,ATCO Power,1273247.68925,1264975.7872,2009.117439,6262.784551250001,20,0.9935033048794515,0.0015779470530069921,0.004918748020614168,Above Threshold,CCS Candidate,14.057082215294132,12
G10197,Muskeg River Mine,Alberta,FORT MCMURRAY,Non-Conventional Oil Extraction,211114,Albian Sands Energy Inc.,534668.5692363636,479646.11400000006,49490.356559090906,5435.291389999999,11,0.897090537199617,0.09256268164364914,0.010165720789914607,Above Threshold,CCS Candidate,13.189404207472068,25
G10198,Nanticoke Generating Station,Ontario,NANTICOKE,Fossil-Fuel Electric Power Generation,221112,OPG,10294749.1756,10269875.59,6308.6450028,18564.940621499998,10,0.9975838570541423,0.0006128022057839324,0.0018033407424341637,Above Threshold,CCS Candidate,16.147144631573582,12
G10199,Nanticoke Refinery,Ontario,NANTICOKE,Petroleum Refineries,324110,Imperial Oil,1103032.1772150001,1091412.759765,6280.591681,5338.5137885,20,0.9894659306500583,0.005693933332804129,0.004839853178153869,Above Threshold,CCS Candidate,13.913574376853989,35
G10200,Natural Gas Distribution System,Ontario,CHATHAM,Natural Gas Distribution,221210,Union Gas Limited,322227.7233,8909.3562006,308443.80326,18.02,5,0.027649254103146247,0.9572230474186515,5.592318319309553e-05,Above Threshold,Potential CU Candidate,12.683016893175575,22
G10201,Natural Gas Transmission System,Ontario,CHATHAM,Pipeline Transportation of Natural Gas,486210,Union Gas Limited,603720.55536,207700.05338,355793.47990000003,2282.71,5,0.34403342993042196,0.5893347124611974,0.003781070529624115,Above Threshold,Potential CU Candidate,13.310868369563691,36
G10202,Nevis Gas Plant,Alberta,STETTLER,Conventional Oil and Gas Extraction,211113,Duke Energy Field Services Canada,109984.035816875,95062.84978375,12445.31841725,2322.36387125,16,0.8643331650607096,0.11315568050231976,0.021115463294298177,Above Threshold,CCS Candidate,11.608099597492131,9
G10205,Norsk Hydro Canada inc,Quebec,BÉCANCOUR,Non-Ferrous Metal (except Aluminum) Smelting and Refining,331410,Norsk Hydro Canada inc,413625.694425,117867.39452500001,28.287,247.775,4,0.2849614908204696,6.83879178234395e-05,0.0005990319347651828,Above Threshold,Potential CU Candidate,12.932719141740153,27
G10206,North Atlantic Refinery,Newfoundland and Labrador,COME BY CHANCE,Petroleum Refineries,324110,North Atlantic Refining Ltd.,952446.3409475001,948853.4899,2618.9345672,973.9164725,20,0.9962277653941892,0.0027496925071859336,0.0010225420904353955,Above Threshold,CCS Candidate,13.766790099360227,35
G10207,Northwood Pulp Mill,British Columbia,PRINCE GEORGE,Chemical Pulp Mills,322112,CANFOR,163959.234715,151672.63915,4100.1540622,7842.94394925,20,0.9250631073854607,0.025007155402542832,0.04783471917811092,Above Threshold,CCS Candidate,12.007379206155429,8
G10208,NOVA Chemicals - Corunna Site,Ontario,CORUNNA,Petrochemical Manufacturing,325110,NOVA Chemicals,1234290.003915,1224430.2416100001,4799.8731339999995,5059.889118,20,0.9920117944132043,0.0038887725889178836,0.00409943295493824,Above Threshold,CCS Candidate,14.026007277295024,34
G10209,NOVA Chemicals - Sarnia Site,Ontario,SARNIA,Petrochemical Manufacturing,325110,NOVA Chemicals,136416.401415,135008.524735,573.1689236,585.43626425,20,0.9896795644409575,0.004201612985350131,0.004291538687265408,Above Threshold,CCS Candidate,11.823474592610632,34
G10211,NOVA Chemicals Corporation (Joffre),Alberta,RED DEER,Petrochemical Manufacturing,325110,Joffre Petrochemical Plantsite,3029887.26285,3011551.7029,6285.330370199999,11971.866643,20,0.9939484349220462,0.002074443642595413,0.003951258117682871,Above Threshold,CCS Candidate,14.924036299858386,34
G10212,Oakville Refinery,Ontario,OAKVILLE,Petroleum Refineries,324110,Petro-Canada,428870.1409,424706.8252,2188.9994420000003,1974.3162499999999,2,0.990292362878742,0.005104107824821525,0.004603529277782835,Above Threshold,CCS Candidate,12.96891178192732,35
G10213,Oshawa Car Assembly Plant,Ontario,OSHAWA,Automobile and Light-Duty Motor Vehicle Manufacturing,336110,General Motors of Canada Limited,115226.1357085,114606.43532199999,95.3169924,485.090874,20,0.9946218765153443,0.0008272167752039666,0.004209903170120942,Above Threshold,CCS Candidate,11.654660552530844,4
G10214,Oshawa Truck Assembly Centre,Ontario,OSHAWA,Automobile and Light-Duty Motor Vehicle Manufacturing,336110,General Motors of Canada Limited,104504.16583333333,103783.08686666666,51.93066666666667,449.88166666666666,3,0.9930999978716957,0.0004969243690197709,0.004304916106255063,Above Threshold,CCS Candidate,11.556991782976993,4
G10215,Ottawa Health Sciences Center Cogeneration Plant,Ontario,OTTAWA,Fossil-Fuel Electric Power Generation,221112,TransAlta Corporation,113851.26004749999,112827.67775,258.7239172,755.8233805,20,0.9910094776546791,0.0022724730239442018,0.006638691395990367,Above Threshold,CCS Candidate,11.64265692239279,12
G10218,Pavilion,British Columbia,CACHE CREEK,Lime Manufacturing,327410,Graymont Western Canada Inc.,118896.91951923078,118149.08931076922,67.44553846153846,623.4695973076924,13,0.9937102642231147,0.0005672606046839557,0.005243782596123951,Above Threshold,CCS Candidate,11.686020584790132,20
G10219,Peace River Complex,Alberta,PEACE RIVER,Non-Conventional Oil Extraction,211114,not applicable,297366.26203,284917.35190500005,11040.830082800001,1408.0800175,20,0.9581361044793171,0.0371287247162092,0.004735170721411378,Above Threshold,CCS Candidate,12.602723226350356,25
G10220,Peace River Pulp Division,Alberta,MD OF NORTHERN LIGHTS,Chemical Pulp Mills,322112,Daishowa-Marubeni International Ltd-Peace River Pu,132883.1442595,113816.33737200001,10895.747744299999,8168.0437625,20,0.8565144812477834,0.08199495733651747,0.061467869442862436,Above Threshold,CCS Candidate,11.797232931786242,8
G10222,Pétromont - Usine de Varennes,Quebec,VARENNES,Petrochemical Manufacturing,325110,Pétromont,311214.68,309426.6,1788.08,0.0,5,0.9942545126727312,0.0057454873272687525,0.0,Above Threshold,CCS Candidate,12.648241455621175,34
G10223,Picton  Plant,Ontario,PICTON,Cement Manufacturing,327310,Essroc Canada Inc,723380.819595,722019.0883899999,787.5483280000001,574.182867,20,0.9981175458788603,0.001088705017698597,0.0007937490896170959,Above Threshold,CCS Candidate,13.491692466300165,6
G10224,Pikes Peak,Saskatchewan,LLOYDMINSTER,Non-Conventional Oil Extraction,211114,Husky Oil Operations Limited,216884.59821875,213034.11425,2848.64134975,1001.842603125,16,0.9822463927804298,0.013134364418430753,0.00461924272794392,Above Threshold,CCS Candidate,12.2871252963567,25
G10225,Pine River Gas Plant,British Columbia,CHETWYND,Conventional Oil and Gas Extraction,211113,Duke Energy Gas Transmission,756676.356825,742078.33255,13388.130263300001,1209.893911,20,0.9807077039696959,0.017693337637079542,0.001598958260142675,Above Threshold,CCS Candidate,13.536692228652232,9
G10226,Pipeline-Transmission,British Columbia,PRINCE GEORGE,Pipeline Transportation of Natural Gas,486210,Duke Energy Gas Transmission,1019689.557305,779422.9175699999,235025.31127,5241.32835075,20,0.7643727563808582,0.23048712187576265,0.005140121631335156,Above Threshold,Potential CU Candidate,13.835009764041715,36
G10227,Point Aconi Generating Station,Nova Scotia,POINT ACONI,Fossil-Fuel Electric Power Generation,221112,Nova Scotia Power Incorporated,1267395.31966,1179000.49905,462.639681,87886.07097725,20,0.9302547364355792,0.00036503186797637126,0.06934385003159622,Above Threshold,CCS Candidate,14.052475212016935,12
G10228,Point Tupper Generating Station,Nova Scotia,PORT HAWKESBURY,Fossil-Fuel Electric Power Generation,221112,Nova Scotia Power Incorporated,878872.7443700001,875843.46007,932.6242953999999,1934.2497605,20,0.996553216242732,0.001061159651808898,0.0022008302941360675,Above Threshold,CCS Candidate,13.686396530821733,12
G10229,Poplar River Power Station,Saskatchewan,CORONACH,Fossil-Fuel Electric Power Generation,221112,SaskPower,3955317.70405,3928649.9839500003,2619.8828726,24047.837195,20,0.9932577552309658,0.0006623697686578762,0.006079874992184953,Above Threshold,CCS Candidate,15.190571738503662,12
G10232,Prentiss Chemical Manufacturing Facility,Alberta,PRENTISS,Other Basic Organic Chemical Manufacturing,325190,MEGlobal Canada Inc.,191283.69290000002,190080.81116666665,949.3261922666667,253.55553333333333,15,0.9937115301618408,0.004962922755589828,0.0013255470421406387,Above Threshold,CCS Candidate,12.161518136021963,29
G10233,Prince Albert Pulp and Paper,Saskatchewan,PRINCE ALBERT,Chemical Pulp Mills,322112,Weyerhaeuser Company,104237.31996666668,95210.33333333333,3220.1866386666666,5794.666666666667,3,0.9133996668734382,0.030892837994073788,0.05559109413518788,Above Threshold,CCS Candidate,11.554435094695195,8
G10234,Prince George Refinery,British Columbia,PRINCE GEORGE,Petroleum Refineries,324110,Husky Oil Operations Limited,125930.22590526316,123396.5159,2155.842520631579,377.86748894736843,19,0.9798800487567675,0.01711934132678688,0.0030006099507169687,Above Threshold,CCS Candidate,11.74349121076759,35
G10236,Queen Elizabeth Power Station,Saskatchewan,SASKATOON,Fossil-Fuel Electric Power Generation,221112,SaskPower,918263.3227250001,905685.84815,5325.060811400001,7250.8146325,20,0.9863029762120132,0.005799056414011584,0.007896225900630315,Above Threshold,CCS Candidate,13.730240561409438,12
G10237,Quirk Creek Gas Plant,Alberta,MILLARVILLE,Conventional Oil and Gas Extraction,211113,Imperial Oil Resources,108553.649825,101476.8785815,6089.8783808,986.8928732500001,20,0.9348085370237803,0.05610017157983661,0.009091291493570009,Above Threshold,CCS Candidate,11.59500901017897,9
G10238,Raffinerie de Montreal,Quebec,MONTREAL,Petroleum Refineries,324110,Petro-Canada,1196309.6644,1186402.29475,6215.7818898,3691.58778675,20,0.9917183903592646,0.005195796769657862,0.003085812893270814,Above Threshold,CCS Candidate,13.994752932605595,35
G10239,Raffinerie Jean-Gaulin,Quebec,LÉVIS,Petroleum Refineries,324110,Ultramar Limitée,1301172.0778,1293965.5995999998,2413.3658808,4786.7215132500005,20,0.9944615486890982,0.0018547630417035067,0.0036787766928900816,Above Threshold,CCS Candidate,14.078776783081397,35
G10240,Raglan,Quebec,NUNAVIK TERRITORY,Nickel-Copper Ore Mining,212232,Falconbridge Limited,140863.04249,135480.47520000002,742.1098524,4635.5153885,20,0.9617886480736628,0.005268307707131082,0.03290796014738273,Above Threshold,CCS Candidate,11.855550466524548,24
G10241,Rainbow Lake Cogeneration Power Plant (Units 4-5),Alberta,RAINBOW LAKE,Fossil-Fuel Electric Power Generation,221112,ATCO Power,239161.95027,237012.318445,584.2316704,1565.4001560000002,20,0.9910118151212047,0.0024428286763025484,0.006545356208346495,Above Threshold,CCS Candidate,12.384900398886305,12
G10243,Ram River,Alberta,RAM RIVER,Conventional Oil and Gas Extraction,211113,Husky Oil Operations Limited,472233.91279,465217.74922,5663.0439166,1353.11964025,20,0.985142609668696,0.011992031413293112,0.0028653588901645134,Above Threshold,CCS Candidate,13.065231837346806,9
G10244,"Rapid City compressor station -30, Manitoba",Manitoba,RAPID CITY,Pipeline Transportation of Natural Gas,486210,TransCanada PipeLines Ltd.,293184.71225473686,256159.88196473685,33794.65411789474,2736.4919692105263,19,0.8737150037419735,0.1152674498543835,0.009333678922633913,Above Threshold,CCS Candidate,12.588561517434613,36
G10245,Red Rock Division,Ontario,RED ROCK,Paper (except Newsprint) Mills,322121,Norampac Inc.,147347.78181666668,145101.95611666667,364.7373333333333,1878.055,3,0.9847583338390915,0.002475350010949927,0.012745729707263032,Above Threshold,CCS Candidate,11.90055772085421,32
G10246,"Redwater Cogeneration Facility, Alberta",Alberta,REDWATER,Fossil-Fuel Electric Power Generation,221112,TransCanada Energy Ltd.,189170.75887,185835.94576,2033.8294607,1300.98364625,20,0.9823714133731858,0.010751288797745256,0.006877297812946073,Above Threshold,CCS Candidate,12.150410658443835,12
G10247,Refinery,New Brunswick,SAINT JOHN,Petroleum Refineries,324110,Irving Oil,3012367.71485,2990901.2822000002,10791.4139089,5429.476708249999,20,0.9928739003063347,0.0035823693952440846,0.001802395066672781,Above Threshold,CCS Candidate,14.918237275698626,35
G10248,"Richmond Compressor Station, Saskatchewan",Saskatchewan,RICHMOND,Pipeline Transportation of Natural Gas,486210,Foothills Pipe Lines Ltd.,261747.19648,246564.2070845,12529.4543056,2653.5351,20,0.9419936885678921,0.047868532974172165,0.010137778496522523,Above Threshold,CCS Candidate,12.475138238470267,36
G10249,Rimbey Gas Plant,Alberta,RIMBEY,Conventional Oil and Gas Extraction,211113,Keyera Energy,329464.389775,317838.54863,8256.589834,2244.4263112500003,20,0.9647129052310035,0.025060644155317197,0.006812348711746295,Above Threshold,CCS Candidate,12.705226588788637,9
G10250,Sarnia Chemical Plant,Ontario,SARNIA,Petrochemical Manufacturing,325110,Imperial Oil,268979.53462,263918.01003,3640.1311827000004,1421.3934055,20,0.9811824918310211,0.01353311577344568,0.005284392388841289,Above Threshold,CCS Candidate,12.502394293958284,34
G10251,Sarnia Cogen Plant,Ontario,SARNIA,Fossil-Fuel Electric Power Generation,221112,Imperial Oil,348929.4615575,344865.01624250005,1957.750578,2106.6947475,20,0.9883516705730215,0.005610734528581453,0.006037594928489117,Above Threshold,CCS Candidate,12.76262793077996,12
G10252,Sarnia Fractionation Plant,Ontario,SARNIA,Conventional Oil and Gas Extraction,211113,BP Canada Energy Company,159139.55274,158164.16161,237.9248858,730.4886385,20,0.993870844091201,0.001495070720656846,0.004590239358617918,Above Threshold,CCS Candidate,11.977543070219449,9
G10253,Sarnia Manufacturing Centre,Ontario,CORUNNA,Petroleum Refineries,324110,Shell Canada Products,808067.32889,795678.28998,5290.1335632,7090.17483875,20,0.9846683086086179,0.006546649485837747,0.008774237721613376,Above Threshold,CCS Candidate,13.602401899385695,35
G10254,Sarnia Refinery,Ontario,SARNIA,Petroleum Refineries,324110,Suncor Energy Products Inc.,718003.218415,703360.20414,9473.9804544,3212.34639025,20,0.9796059211164476,0.013194899704368896,0.004473999987550599,Above Threshold,CCS Candidate,13.484230723242908,35
G10255,Sarnia Refinery Plant,Ontario,SARNIA,Petroleum Refineries,324110,Imperial Oil,1421225.04565,1403934.18805,11315.5966611,5971.80200375,20,0.9878338355681792,0.007961861279981025,0.004201869381649396,Above Threshold,CCS Candidate,14.167030469480922,35
G10256,Sarnia Regional Cogeneration Plant,Ontario,SARNIA,Fossil-Fuel Electric Power Generation,221112,TransAlta Corporation,1108872.62663,1097304.933735,4056.3632466000004,7497.4308535,20,0.9895680598319433,0.0036580966552739115,0.00676130934558788,Above Threshold,CCS Candidate,13.918855307296589,12
G10257,Saskatchewan Pipeline System,Saskatchewan,CALGARY,Pipeline Transportation of Natural Gas,486210,Alliance Pipeline Ltd.,409527.666615,390198.773215,16126.918406100001,2679.698603,20,0.9528019839055923,0.03937931358679373,0.006543388448329681,Above Threshold,CCS Candidate,12.922762183768933,36
G10258,SaskEnergy Incorporated,Saskatchewan,REGINA,Natural Gas Distribution,221210,SaskEnergy Incorporated,170056.185674,14000.288238999998,154711.84232,75.8550575,20,0.08232742715891993,0.9097689784515376,0.0004460587963875373,Above Threshold,Potential CU Candidate,12.043890045784853,22
G10259,Saskferco Products Inc.,Saskatchewan,BELLE PLAINE,Chemical Fertilizer (except Potash) Manufacturing,325313,Saskferco Products Inc.,594019.35138,571474.361945,12197.5890778,10347.40035775,20,0.9620467087770382,0.02053399278906165,0.01741929843482602,Above Threshold,CCS Candidate,13.294668859340359,7
G10260,Scotford Chemical Plant,Alberta,FORT SASKATCHEWAN,Petrochemical Manufacturing,325110,Shell Chemicals Canada Ltd,309883.02527,304470.41242,486.7142,1209.609725,20,0.9825333677271157,0.001570638467776438,0.003903439770365193,Above Threshold,CCS Candidate,12.643953394431705,34
G10261,Scotford Complex,Alberta,FORT SASKATCHEWAN,Fossil-Fuel Electric Power Generation,221112,Air Liquide Canada Inc.,427566.134065,423642.54721999995,1126.4626604,2792.659186,20,0.9908234386860875,0.0026345928048378863,0.0065315256834056245,Above Threshold,CCS Candidate,12.965866593778197,12
G10262,Scotford Upgrader and Upgrader Cogeneration,Alberta,FORT SASKATCHEWAN,Non-Conventional Oil Extraction,211114,not applicable,2559069.52095,2535093.7423,12532.621739799999,11428.3061025,20,0.9906310561500106,0.004897335393665871,0.004465805250283895,Above Threshold,CCS Candidate,14.755154672773152,25
G10263,SFK Pâte,Quebec,ST-FÉLICIEN,Chemical Pulp Mills,322112,SFK Pâte,100976.79483,88472.69624315789,4684.069181473685,7815.357684210527,19,0.876168592913912,0.04638758032832765,0.07739756146318678,Above Threshold,CCS Candidate,11.522655918483828,8
G10264,Shand Power Station,Saskatchewan,ESTEVAN,Fossil-Fuel Electric Power Generation,221112,SaskPower,2099009.16675,2086082.8739999998,1381.8373534,11544.45540375,20,0.9938417168658609,0.0006583284033673695,0.005499954734178152,Above Threshold,CCS Candidate,14.556976442407047,12
G10265,Sheerness Generating Station,Alberta,HANNA,Fossil-Fuel Electric Power Generation,221112,ATCO Power,4650514.8017,4630846.0492,1753.9838693999998,17884.615384,20,0.9957706289865351,0.00037715907683141434,0.0038457280852997747,Above Threshold,CCS Candidate,15.35248869650858,12
G10266,Shell Burnt Timber Gas Plant,Alberta,SUNDRE,Conventional Oil and Gas Extraction,211113,not applicable,192414.10556363637,169834.4342818182,22111.32713490909,468.3441363636364,11,0.8826506444749681,0.11491531283602437,0.0024340426342014864,Above Threshold,CCS Candidate,12.167410325377407,9
G10267,Shell Caroline Complex,Alberta,CAROLINE,Conventional Oil and Gas Extraction,211113,not applicable,484831.78854,464016.159385,18425.580887,2390.04825,20,0.9570662863966012,0.03800406929274572,0.004929644273526867,Above Threshold,CCS Candidate,13.091559344577288,9
G10268,Shell Jumping Pound Gas Plant,Alberta,CALGARY,Conventional Oil and Gas Extraction,211113,not applicable,246147.01516,225761.890615,19118.1211074,1267.003425,20,0.9171831332923159,0.0776695223989325,0.0051473442575626,Above Threshold,CCS Candidate,12.413688321615343,9
G10269,Shell Scotford Refinery,Alberta,FORT SASKATCHEWAN,Petroleum Refineries,324110,Shell Canada Products,994799.22355,985689.57643,6696.0141372,2408.7400515,20,0.9908427279552032,0.006731020670990149,0.002421332862428529,Above Threshold,CCS Candidate,13.810297215629898,35
G10270,Silicium Bécancour inc.,Quebec,BÉCANCOUR,Iron and Steel Mills and Ferro-Alloy Manufacturing,331110,Silicium Bécancour inc.,166937.42452142856,135110.1967642857,10559.247115714286,21180.935220000003,7,0.8093463592817234,0.06325272566043974,0.12687948960948034,Above Threshold,Potential CU Candidate,12.025380307966092,18
G10271,Simplot Canada Limited,Manitoba,BRANDON,Chemical Fertilizer (except Potash) Manufacturing,325313,Simplot Canada Limited,708808.87454,624727.8775150001,45696.3105185,38346.348493,20,0.8813770537515258,0.06446915686285082,0.054099701443334584,Above Threshold,CCS Candidate,13.471342609524726,7
G10272,Site de Temiscaming,Quebec,TEMISCAMING,Chemical Pulp Mills,322112,Site de Temiscaming,133317.14392875,125810.70068125,2203.241257,5294.6502959375,16,0.9436948390410183,0.016526316061627452,0.03971469939955489,Above Threshold,CCS Candidate,11.800493610398197,8
G10273,St. Marys Cement inc.,Ontario,BOWMANVILLE,Cement Manufacturing,327310,St. Marys Cement inc.,1360818.905,1359294.0347,335.1593798,1189.71091475,20,0.9988794465638321,0.0002462924189019846,0.000874261013260982,Above Threshold,CCS Candidate,14.123597947381853,6
G10274,St. Marys Cement Inc. plant in St. Marys,Ontario,ST. MARYS,Cement Manufacturing,327310,St. Marys Cement Inc.,521573.164585,521093.810695,123.41079239999999,355.9430975,20,0.9990809460253166,0.00023661261886085382,0.0006824413556307352,Above Threshold,CCS Candidate,13.164606757280835,6
G10275,Stelco Hamilton,Ontario,HAMILTON,Iron and Steel Mills and Ferro-Alloy Manufacturing,331110,Stelco Inc,1186194.54486,1169324.05145,13814.9605609,3055.532786,20,0.9857776336241783,0.011646454302764057,0.00257591201986233,Above Threshold,CCS Candidate,13.986261722571246,18
G10276,Stelco Lake Erie,Ontario,HALDIMAND COUNTY,Iron and Steel Mills and Ferro-Alloy Manufacturing,331110,Stelco Lake Erie,3118805.7397,3103984.3698,12523.372476300001,2297.99732,20,0.9952477418803822,0.004015438447123236,0.0007368196392446828,Above Threshold,CCS Candidate,14.952961031406653,18
G10277,Strachan GP,Alberta,ROCKY MOUNTAIN HOUSE,Conventional Oil and Gas Extraction,211113,Keyera Energy,234316.982685,221395.853045,10606.5158529,2296.8887985,20,0.9448561965422272,0.04526567272829169,0.009802485386165044,Above Threshold,CCS Candidate,12.364434372233589,9
G10278,Strathcona Refinery,Alberta,EDMONTON,Petroleum Refineries,324110,Imperial Oil Limited,1510047.9144,1498800.3548,3667.3369656000004,6074.4254265,20,0.9925515213836981,0.0024286229136359387,0.004022670650761173,Above Threshold,CCS Candidate,14.227652601908828,35
G10279,Summit Road Landfill,Manitoba,WINNIPEG,Waste Treatment and Disposal,562210,Water & Waste Department,119851.710123,4225.85,115625.86012299999,0.0,20,0.035258987924854344,0.9647410120751456,0.0,Above Threshold,Potential CU Candidate,11.694018852230982,45
G10280,Suncor Energy Inc.  Oil Sands,Alberta,22 KM NE OF FORT MCMURRAY,Non-Conventional Oil Extraction,211114,Suncor Energy Inc.  Oil Sands,8853266.7204,8232947.2794,504003.36909999995,77633.471706,5,0.9299332708941618,0.05692851972240463,0.008768906908352178,Above Threshold,CCS Candidate,15.996297182777537,25
G10281,Sundance Generating Plant,Alberta,DUFFIELD,Fossil-Fuel Electric Power Generation,221112,TransAlta Corporation,10427166.78334,10361813.526899999,3523.9654548,61802.742124000004,20,0.993732405187532,0.000337960016179123,0.005927088672135302,Above Threshold,CCS Candidate,16.159925244880398,12
G10283,Terra International (Canada) Inc - Courtright Plant,Ontario,COURTRIGHT,Chemical Fertilizer (except Potash) Manufacturing,325313,Terra Inernational (Canada) Inc.,579316.4685150001,548272.50329,2944.916513,28099.048693,20,0.9464127693373242,0.00508343310272,0.04850379752715841,Above Threshold,CCS Candidate,13.269605911152777,7
G10284,Terra Nova,Newfoundland and Labrador,ST. JOHN'S,Conventional Oil and Gas Extraction,211113,Petro-Canada,557284.46035,504442.70005555556,45236.41871388888,7436.354563333333,18,0.9051799142914242,0.08117294116810354,0.013343911579129562,Above Threshold,CCS Candidate,13.230832883768162,9
G10285,Terrace Bay Facility,Ontario,TERRACE BAY,Chemical Pulp Mills,322112,Neenah Paper Company of Canada,129775.1285168421,119240.35456473684,4235.9953985263155,6296.334559473684,19,0.9188228586439962,0.03264104183088189,0.04851726699431896,Above Threshold,CCS Candidate,11.773566156607087,8
G10287,Thunder Bay Generating Station,Ontario,THUNDER BAY,Fossil-Fuel Electric Power Generation,221112,Ontario Power Generation Inc.,572757.86645,569029.32914,178.95164,3549.585695,10,0.9934902032282686,0.00031243855472323214,0.006197358260656675,Above Threshold,CCS Candidate,13.25822008068479,12
G10288,"Timminco Metals, Haley Plant",Ontario,HALEY,Non-Ferrous Metal (except Aluminum) Smelting and Refining,331410,Timminco Metals,872277.6074999999,12745.93203125,4.976999999999999,96.46000000000001,4,0.014612242618242382,5.7057523398593036e-06,0.00011058406082033925,Above Threshold,Potential CU Candidate,13.67886415587434,27
G10289,Trail Operations,British Columbia,TRAIL,Non-Ferrous Metal (except Aluminum) Smelting and Refining,331410,Teck Cominco Metals Ltd.,390881.10977499996,381439.522245,1156.6741578,8111.13965,20,0.9758453726877854,0.0029591457066467297,0.020750912354574914,Above Threshold,CCS Candidate,12.876161283977511,27
G10290,TransGas Limited,Saskatchewan,REGINA,Pipeline Transportation of Natural Gas,486210,TransGas Limited,462654.24603000004,108542.75039850001,336163.47817,2258.98692175,20,0.2346087847023925,0.726597628908829,0.0048826676532944206,Above Threshold,Potential CU Candidate,13.044737446702914,36
G10291,Trenton Generating Station,Nova Scotia,TRENTON,Fossil-Fuel Electric Power Generation,221112,Nova Scotia Power Incorporated,1634555.202325,1631711.63427,748.324567,2064.8111795,20,0.998260341375467,0.00045781541420906384,0.0012632251125951584,Above Threshold,CCS Candidate,14.306881889581252,12
G10292,Tufts Cove Generating Station,Nova Scotia,DARTMOUTH,Fossil-Fuel Electric Power Generation,221112,Nova Scotia Power Incorporated,1016493.4628699999,1010444.57381,2425.206651,3556.5922817500004,20,0.9940492592614208,0.0023858556297574156,0.003498883575412482,Above Threshold,CCS Candidate,13.831870464785332,12
G10294,UPM Miramichi,New Brunswick,MIRAMICHI,Paper (except Newsprint) Mills,322121,UPM,213216.03385,173938.054725,33575.073665,4767.4825,4,0.8157831828321479,0.1574697411763154,0.02235986859859695,Above Threshold,Potential CU Candidate,12.270065864189243,32
G10295,Usine Alma,Quebec,ALMA,Primary Production of Alumina and Aluminum,331313,Alcan inc - Usine Alma,834619.86583,754317.1464750001,42.1033704,347.42635525000003,20,0.9037852768156415,5.044616372524237e-05,0.0004162689740250752,Above Threshold,CCS Candidate,13.634732847821558,39
G10296,Usine Arvida,Quebec,JONQUIÈRE,Primary Production of Alumina and Aluminum,331313,Alcan Inc. - Usine  Arvida,744302.3607750001,405464.08369999996,23.091852,244.075706,20,0.5447572183941659,3.102482702856908e-05,0.00032792547607380653,Above Threshold,Potential CU Candidate,13.520203973687801,39
G10299,Usine de Bouletage,Quebec,PORT-CARTIER,Iron Ore Mining,212210,Compagnie Minière Québec Cartier,891550.3728150001,889270.033485,294.93142,1982.86515,20,0.9974422765111969,0.000330807354237066,0.002224064069133031,Above Threshold,CCS Candidate,13.700718339768084,17
G10300,usine de Deschambault,Quebec,DESCHAMBAULT,Primary Production of Alumina and Aluminum,331313,Alcoa,473643.77546499996,459293.16449999996,21.492939999999997,574.35835,20,0.9697016793878241,4.537785803032943e-05,0.0012126378087332055,Above Threshold,CCS Candidate,13.068212900872318,39
G10302,usine de La Tuque,Quebec,LA TUQUE,Paperboard Mills,322130,Smurfit-Stone,241732.04735500002,234803.48968000003,891.9900976000001,6030.6272865,20,0.9713378604499844,0.0036899952131297336,0.024947570471049757,Above Threshold,CCS Candidate,12.395589286161757,33
G10303,Usine de New Richmond,Quebec,NEW RICHMOND,Paperboard Mills,322130,Emballages Smurfit-Stone Canada inc.,114266.01386500002,111753.35936500001,334.222,2178.4325,2,0.9780104826009894,0.0029249466984546057,0.019064570700555956,Above Threshold,CCS Candidate,11.646293215524867,33
G10305,Usine de réduction - Complexe de Contrecoeur,Quebec,CONTRECOEUR,Iron and Steel Mills and Ferro-Alloy Manufacturing,331110,Mittal Canada Inc.,485416.60852142854,484118.93095714285,309.403602,988.2739642857142,14,0.997326672508717,0.0006373980547193029,0.0020359294406839135,Above Threshold,CCS Candidate,13.09276484792781,18
G10306,Usine Grande-Baie,Quebec,LA BAIE,Primary Production of Alumina and Aluminum,331313,Alcan Métal Primaire - Québec,541906.555785,453759.483,37.3957332,308.74091325,20,0.8373389805972894,6.900771507705594e-05,0.0005697309064710635,Above Threshold,Potential CU Candidate,13.202850704592265,39
G10307,Usine Laterrière,Quebec,LATERRIÈRE,Primary Production of Alumina and Aluminum,331313,Alcan Inc-Usine Laterrière,471489.98378,377366.283965,10.5680512,115.27755725,20,0.8003696726271948,2.2414158441446584e-05,0.0002444963015455895,Above Threshold,Potential CU Candidate,13.063655258454997,39
G10308,Usine Shawingan,Quebec,SHAWINIGAN,Primary Production of Alumina and Aluminum,331313,Alcan Inc.,267562.61332727276,180421.81818181818,8.177384727272727,55.87775545454545,11,0.6743162504588518,3.0562508810864586e-05,0.00020883992258738268,Above Threshold,Potential CU Candidate,12.497112623877562,39
G10310,W12A Landfill,Ontario,LONDON,Waste Treatment and Disposal,562210,City of London,135814.274905,748.65,135059.079405,6.5455,20,0.0055123071600807,0.9944394983478118,4.819449210753786e-05,Above Threshold,Potential CU Candidate,11.819050968672247,45
G10311,Wabamun Generating Plant,Alberta,WABAMUN,Fossil-Fuel Electric Power Generation,221112,TransAlta Corporation,2122991.816142857,2108749.549285714,717.136804,13525.130347142856,7,0.9932914169763409,0.0003377953690386452,0.006370787793104118,Above Threshold,CCS Candidate,14.568337356856237,12
G10312,Wapiti Gas Plant,Alberta,GROVEDALE,Conventional Oil and Gas Extraction,211113,Devon Canada Corporation,121112.74236,109561.5442095,9771.4002454,1451.9578960000001,20,0.9046244191534794,0.08068019974607732,0.011988481704791613,Above Threshold,CCS Candidate,11.70448540254136,9
G10313,Waterton Complex,Alberta,PINCHER CREEK,Conventional Oil and Gas Extraction,211113,not applicable,355768.540125,329912.833675,22506.890848400002,3348.81561325,20,0.9273243597061294,0.06326273492448815,0.009412905402128548,Above Threshold,CCS Candidate,12.782038441007288,9
G10314,West Whitecourt,Alberta,WHITECOURT,Conventional Oil and Gas Extraction,211113,Central Alberta Midstreeam,108744.54926018183,94003.10142381817,10431.858130909091,2025.3805454545457,11,0.8644396621563687,0.09592994041429943,0.018625122447366325,Above Threshold,CCS Candidate,11.59676602177027,9
G10315,West Windsor Power,Ontario,WINDSOR,Fossil-Fuel Electric Power Generation,221112,Tractebel Canada Inc.,237710.60420149998,235278.58360199997,776.566098,1653.692008,20,0.9897689856635993,0.0032668550930177636,0.006956744792917257,Above Threshold,CCS Candidate,12.37881347084201,12
G10316,Western Canada Operations,Alberta,FORT SASKATCHEWAN,Other Basic Organic Chemical Manufacturing,325190,Dow Chemical Canada Inc.,1273767.08495,1265820.58195,2433.2759108,3417.71807775,20,0.9937614159653749,0.001910298938911202,0.0026831577908799217,Above Threshold,CCS Candidate,14.057490061612587,29
G10318,Weyerhaeuser Company Limited - Dryden Operations,Ontario,DRYDEN,Chemical Pulp Mills,322112,Weyerhaeuser Company Limited,103876.24575368421,87530.44808736842,12106.77320631579,4124.02919368421,19,0.8426416208275793,0.11654996884488766,0.03970136929537562,Above Threshold,Potential CU Candidate,11.550965151694772,8
G10319,Whitby Cogeneration,Ontario,WHITBY,Fossil-Fuel Electric Power Generation,221112,Whitby Cogeneration,193664.8235875,191942.375,418.2359195,1304.21267125,16,0.9911060328066146,0.002159586401662851,0.006734380808504141,Above Threshold,CCS Candidate,12.173889393907753,12
G10320,Wildboy Gas Plant,British Columbia,HELMUT,Conventional Oil and Gas Extraction,211113,Penn West Petroleum Ltd.,123854.27425882351,107999.08441411763,14224.454241529413,1110.065015882353,17,0.8719851217118868,0.11484831126460739,0.008962670222931533,Above Threshold,CCS Candidate,11.726869019871257,9
G10321,Wildcat Hills Gas Plant,Alberta,COCHRANE,Conventional Oil and Gas Extraction,211113,Petro-Canada,134489.02750999999,124996.051198,3706.2853043999994,1295.72673525,20,0.9294144921131642,0.027558272767824254,0.00963444200050934,Above Threshold,CCS Candidate,11.809245330368098,9
G10323,Windsor Essex Cogeneration Plant,Ontario,WINDSOR,Fossil-Fuel Electric Power Generation,221112,TransAlta Corporation,131475.73116289475,130334.950785,262.23907242105264,878.5413057894738,19,0.9913232627207726,0.0019945815862864136,0.006682155695342631,Above Threshold,CCS Candidate,11.786585165610976,12
G10324,Wolf Lake/Primrose Thermal Operation,Alberta,BONNYVILLE,Non-Conventional Oil Extraction,211114,Canadian Natural Resources Limited,3045500.34705,2966478.2135,65390.9806185,12992.16800025,20,0.9740528239878402,0.02147134236311628,0.004266020856912646,Above Threshold,CCS Candidate,14.929176091566902,25
G10325,"Works 84, Owen Sound Flat Glass Plant",Ontario,OWEN SOUND,Glass Manufacturing,327214,PPG Canada Inc.,102702.815138,102662.841738,0.0308,2.5545999999999998,5,0.9996107857418874,2.9989440852828203e-07,2.4873709611245104e-05,Above Threshold,CCS Candidate,11.53960454360057,13
G10327,Alcan Inc - Strathcona works,Alberta,SHERWOOD PARK,Other Petroleum and Coal Products Manufacturing,324190,Alcan Primary Metal-British Columbia,101505.388221875,101494.258774375,1.28919525,7.1317959375,16,0.9998903560914849,1.270075680299867e-05,7.026026955249905e-05,Above Threshold,CCS Candidate,11.527877013630007,31
G10328,Bienfait Mine,Saskatchewan,BIENFAIT,Lignite Coal Mining,212116,Luscar Ltd,125818.89348526316,109780.79878368421,910.5424985263159,15127.552211315791,19,0.8725303151433497,0.00723692979093768,0.12023275513138765,Above Threshold,CCS Candidate,11.74260674655923,19
G10329,Bolney Thermal,Saskatchewan,LLOYDMINSTER,Non-Conventional Oil Extraction,211114,Husky Energy,406816.6354105263,398910.6063578947,6030.603816631578,1875.4252236842106,19,0.9805661116963581,0.01482388695965194,0.0046100013137163965,Above Threshold,CCS Candidate,12.916120293766857,25
G10334,Irving Paper,New Brunswick,SAINT JOHN,Paper (except Newsprint) Mills,322121,Irving Paper,104777.55906,104123.94852473684,65.00831621052632,543.7066089473684,19,0.9937619224848627,0.000620441216551913,0.005189151320427491,Above Threshold,CCS Candidate,11.55960444081573,32
G10335,Lake Superior Power,Ontario,SAULT STE. MARIE,Fossil-Fuel Electric Power Generation,221112,Brookfield Power,180690.33727999998,178852.9459709091,554.8105818181818,1282.5807272727272,11,0.9898312696918394,0.0030705049875381024,0.007098225320622565,Above Threshold,CCS Candidate,12.104545535641464,12
G10337,Niagara Waste Systems Limited,Ontario,THOROLD,Waste Treatment and Disposal,562210,Niagara Waste Systems Limited,173874.98828421053,0.0,173874.98828421053,0.0,19,0.0,1.0,0.0,Above Threshold,Potential CU Candidate,12.06609761308715,45
G10338,North Tangleflags Facility,Saskatchewan,Unknown,Non-Conventional Oil Extraction,211114,Canadian Natural Resources Limited,107796.97716526316,102293.97633157895,5036.784253263158,466.21657815789473,19,0.9489503232985135,0.04672472629303215,0.00432495038745975,Above Threshold,CCS Candidate,11.588014172580262,25
G10342,Prince George Pulp and Paper and Intercontinental,British Columbia,PRINCE GEORGE,Chemical Pulp Mills,322112,Canfor,156069.05002105262,135987.88234473683,6911.635695473685,13016.858622631578,19,0.8713315184938527,0.04428575489209009,0.08340448423871162,Above Threshold,CCS Candidate,11.958060224040505,8
G10343,Ridge Landfill,Ontario,BLENHEIM,Waste Treatment and Disposal,562210,BFI Canada Inc.,467148.58951052633,142.36173684210527,467004.3475263158,1.8802447368421051,19,0.00030474615580295447,0.9996912288992209,4.024939342773585e-06,Above Threshold,Potential CU Candidate,13.054404805510508,45
G10344,Ste Sophie Landfill,Quebec,STE SOPHIE,Waste Treatment and Disposal,562210,Waste Management of Canada Corporation,143663.3662570588,1528.2094281764707,142078.44791999998,56.70890882352941,17,0.010637432965631787,0.9889678323823841,0.00039473465157470553,Above Threshold,Potential CU Candidate,11.875235068157737,45
G10346,Terasen Gas,British Columbia,BRITISH COLUMBIA,Natural Gas Distribution,221210,Terasen Gas,129647.98743157895,37074.86795578947,92324.28707842105,248.83239184210527,19,0.28596562654206675,0.7121150810547269,0.0019192923605808017,Above Threshold,Potential CU Candidate,11.772585980921495,22
G10347,Tooga Plant,British Columbia,FORT ST. JOHN,Conventional Oil and Gas Extraction,211113,Duke Energy Field Services Canada,100452.82455,79738.2,20495.99958,218.625,2,0.7937875351659287,0.20403607038245297,0.002176394750265885,Above Threshold,Potential CU Candidate,11.517453443684529,9
G10348,Trail Road Landfill Facility,Ontario,OTTAWA,Waste Treatment and Disposal,562210,Dillon Consulting Limited,111106.76366842104,9373.173303315789,101573.82779263158,159.76257236842105,19,0.084361860555028,0.9142002200312587,0.0014379194127659488,Above Threshold,Potential CU Candidate,11.618255853190018,45
G10353,Weyburn Oil Battery,Saskatchewan,WEYBURN,Conventional Oil and Gas Extraction,211113,EnCana Corporation,119356.85370368422,115710.02164210526,3493.9756820000002,152.8563794736842,19,0.9694459769303856,0.029273356104662054,0.0012806669640703335,Above Threshold,CCS Candidate,11.689881433570855,9
G10354,White Rose FPSO,Newfoundland and Labrador,ATLANTIC,Conventional Oil and Gas Extraction,211113,Husky Energy,418961.2150421053,382817.6867842105,29695.336954736842,6448.191316842105,19,0.9137306104712762,0.07087848681112996,0.015390902750255932,Above Threshold,CCS Candidate,12.945536015940789,9
G10355,AV Nackawic,New Brunswick,NACKAWIC,Chemical Pulp Mills,322112,AV Nackawic Inc.,111505.10136888889,86995.53867722223,17252.915669444443,7256.647021666667,18,0.7801933508801321,0.15472759055540566,0.06507905855947993,Above Threshold,Potential CU Candidate,11.621834589182392,8
G10356,Balzac Power Station,Alberta,BALZAC,Fossil-Fuel Electric Power Generation,221112,Nexen Inc.,190647.57795555555,188658.8537888889,790.1818275555556,1198.542338611111,18,0.989568584148862,0.004144725236109559,0.006286690612405889,Above Threshold,CCS Candidate,12.158187106330828,12
G10357,Becancour Power Plant,Quebec,BÉCANCOUR,Fossil-Fuel Electric Power Generation,221112,TransCanada Energy Ltd.,209474.6829611111,207294.1778222222,314.923,1827.6740538888891,18,0.9895906029880771,0.0015033940882415147,0.008725035541541772,Above Threshold,CCS Candidate,12.252362939822806,12
G10359,Coal Valley Mine,Alberta,EDSON,Bituminous Coal Mining,212114,Coal Valley Mine,145682.4015988889,102217.49589611111,39629.569407222225,3835.3362847222224,18,0.7016461478823584,0.272027156144332,0.026326695898947032,Above Threshold,Potential CU Candidate,11.889191063929058,5
G10360,Corunna Hydrogen Facility,Ontario,CORUNNA,Industrial Gas Manufacturing,325120,Air Products Canada Ltd,493757.49836666667,493039.48711666674,412.24983333333336,305.76141666666666,18,0.9985458220839681,0.0008349236916847685,0.0006192542243472053,Above Threshold,CCS Candidate,13.109801806931202,16
G10361,Edmonton Hydrogen Facility,Alberta,EDMONTON,Industrial Gas Manufacturing,325120,Air Products Canada Ltd,1036794.064511111,1035320.81425,962.7487037777778,510.5015944444445,18,0.9985790328942463,0.0009285823836498828,0.0004923847578980556,Above Threshold,CCS Candidate,13.851644844259317,16
G10364,Essex County Landfill No. 3,Ontario,LAKESHORE,Waste Treatment and Disposal,562210,EWSWA,173051.33852777779,1176.0430672222221,171875.29103888888,0.004416666666666667,18,0.006795920084914261,0.9932040543639012,2.5522291270562545e-08,Above Threshold,Potential CU Candidate,12.061349362568125,45
G10365,Essex County Regional Landfill,Ontario,ESSEX,Waste Treatment and Disposal,562210,EWSWA,205866.6208611111,333.75942366666663,205531.8308277778,1.0306144444444445,18,0.0016212410844973213,0.9983737527145833,5.006224127707199e-06,Above Threshold,Potential CU Candidate,12.234988624025725,45
G10370,OC Celfortec,Quebec,VALLEYFIELD,Polystyrene Foam Product Manufacturing,326140,OC Celfortec,140338.7580768125,500.7419408125,0.317695,0.9951909375,16,0.0035680944286141237,2.2637723488055524e-06,7.0913477583669076e-06,Above Threshold,Potential CU Candidate,11.851821604968485,37
G10371,Olds Gas Plant,Alberta,OLDS,Conventional Oil and Gas Extraction,211113,Esprit Explorations Ltd.,110085.45628555556,105994.37186055555,2768.6843737777776,1322.4000555555556,18,0.9628371942758001,0.02515031928101351,0.012012486482549732,Above Threshold,CCS Candidate,11.609021302297164,9
G10374,Port Alice Cellulose Operation,British Columbia,PORT ALICE,Chemical Pulp Mills,322112,Neucel Specialty Cellulose,147730.01183888887,145099.76463888888,761.3140826666666,1868.9331111111112,9,0.9821955798469137,0.005153415160468133,0.012651004950499353,Above Threshold,CCS Candidate,11.903148411536689,8
G10376,Region of Peel - Britannia Sanitary Landfill Site,Ontario,MISSISSAUGA,Waste Treatment and Disposal,562210,Region of Peel - Britannia Sanitary Landfill Site,239797.5032611111,0.0,239797.5032611111,0.0,18,0.0,1.0,0.0,Above Threshold,Potential CU Candidate,12.38755427994269,45
G10380,Bear Creek Power Plant,Alberta,GRANDE PRAIRIE,Fossil-Fuel Electric Power Generation,221112,TransCanada Energy Ltd.,170175.84036,167636.61443272728,1319.9004432727272,1219.3254922727274,11,0.9850788107060257,0.007756097695657222,0.00716509164692999,Above Threshold,CCS Candidate,12.044593412772146,12
G10381,Diavik Diamond Mine,Northwest Territories,LAC DE GRAS,Diamond Mining,212392,Diavik Diamond Mines Inc.,192377.1656764706,186106.38228235295,232.4142668235294,6038.369125882353,17,0.9674037021386233,0.0012081177410337306,0.03138818011300443,Above Threshold,CCS Candidate,12.167218326763917,11
G10385,Highland Valley Copper,British Columbia,LOGAN LAKE,Copper-Zinc Ore Mining,212233,Highland Valley Copper,169322.6737882353,163709.07155882355,217.9352131764706,5395.667010882353,17,0.9668467187304611,0.001287099998485926,0.03186618123943923,Above Threshold,CCS Candidate,12.03956739170774,10
G10388,Line Creek Operations,British Columbia,SPARWOOD,Bituminous Coal Mining,212114,Elk Valley Coal Corporation,195686.5959764706,104482.49973117647,87634.88259764705,3517.4915294117645,17,0.5339277287226125,0.4478328327004283,0.01797512758530844,Above Threshold,Potential CU Candidate,12.18427476852649,5
G10390,Long Lake Project,Alberta,FORT MCMURRAY,Non-Conventional Oil Extraction,211114,Long Lake Project,2278203.4106882354,2256649.1265,11723.787680941177,9828.156043235294,17,0.990538911456671,0.005146067127254222,0.004313994087238352,Above Threshold,CCS Candidate,14.638898151486911,25
G10393,Thebaud Platform,Nova Scotia,OFFSHORE,Conventional Oil and Gas Extraction,211113,ExxonMobil Canada Properties,172621.490075,118597.55165666666,52835.69482916666,1123.6220833333334,12,0.6870381642815087,0.3060783150823851,0.006509166864711606,Above Threshold,Potential CU Candidate,12.058862350852088,9
G10394,Tucker Thermal,Alberta,COLD LAKE,Non-Conventional Oil Extraction,211114,Husky Oil Operations Ltd,597718.0762117647,595293.5895941176,1574.7902124705884,849.6963897058823,17,0.9959437622616115,0.0026346705497871845,0.0014215671627184395,Above Threshold,CCS Candidate,13.3008761503341,25
G10398,Xstrata Nickel Sudbury Smelter,Ontario,FALCONBRIDGE,Non-Ferrous Metal (except Aluminum) Smelting and Refining,331410,Sudbury Smelter,115851.54472352941,115646.29623529412,22.680329411764706,179.1269838235294,17,0.998228349145235,0.00019577062581158954,0.001546176913316105,Above Threshold,CCS Candidate,11.660073495294975,27
G10399,Brule Mine,British Columbia,TUMBLER RIDGE,Bituminous Coal Mining,212114,Western Canadian Coal Corp.,101321.3480907143,63271.27805,35208.427518,2841.642510714286,14,0.6244614707786204,0.3474926871924112,0.02804584191053328,Above Threshold,Potential CU Candidate,11.526062278844256,5
G10400,Wolverine Group- Perry Creek Mine,British Columbia,TUMBLER RIDGE,Bituminous Coal Mining,212114,Western Canadian Coal Corp.,124240.958009375,75684.69127,44919.210318875,3637.0564146875,16,0.6091766554495577,0.3615491303237172,0.029274214179941,Above Threshold,Potential CU Candidate,11.729986217593545,5
G10401,BFI Usine de triage Lachenaie Ltée.,Quebec,TERREBONNE,All Other Waste Management Services,562990,BFI Usine de triage Lachenaie Ltée.,140438.53673066667,7492.6613084,132587.242092,358.6333333333333,15,0.05335188960825932,0.9440944428684563,0.0025536675451206183,Above Threshold,Potential CU Candidate,11.852532331577601,2
G10406,Great Divide,Alberta,FORT MCMURRAY,Non-Conventional Oil Extraction,211114,Connacher Oil and Gas Limited,211484.0900875,206667.19669375,4316.313350750001,500.58003125,16,0.9772233769842591,0.020409636247171868,0.0023669867130094216,Above Threshold,CCS Candidate,12.261909778943318,25
G10407,Greenfield Energy Centre,Ontario,COURTRIGHT,Fossil-Fuel Electric Power Generation,221112,"Greenfield Energy Centre, LP",858195.04589375,846958.4076875,5445.700666,5789.7625821875,16,0.9869066615333956,0.00634552796832879,0.0067464413945175685,Above Threshold,CCS Candidate,13.662587844087499,12
G10408,Horizon Oil Sands Processing Plant and Mine,Alberta,FORT MCMURRAY,Non-Conventional Oil Extraction,211114,Canadian Natural Resources Limited,4108413.8773875,3690128.39288125,402480.913641,14620.388471875,16,0.8981880849910298,0.0979650360583763,0.003558645479304038,Above Threshold,CCS Candidate,15.228547837479258,25
G10409,Jackfish SAGD Plant,Alberta,CONKIN,Non-Conventional Oil Extraction,211114,Devon Canada Corporation,626295.2207090909,617580.6278181818,7755.427773636364,959.165090909091,11,0.9860854871588474,0.012383022442444436,0.0015314903566134913,Above Threshold,CCS Candidate,13.347578734181216,25
G10410,Kapuskasing Power Plant,Ontario,KAPUSKASING,Fossil-Fuel Electric Power Generation,221112,EPCOR,103329.20958927272,102048.8303090909,632.7252578181818,647.6540254545454,11,0.9876087382718667,0.006123392023738747,0.0062678697343077575,Above Threshold,CCS Candidate,11.545685057555058,12
G10412,Orion Complex,Alberta,MD OF BONNYVILLE,Non-Conventional Oil Extraction,211114,not applicable,293459.18683125003,291140.40575,1794.956576,523.82450625,16,0.9920984546223001,0.006116545865821427,0.001784999515285983,Above Threshold,CCS Candidate,12.589497259411054,25
G10413,Portlands Energy Centre,Ontario,TORONTO,Fossil-Fuel Electric Power Generation,221112,Portlands Energy Centre LP,412134.079229375,405892.3609563125,2862.60886975,3379.1094065625,16,0.98485512703843,0.006945819368062506,0.008199053601393256,Above Threshold,CCS Candidate,12.929106436803815,12
G10414,Surmont Central Processing Facility,Alberta,ANZAC,Non-Conventional Oil Extraction,211114,ConocoPhillips Canada,1710457.10689375,1704884.82733125,3172.3648547499997,2399.914696875,16,0.9967422278290162,0.0018546883414756455,0.001403083823150251,Above Threshold,CCS Candidate,14.352271791368649,25
G10421,Baymag Inc.,Alberta,Unknown,All Other Non-Metallic Mineral Product Manufacturing,327990,Baymag Inc.,145725.969106,145527.36194666667,19.820313333333335,178.78684333333334,15,0.9986371189668406,0.00013601085280082222,0.001226870162059345,Above Threshold,CCS Candidate,11.889490075301442,1
G10442,Landfill,Saskatchewan,SASKATOON,Waste Treatment and Disposal,562210,City of Saskatoon,108872.63097533333,813.5064168,108026.39409466667,32.73045033333333,15,0.007472092935682905,0.9922272762852733,0.0003006306547395634,Above Threshold,Potential CU Candidate,11.597943139796374,45
G10443,Vancouver Landfill,British Columbia,DELTA,Waste Treatment and Disposal,562210,City of Vancouver,287430.3275066667,2379.7586358666667,284903.9500533333,146.61881133333333,15,0.008279427771279529,0.9912104701154932,0.0005101020918884512,Above Threshold,Potential CU Candidate,12.56873924984137,45
G10445,Kilmar Plant,Quebec,GRENVILLE-SUR-LA-ROUGE,Cement Manufacturing,327310,Colacem Canada inc,175742.8246,175138.17557999998,226.340324,378.3087,10,0.9965594668153523,0.0012879064878760348,0.0021526267195320814,Above Threshold,CCS Candidate,12.076782671644482,6
G10452,Domtar Usine de Windsor,Quebec,WINDSOR,Paper (except Newsprint) Mills,322121,Domtar,109803.45464466668,90387.818,10459.996272666667,8939.083562000002,15,0.8231782715079655,0.09526108542318733,0.08140985719372525,Above Threshold,Potential CU Candidate,11.60645637776891,32
G10455,Resthaven Sweet Gas Plant 08-11,Alberta,Unknown,Conventional Oil and Gas Extraction,211113,EnCana Corporation,147613.15402866667,104701.01728666667,35345.01610733334,7567.120633333334,15,0.7092932738659157,0.23944353970289997,0.051263186422151705,Above Threshold,Potential CU Candidate,11.902357081054086,9
G10457,Sierra Sour Gas Plant,British Columbia,Unknown,Conventional Oil and Gas Extraction,211113,EnCana Corporation,103061.42590466667,94562.122274,8014.0652308,485.23839066666665,15,0.9175316704959171,0.07776008492462667,0.00470824449018898,Above Threshold,CCS Candidate,11.543090160365775,9
G10459,Pearl Street Steam Plant,Ontario,TORONTO,Steam and Air-Conditioning Supply,221330,Enwave Energy Corporation,107848.68617714287,107292.15272714286,61.00467200000001,495.52878107142857,14,0.9948396826171263,0.0005656505810353503,0.004594666830317396,Above Threshold,CCS Candidate,11.588493742004472,42
G10462,Essar Power Canada Ltd,Ontario,SAULT STE. MARIE,Other Electric Power Generation,221119,Essar Power Canada Ltd.,1391137.6236222223,1373506.4249999998,14521.45305,3109.7455555555553,9,0.9873260572334212,0.010438545262106611,0.002235397492491396,Above Threshold,CCS Candidate,14.145633123468654,30
G10465,Foster Creek SAGD Bitumen Battery (with Cogen),Alberta,BONNYVILLE,Non-Conventional Oil Extraction,211114,Cenovus FCCL Ltd.,2869713.4482,2856107.647666667,6455.925082266666,7149.875412333333,15,0.9952588295734311,0.002249675864437295,0.002491494548634472,Above Threshold,CCS Candidate,14.869723087385111,25
G10469,Goreway Power Station,Ontario,BRAMPTON,Fossil-Fuel Electric Power Generation,221112,Goreway Station Partnership,640897.23792,632128.1377133334,4379.963728000001,4376.006285666666,15,0.9863174629444085,0.0068341123488298286,0.006827937501913375,Above Threshold,CCS Candidate,13.370625968104859,12
G10470,Metro Vancouver Waste-to-Energy Facility,British Columbia,BURNABY,Waste Treatment and Disposal,562210,Metro Vancouver,118843.55346333333,116492.52642,33.584586933333334,2317.4424546666664,15,0.9802174625815215,0.0002825949406140498,0.019499942463279376,Above Threshold,CCS Candidate,11.685571644757463,45
G10471,Green Lane Landfill,Ontario,ST. THOMAS,Waste Treatment and Disposal,562210,Green Lane Landfill,120744.11143933333,8207.859140533334,112442.98819733334,93.26408233333333,15,0.06797730375992117,0.931250285061141,0.0007724110204760829,Above Threshold,Potential CU Candidate,11.701437085720816,45
G10472,Greenfield Johnstown Limited Partnership,Ontario,PRESCOTT,Other Basic Organic Chemical Manufacturing,325190,Greenfield Ethanol Inc.,100339.96574066667,99919.58053466667,48.243234666666666,372.14197333333334,15,0.9958103911746742,0.0004807977988686339,0.003708811046389548,Above Threshold,CCS Candidate,11.516329322674672,29
G10482,Jungbunzlauer Canada Inc.,Ontario,PORT COLBORNE,Other Basic Organic Chemical Manufacturing,325190,JBL Canada,115110.29496599999,114517.52383266667,62.93018106666667,529.8409646666667,15,0.9948504073114538,0.0005466946382619755,0.004602898158007199,Above Threshold,CCS Candidate,11.65365472165905,29
G10496,MEG Christina Lake Regional Project,Alberta,REGIONAL MUNICIPALITY OF WOOD BUFFALO,Non-Conventional Oil Extraction,211114,MEG Energy Corp.,735661.17292,726400.37758,7209.731744933333,2051.0634476666664,15,0.9874116024048926,0.009800342889262908,0.002788054505480488,Above Threshold,CCS Candidate,13.508526288151563,25
G10538,LET de Lachute,Quebec,LACHUTE,Waste Treatment and Disposal,562210,Régie Intermunicipale Argenteuil Deux-Montagnes,239416.5055,6179.4606706,233182.08785333333,54.95697199999999,15,0.025810503990502862,0.9739599505320377,0.00022954546047369316,Above Threshold,Potential CU Candidate,12.385964191822005,45
G10547,Société de Cogénération de St-Félicien,Quebec,ST-FÉLICIEN,Other Electric Power Generation,221119,Société de Cogénération de St-Félicien,301821.0,301821.0,0.0,0.0,1,1.0,0.0,0.0,Above Threshold,CCS Candidate,12.617592718616692,30
G10554,St. Clair Energy Center,Ontario,CORUNNA,Fossil-Fuel Electric Power Generation,221112,"St. Clair Power, LP",399552.61524,394042.78644666664,2760.8187712,2697.1633573333334,15,0.9862100044320226,0.006909775248352845,0.006750458523999957,Above Threshold,CCS Candidate,12.898103241040987,12
G10557,Firebag,Alberta,Unknown,Non-Conventional Oil Extraction,211114,Suncor Energy Oil Sands,4323331.296,4294480.5002666665,8992.721094533334,19380.263216333333,15,0.9933267210495696,0.0020800444099330325,0.004482715269649632,Above Threshold,CCS Candidate,15.27953702768617,25
G10558,Suncor Energy Inc. Oil Sands,Alberta,FORT MCMURRAY,Non-Conventional Oil Extraction,211114,Suncor Energy Oil Sands,8330097.9224,7964847.2518,306717.18825333327,57163.999864000005,15,0.9561528959200077,0.03682035806908791,0.006862344284127021,Above Threshold,CCS Candidate,15.935385889510687,25
G10559,St. Clair Ethanol Plant,Ontario,MOORETOWN,Other Basic Organic Chemical Manufacturing,325190,Suncor Energy Products Inc.,143289.706764,142543.22570399998,81.57912933333334,664.9019246666667,15,0.9947904069534493,0.0005693300040574109,0.004640263000619917,Above Threshold,CCS Candidate,11.872630760101304,29
G10565,Natural Gas Transmission and Distribution,Ontario,CHATHAM,Natural Gas Distribution,221210,Union Gas Limited,792053.2171199999,249712.00576,540595.4390499999,1745.7722999999999,10,0.3152717524057066,0.6825241377286105,0.002204109853057395,Above Threshold,Potential CU Candidate,13.582385124413156,22
G10566,Heating Plant,Alberta,EDMONTON,Universities,611310,University of Alberta Heating Plant,210359.06551333333,209514.60332666666,390.1880210666667,454.2741653333333,15,0.9959856154304263,0.0018548666781462533,0.0021595178901597646,Above Threshold,CCS Candidate,12.256575939137598,44
G10572,St. Nicephore Landfill,Quebec,ST. NICEPHORE,Waste Treatment and Disposal,562210,Waste Management of Canada Corporation,130166.08979,832.1041000000001,129285.78669000001,48.198995000000004,10,0.0063926334527099424,0.9932370780944545,0.0003702884144231464,Above Threshold,Potential CU Candidate,11.776574210215886,45
G10579,Fonderie Horne,Quebec,ROUYN-NORANDA,Non-Ferrous Foundries (except Die-Casting),331529,Xstrata Canada Corporation,118529.58174466666,117816.10264466667,46.150533333333335,661.4948373333334,15,0.9939805819821675,0.0003893587799267664,0.005580841740910791,Above Threshold,CCS Candidate,11.682926280056664,26
G10585,Varennes Facility,Quebec,VARENNES,Polystyrene Foam Product Manufacturing,326140,Dow,261450.61142266667,1181.2647160666668,12.624821066666668,297.7092856666667,15,0.004518118009511972,4.828759434896525e-05,0.0011386826905728036,Above Threshold,Potential CU Candidate,12.474004503003925,37
G10587,Meadowbank Division,Nunavut,BAKER LAKE,Gold and Silver Ore Mining,212220,Agnico-Eagle Meadowbank,199242.35835000002,194033.01447142856,233.43408,4787.331889642856,14,0.9738542350044841,0.0011716086977345296,0.02402768130877656,Above Threshold,CCS Candidate,12.20228226284721,14
G10604,Algar,Alberta,CALGARY,Non-Conventional Oil Extraction,211114,Connacher Oil and Gas Limited,260283.95569285713,256846.60895,2624.057692,813.2890507142857,14,0.9867938585238296,0.010081519181675826,0.0031246222939457368,Above Threshold,CCS Candidate,12.46953229328035,25
G10619,MEG Christina Lake Cogeneration Facility Phase 2,Alberta,REGIONAL MUNICIPALITY OF WOOD BUFFALO,Non-Conventional Oil Extraction,211114,MEG Energy Corp.,1035658.4957499999,1030066.5765785715,1032.453788,4531.768956071429,14,0.9946006147833714,0.0009969056327320724,0.0043757367652255165,Above Threshold,CCS Candidate,13.850548975721082,25
G10622,Thorold Cogen Generating Station,Ontario,THOROLD,Fossil-Fuel Electric Power Generation,221112,Northland Power Inc.,268284.1450571428,264458.4418214286,1960.784354,1856.2087785714286,14,0.9857401068747489,0.0073086106284155,0.006918816533776411,Above Threshold,CCS Candidate,12.499805667967541,12
G10635,Ermine Generation Station,Saskatchewan,RURAL MUNICIPALITY OF OAKDALE,Fossil-Fuel Electric Power Generation,221112,SaskPower,146023.344305,143807.07819785716,994.480886,1221.7852257142856,14,0.9848225219214696,0.006810423982091663,0.00836705412774504,Above Threshold,CCS Candidate,11.89152862860567,12
G10639,Leismer SAGD Bitumen Battery,Alberta,Unknown,Non-Conventional Oil Extraction,211114,Statoil Canada Ltd.,420841.9403885714,418914.38526714285,1323.035716,604.5193817857144,14,0.9954197646754294,0.0031437829480075487,0.0014364523203831588,Above Threshold,CCS Candidate,12.950014979849083,25
G10646,Halton Hills Generating Station,Ontario,HALTON HILLS,Fossil-Fuel Electric Power Generation,221112,TransCanada Energy Ltd.,592912.9465785715,584621.6132714285,4260.769424,4029.8018107142857,14,0.9860159347928082,0.007186163582001279,0.006796616322798182,Above Threshold,CCS Candidate,13.292804552067771,12
G10653,Zellstoff Celgar Limited Partnership,British Columbia,CASTLEGAR,Chemical Pulp Mills,322112,Zellstoff Celgar Limited Partnership,107181.2426342857,98256.38789428571,1820.9364,7103.124376071429,14,0.916731188026504,0.01698931972838976,0.06627208456901434,Above Threshold,CCS Candidate,11.582285866829617,8
G10654,Shell Albiansands Muskeg River Mine Expansion,Alberta,FORT MCMURRAY,Non-Conventional Oil Extraction,211114,Shell Canada Energy,844913.6635399999,803755.75532,37049.100552,3888.67943,5,0.9512874391833629,0.043849569667003055,0.004602457739536724,Above Threshold,CCS Candidate,13.646990911345997,25
G10657,Quebec Silicon LP,Quebec,BÉCANCOUR,Iron and Steel Mills and Ferro-Alloy Manufacturing,331110,Quebec Silicon LP,154288.49798357143,150877.23917142858,2369.7768600000004,1041.4819514285714,14,0.9778903880929213,0.01535938771179387,0.0067502241906552745,Above Threshold,CCS Candidate,11.946585973711974,18
G10660,Montney Gas Processing and Production,British Columbia,PEACE RIVER E,Conventional Oil and Gas Extraction,211113,Shell Canada Limited,149661.95432785715,127015.51600642856,21588.635740428574,1057.802582142857,14,0.8486827302026396,0.1442493240007771,0.0070679458042194245,Above Threshold,Potential CU Candidate,11.916141073703159,9
G10661,Glacier Sour Gas Plant 05-02,Alberta,Unknown,Conventional Oil and Gas Extraction,211113,Advantage Oil & Gas Ltd.,157832.09091769232,122619.44678538461,33183.32223384616,2029.3218923076925,13,0.7768980697932292,0.21024445688393553,0.012857473283845433,Above Threshold,Potential CU Candidate,11.969293367042628,9
G10668,Northern Prairie Thermal Electric Power Plant,Alberta,SEXSMITH,Fossil-Fuel Electric Power Generation,221112,Constellation Energy,206041.78035076923,204110.44987153847,804.6247935384616,1126.7056980769232,13,0.9906265104293759,0.003905153567245701,0.005468336063485761,Above Threshold,CCS Candidate,12.23583909781663,12
G10669,Mine Canadian Malartic,Quebec,MALARTIC,Gold and Silver Ore Mining,212220,Corporation minière Osisko,167132.7659076923,160051.09586615383,182.71155753846156,6745.8731876923075,13,0.9576284757624984,0.001093212073324829,0.040362361928588344,Above Threshold,CCS Candidate,12.026549764234067,14
G10671,Jackfish 2 SAGD Plant,Alberta,CONKIN,Non-Conventional Oil Extraction,211114,Devon Canada Corporation,574790.6968125,562936.478525,10985.786787000001,868.4315,8,0.9793764611131712,0.019112673270325436,0.0015108656156334543,Above Threshold,CCS Candidate,13.261762987732114,25
G10686,Methanex Medicine Hat Methanol Plant,Alberta,MEDICINE HAT,Other Basic Organic Chemical Manufacturing,325190,Methanex,373765.31784615386,367737.5262769231,2382.9689132307694,3644.8226384615386,13,0.9838727905414919,0.006375575259263694,0.009751634152320655,Above Threshold,CCS Candidate,12.831386062523013,29
G10695,QUINSAM COAL CORP,British Columbia,CAMPBELL RIVER,Bituminous Coal Mining,212114,QUINSAM COAL COPORATION,133408.0581,1587.899983,131767.1581,53.0,2,0.011902579241575813,0.9877001432794261,0.0003972773515695151,Above Threshold,Potential CU Candidate,11.801175311957538,5
G10711,Pikes Peak South Thermal 05-07-049-23W3,Saskatchewan,WASECA,Non-Conventional Oil Extraction,211114,Husky Oil Operations Limited,262420.84678333334,258303.4699,3537.145472,580.2314125,12,0.9843100236364497,0.013478904269066814,0.002211072098929189,Above Threshold,CCS Candidate,12.477708590144788,25
G10712,5-1-77-17W6,British Columbia,SUNDOWN,Conventional Oil and Gas Extraction,211113,Murphy Oil Company Ltd,101562.23211615384,89385.12511307692,10659.629424307692,1517.4775926923078,13,0.8801020148006367,0.10495662809100706,0.01494135724544545,Above Threshold,CCS Candidate,11.528436860008496,9
G10719,Lieu d'enfouissement technique,Quebec,SAINT-ETIENNE-DES-GRÈS,All Other Waste Management Services,562990,Régie de gestion des matières résiduelles de la Mauricie,110561.66383333334,1378.3825000833333,109026.44991666666,156.83141666666668,12,0.012467092591525956,0.9861144101541296,0.0014184972550981404,Above Threshold,Potential CU Candidate,11.613337732717511,2
G10721,Yellow Head Power Station,Saskatchewan,NORTH BATTLEFORD,Fossil-Fuel Electric Power Generation,221112,SaskPower,167599.8002125,165267.49059666667,1195.4144346666667,1136.8951825000001,12,0.9860840549160786,0.007132552861942551,0.00678339222993422,Above Threshold,CCS Candidate,12.02934024155631,12
G10723,McKay Thermal Project,Alberta,FORT MCMURRAY,Conventional Oil and Gas Extraction,211113,Southern Pacific Resource Partnership,107338.998225,105023.8932325,1850.0299929999999,465.07500000000005,4,0.9784318371627881,0.01723539462444056,0.004332768217429487,Above Threshold,CCS Candidate,11.58375662919458,9
G10735,MacKay River Commercial Project,Alberta,FT MCMURRAY,Non-Conventional Oil Extraction,211114,MacKay Operating Corp,304651.4519659166,301796.33590508334,2425.9623733333333,429.0714375,12,0.9906282538868297,0.007963075040931503,0.0014084010915792486,Above Threshold,CCS Candidate,12.626926904112713,25
G10744,Kirby South 13-21-73-7W4,Alberta,CONKLIN,Non-Conventional Oil Extraction,211114,Canadian Natural Resources Limited,581467.1393363636,579048.8172545454,1431.1972487272726,987.1248313636365,11,0.9958409995712254,0.0024613553404939058,0.0016976450853099893,Above Threshold,CCS Candidate,13.273311458960634,25
G10748,Wainwright B Battery,Alberta,WAINWRIGHT,Conventional Oil and Gas Extraction,211113,HARVEST OPERATIONS CORP.,104565.52,2643.537041,101911.171,10.812,1,0.025281154256202237,0.9746154468509314,0.00010339928496506304,Above Threshold,Potential CU Candidate,11.557578702895713,9
G10749,Paradise Hill Thermal 08-27-053-24W3,Saskatchewan,PARADISE HILL,Non-Conventional Oil Extraction,211114,Husky Oil Operations Limited,114260.97896818182,112198.30921181818,1601.5097636363637,461.1599863636364,11,0.9819477325068426,0.014016244023975456,0.004036023413487953,Above Threshold,CCS Candidate,11.646249151997027,25
G10750,Kearl Oil Sands Processing Plant and Mine,Alberta,FORT MCKAY,Non-Conventional Oil Extraction,211114,Imperial Oil Resources Limited,2500841.6901636366,2454816.4237454548,22456.42306181818,23375.725622727274,11,0.9815960895888735,0.0089795460265015,0.009347143289664904,Above Threshold,CCS Candidate,14.73213830910651,25
G10753,North Battleford G.S.,Saskatchewan,RM OF NORTH BATTLEFORD,Fossil-Fuel Electric Power Generation,221112,Northland Power Inc.,760391.3588636364,749720.1083454546,5482.443313454546,5188.807204545455,11,0.9859661075921097,0.007210028427529424,0.006823863980121823,Above Threshold,CCS Candidate,13.541589840707989,12
G10758,Dawson Plant,British Columbia,BESSBOROUGH,Conventional Oil and Gas Extraction,211113,Spectra Energy Transmission,103576.90317636364,101671.03950636364,1280.6570356363636,625.2066463636364,11,0.9815995302856774,0.012364310926112057,0.006036158904066454,Above Threshold,CCS Candidate,11.548079296254574,9
G10759,Fort Nelson North Processing Facility,British Columbia,CABIN LAKE,Conventional Oil and Gas Extraction,211113,Spectra Energy Transmission,350603.203335,347078.250035,2936.5828485,588.37042375,8,0.9899460322482223,0.008375801534517373,0.0016781661381108782,Above Threshold,CCS Candidate,12.767413240373445,9
G10762,Twin Creeks Landfill (formerly Warwick Landfill),Ontario,WATFORD,Waste Treatment and Disposal,562210,Waste Management of Canada Corporation,148525.35454181817,1282.0939272727273,147214.11543272727,29.145181818181815,11,0.00863215530592621,0.9911716143473556,0.00019623034671818152,Above Threshold,Potential CU Candidate,11.908517693140734,45
G10765,Detour Lake Project,Ontario,COCHRANE,Gold and Silver Ore Mining,212220,Detour Gold Corporation,221923.85102727273,219059.6647,1967.6766047272724,896.5097195454546,11,0.9870938327988876,0.008866449440287787,0.004039717747306396,Above Threshold,CCS Candidate,12.310094094661192,14
G10774,Birchcliff Pouce Coupe 03-22-078-12 W6M Gas Plant,Alberta,POUCE COUPE,Conventional Oil and Gas Extraction,211113,Birchcliff Energy Ltd.,163510.45723,128283.710758,32697.343995000003,2529.402475,10,0.7845596723979023,0.19997096545945486,0.015469362130411309,Above Threshold,Potential CU Candidate,12.004638341665544,9
G10778,Jackfish 3 SAGD Plant,Alberta,CONKLIN,Non-Conventional Oil Extraction,211114,Devon Canada Corporation,592997.65486,589678.9024199999,2434.1665543999998,884.5859,5,0.9944034307508626,0.0041048502206550526,0.0014917190527656313,Above Threshold,CCS Candidate,13.29294740961304,25
G10779,Shepard Energy Centre,Alberta,CALGARY,Fossil-Fuel Electric Power Generation,221112,Enmax Generation Portfolio Inc,1868465.9807,1853900.5502,3843.4510800000003,10721.9794735,10,0.992204604927009,0.002057008861654572,0.005738386239969502,Above Threshold,CCS Candidate,14.440628856196808,12
G10780,Sandall Thermal 06-14-051-24W3,Saskatchewan,LLOYDMINISTER,Non-Conventional Oil Extraction,211114,Husky Oil Operations Limited,126044.432494,123351.48740399998,2152.6638588,540.281205,10,0.9786349540656768,0.017078611218329473,0.004286434508130445,Above Threshold,CCS Candidate,11.744397696291152,25
G10787,Para 08-13-063-05W6 Musreau Gas Plant,Alberta,FOX CREEK,Conventional Oil and Gas Extraction,211113,Paramount Resources Ltd.,204373.49177000002,177874.781606,24595.662742,1903.0474150000002,10,0.87034174572003,0.12034663854390532,0.009311615701813578,Above Threshold,CCS Candidate,12.22770933387827,9
G10788,Redwater Fractionation and Storage Facility,Alberta,REDWATER,Conventional Oil and Gas Extraction,211113,Pembina Pipeline Corporation,106051.792034,101704.416448,4054.9105632,292.46502399999997,10,0.95900705209577,0.03823519136668623,0.002757756548859035,Above Threshold,CCS Candidate,11.571692287171018,9
G10789,Saturn Deepcut Gas Plant 12-36,Alberta,GREENVIEW NO. 16,Conventional Oil and Gas Extraction,211113,Pembina Pipeline Corporation,116204.127544,109535.32763799999,5970.547369,698.252528,10,0.9426113336337824,0.051379821828956014,0.006008844459811557,Above Threshold,CCS Candidate,11.663112249311066,9
G10802,Gordondale Sour Gas Plant 16-31,Alberta,Unknown,Conventional Oil and Gas Extraction,211113,AltaGas Ltd.,111577.80412,82267.7160609091,23665.319199999998,5644.768854545455,11,0.7373125570066927,0.2120970150528178,0.05059042789975149,Above Threshold,Potential CU Candidate,11.622486383650742,9
G10804,AOC Hangingstone SAGD,Alberta,FORT MCMURRAY,Non-Conventional Oil Extraction,211114,Athabasca Oil Corporation,273811.20715555554,270381.6027666667,3004.053814222222,425.0805522222222,9,0.9874745653236155,0.01097125952377684,0.0015524585594508871,Above Threshold,CCS Candidate,12.520197775048466,25
G10807,Fort Saskatchewan Plant,Alberta,FORT SASKATCHEWAN,Conventional Oil and Gas Extraction,211113,Keyera Corp,109543.90941888888,108284.78003666666,734.264776,524.8645944444445,9,0.9885057107336986,0.006702926524123022,0.004791362634661832,Above Threshold,CCS Candidate,11.604089875837035,9
G10809,Lakeside Packers,Alberta,BROOKS,Animal (except Poultry) Slaughtering,311611,ALIMENT JBS CANADA ULC/ JBS FOOD CANADA ULC,219340.5076,57129.50167545455,153056.48453636363,9112.883479545453,11,0.2604603331165745,0.6978030926028714,0.04154674200063469,Above Threshold,Potential CU Candidate,12.298385189637893,3
G10812,Rush Lake Thermal Pilot & Commercial 12-03-048-21W3,Saskatchewan,PAYNTON,Non-Conventional Oil Extraction,211114,Husky Oil Operations Limited,220611.75003333332,218092.0698888889,2185.3066666666664,334.3734666666667,9,0.9885786675276194,0.009905667609891484,0.001515664812124216,Above Threshold,CCS Candidate,12.304164181199953,25
G10813,Shell Canada Energy Muskeg River Mine and Jackpine Mine,Alberta,FORT MCMURRAY,Non-Conventional Oil Extraction,211114,Shell Canada Energy,1593462.238111111,1482132.5688888887,102849.80046,6384.7459944444445,9,0.9301334750460152,0.06454486212482705,0.00400683859443881,Above Threshold,CCS Candidate,14.281420342671382,25
G10815,Sunrise Thermal,Alberta,FORT MCKAY,Non-Conventional Oil Extraction,211114,Husky Oil Operations Limited,1307426.0373555555,1299441.3888222224,6000.299243555555,1984.3491500000002,9,0.9938928487691104,0.0045893986138534956,0.0015177525101256301,Above Threshold,CCS Candidate,14.083571670194413,25
G10817,LINDBERGH SAGD CPF,Alberta,LINDBERGH,Non-Conventional Oil Extraction,211114,Pengrowth,407811.5439222222,404201.74199999997,2452.7972031111112,1157.0047222222222,9,0.9911483576764303,0.006014535977870475,0.0028371063533279626,Above Threshold,CCS Candidate,12.918562896635244,25
G10828,ALBERTA NEWSPRINT,Alberta,WHITECOURT,Newsprint Mills,322122,Alberta Newsprint Co.,153935.73363777777,147851.30088111112,5138.279701333334,946.1530555555556,9,0.9604742017146989,0.03337938229095064,0.00614641599579422,Above Threshold,CCS Candidate,11.94429697645198,23
G10833,Karr 07-11-064-04W6,Alberta,CALGARY,Conventional Oil and Gas Extraction,211113,Seven Generations Energy Ltd.,126528.41836125,104491.353395,17579.904415,4457.16054375,8,0.8258330796222221,0.1389403633008973,0.035226557017605374,Above Threshold,Potential CU Candidate,11.748230116328122,9
G10841,Edam East Thermal 05-08-048-19W3,Saskatchewan,LLOYDMINSTER,Non-Conventional Oil Extraction,211114,Husky Oil Operations Limited,243287.41621250001,240054.833125,2871.864387,360.7186625,8,0.9867129046876946,0.011804409910340628,0.001482685245770909,Above Threshold,CCS Candidate,12.40200291650993,25
G10842,Vawn Thermal 16-01-048-19W3,Saskatchewan,LLOYDMINSTER,Non-Conventional Oil Extraction,211114,Husky Oil Operations Limited,227361.8391625,224354.2629875,2664.941426,342.63473125,8,0.9867718514853743,0.01172114650293321,0.0015070019336231363,Above Threshold,CCS Candidate,12.334302430772752,25
G10850,Altares Gas Plant b-72-A,British Columbia,Unknown,Conventional Oil and Gas Extraction,211113,Canbriam,104813.4726925,91595.24806,12493.692442,724.53219375,8,0.8738881148296708,0.11919929872616457,0.006912586475172141,Above Threshold,CCS Candidate,11.559947139545276,9
G10897,Scotford Hydrogen Facility,Alberta,FORT SASKATCHEWAN,Industrial Gas Manufacturing,325120,Air Products Canada Ltd,898997.0491375,898090.394375,496.960695,409.693975,8,0.9989914819371545,0.0005527945786660649,0.0004557233812870258,Above Threshold,CCS Candidate,13.70903614341525,16
G11388,Eastern Ontario Landfill,Ontario,MOOSE CREEK,Waste Treatment and Disposal,562210,GFL Environmental Inc.,107371.87984499999,0.0,107319.56587,52.31395916666667,6,0.0,0.9995127776930468,0.00048722215949079133,Above Threshold,Potential CU Candidate,11.584062913759833,45
G11397,Fort Hills Oil Sands,Alberta,FORT MCMURRAY,Mined oil sands extraction,211142,Fort Hills Energy L.P.,1920392.7027999999,1891530.9577142857,12922.571716857143,14543.156693571427,7,0.984970915040641,0.006729129775392075,0.007573011849278013,Above Threshold,CCS Candidate,14.468040776525026,21
G11409,Hangingstone Expansion Project,Alberta,RM OF WOOD BUFFALO,In-situ oil sands extraction,211141,Japan Canada Oil Sands Limited,472000.1197714285,470005.1625428572,638.64744,1356.309787857143,7,0.9957733967746927,0.001353066266824831,0.002873536956969315,Above Threshold,CCS Candidate,13.064736636961973,15
G11457,PARA KARR 06-18 COMPRESSOR,Alberta,CALGARY,Oil and gas extraction (except oil sands),211110,Paramount Resources Ltd.,124972.15501285714,104920.58847714285,14889.239315714285,5162.327237857143,7,0.8395517262733336,0.11914045424104658,0.04130781962850878,Above Threshold,Potential CU Candidate,11.735854233323085,28
G11465,Town Comp Stn. B-8-I,British Columbia,Unknown,Oil and gas extraction (except oil sands),211110,Progress Energy Canada Ltd.,121406.15875142858,115234.10226142858,5427.501775999999,744.5547135714286,7,0.9491619160553716,0.04470532493423555,0.006132759006862718,Above Threshold,CCS Candidate,11.706905124167395,28
G11472,Gahcho Kue Mine,Northwest Territories,KENNADY LAKE,Diamond Mining,212392,De Beers Canada Incorporated,124442.57432857143,123743.73028571428,98.0508,600.7932357142856,7,0.9943842045487427,0.0007879200549251896,0.004827875338933312,Above Threshold,CCS Candidate,11.731607673908062,11
G11477,14-05-56-27 W3M,Saskatchewan,ONION LAKE,Oil and gas extraction (except oil sands),211110,BlackPearl Resources Inc.,269688.47995,261856.2477125,7131.058795,701.1734375,8,0.9709582246933495,0.02644183687906169,0.0025999384090488287,Above Threshold,CCS Candidate,12.505026501878357,28
G11494,Edam CPF 06-11-048-19 W3M,Saskatchewan,VAWN,Oil and gas extraction (except oil sands),211110,Serafina Energy Ltd.,177454.191475,162779.5767125,13562.642625,1111.97213125,8,0.9173047723442059,0.0764289787255362,0.006266248895037547,Above Threshold,CCS Candidate,12.086473413634296,28
G11495,Edam West Thermal 11-19-048-20W3,Saskatchewan,LLOYDMINSTER,Oil and gas extraction (except oil sands),211110,Husky Oil Operations Limited,115126.16153000001,114107.51810571428,846.92876,171.7147,7,0.9911519379196857,0.007356527384779559,0.001491535005753266,Above Threshold,CCS Candidate,11.653792548886235,28
G11496,Rainy River Project,Ontario,Emo,Gold and Silver Ore Mining,212220,New Gold,138501.4752857143,136038.31,261.356,2201.809285714286,7,0.9822156025368464,0.0018870268310200269,0.015897370632133558,Above Threshold,CCS Candidate,11.838643476548846,14
G11498,Townsend Gas Plant,British Columbia,Unknown,Oil and gas extraction (except oil sands),211110,AltaGas Ltd.,156433.3299,150946.07267142856,4833.01428,654.2429785714286,7,0.9649227103196027,0.030895041888384683,0.0041822479837874274,Above Threshold,CCS Candidate,11.960391583645993,28
G11513,Bethune Mine,Saskatchewan,BETHUNE,Potash Mining,212396,K+S Potash Canada General Partnership,652983.5268428571,650366.3652,411.45564,2205.705997142857,7,0.9959919943838231,0.0006301164165493846,0.0033778891908764312,Above Threshold,CCS Candidate,13.389308712484498,38
G11517,Redwater Fractionation Site Facility II (RFS II),Alberta,GIBBONS,Oil and gas extraction (except oil sands),211110,Pembina Pipeline Corporation,225578.74657142858,223399.36337142857,902.18026,1277.2029342857143,7,0.9903387032992936,0.00399940275275148,0.005661893922623128,Above Threshold,CCS Candidate,12.326429018740082,28
G11521,Sturgeon Refinery,Alberta,GIBBONS,Petroleum Refineries,324110,North West Redwater Partnership,645795.7412714286,623909.1230285715,20176.597560285714,1710.0207714285716,7,0.9661090700292212,0.03124300188254953,0.0026479282258224865,Above Threshold,CCS Candidate,13.378240091259867,35
G11528,Dawson Sour Gas Plant 13-07,British Columbia,Unknown,Oil and gas extraction (except oil sands),211110,ARC,127095.49386285714,114020.72994857142,12188.53728,886.2266285714286,7,0.8971264557310419,0.09590062487307446,0.006972919350922974,Above Threshold,CCS Candidate,11.752701871138967,28
G11599,Hebron Platform,Newfoundland and Labrador,ST. JOHN'S,Oil and gas extraction (except oil sands),211110,Exxonmobil Canada Properties - Hebron,414482.91087142855,378604.25417142856,33497.358107142856,2381.2985935714287,7,0.9134375489098766,0.08081722365034645,0.005745227441500238,Above Threshold,CCS Candidate,12.934789437053661,28
G11675,Ciment McInnis inc.,Quebec,PORT-DANIEL-GASCONS,Cement Manufacturing,327310,McInnis Cement inc.,1099409.2931428573,1098080.2258571428,427.54133199999995,901.5259114285715,7,0.9987911078303559,0.0003888827706538635,0.0008200093605279605,Above Threshold,CCS Candidate,13.91028449687429,6
G11730,Usine Vaudreuil,Quebec,JONQUIÈRE,Primary Production of Alumina and Aluminum,331313,Usine Vaudreuil,539667.0948,536169.9299999999,370.17761340000004,2003.6854447500002,20,0.9935197738870922,0.0006859369729354862,0.003712817520387386,Above Threshold,CCS Candidate,13.198709590313053,39
G11884,Meota West 06-24-046-18W3M,Saskatchewan,MEOTA,Oil and gas extraction (except oil sands),211110,Serafina Energy Ltd.,196695.38078333333,180397.61031666666,15102.366066666667,1195.4044000000001,6,0.9171420782645667,0.07678048160827142,0.006077440127161801,Above Threshold,CCS Candidate,12.189416604529853,28
G11902,Electric Utility - Generation - Remote Site,Alberta,REDCLIFF,Fossil-Fuel Electric Power Generation,221112,City of Medicine Hat,180994.07616666667,178238.70603333332,1461.6011013333334,1219.0441666666666,6,0.9847764623478832,0.008075408501145817,0.006735271078950238,Above Threshold,CCS Candidate,12.106225106378862,12
G11948,Rush Lake 2 Thermal Plant 16-03-048-21W3,Saskatchewan,PAYNTON,Oil and gas extraction (except oil sands),211110,Husky Oil Operations Limited,213898.65544166663,210636.72825166667,2946.7693266666665,315.157875,6,0.984750127656181,0.013776474286769393,0.0014733981115928438,Above Threshold,CCS Candidate,12.273262284230801,28
G11982,BlackGold SAGD,Alberta,WOOD BUFFALO,In-situ oil sands extraction,211141,HARVEST OPERATIONS CORP.,192445.24118333333,187117.4960833333,1569.3472666666667,3758.397833333333,6,0.9723155269143572,0.008154773051372181,0.019529700034270465,Above Threshold,CCS Candidate,12.167572127127716,15
G11989,ArcelorMittal Contrecoeur Est,Quebec,CONTRECOEUR,Iron and Steel Mills and Ferro-Alloy Manufacturing,331110,ArcelorMittal Long Products Canada s.e.n.c,924711.7805833333,923495.2346666666,441.23474733333336,775.3111625,6,0.9986844053009692,0.00047715921500966546,0.0008384354766313377,Above Threshold,CCS Candidate,13.737238460799656,18
G12048,Vista Mine,Alberta,HINTON,Subbituminous Coal Mining,212115,Coalspur Mines (Operations) Ltd.,177538.97322166665,79175.22516666667,96261.84446333333,2101.9035916666667,6,0.44595968834297744,0.5422012007647775,0.011839110892245224,Above Threshold,Potential CU Candidate,12.086951063792439,43
G12120,Foothills Boulevard Regional Landfill,British Columbia,PRINCE GEORGE,Waste Treatment and Disposal,562210,Regional District of Fraser-Fort George,106098.85061285715,228.956345,105146.17435142856,723.7199214285714,7,0.002157953113322934,0.9910208616217268,0.0068211853120760425,Above Threshold,Potential CU Candidate,11.572135916616702,45
G12145,Napanee Generating Station,Ontario,BATH,Fossil-Fuel Electric Power Generation,221112,TransCanada Energy Ltd.,623065.36776,614377.1497,4455.291657600001,4232.926355,5,0.9860556877182319,0.007150600704412999,0.006793711501279413,Above Threshold,CCS Candidate,13.342408321405538,12
G12146,Enbridge Gas Inc.,Ontario,NORTH YORK,Pipeline Transportation of Natural Gas,486210,Enbridge Gas Inc.,419063.86162,269409.62914,147804.85048,1849.382,5,0.642884423625858,0.3527024494754142,0.00441312689872788,Above Threshold,Potential CU Candidate,12.945780987926222,36
G12147,Enbridge Gas Inc. - Distribution,Ontario,NORTH YORK,Natural Gas Distribution,221210,Enbridge Gas Inc.,464459.83953999996,24381.945799999998,439913.64144000004,164.25230000000002,5,0.052495272409661564,0.9471510860351017,0.00035364155523688584,Above Threshold,Potential CU Candidate,13.04863252698665,22
G12148,Jackfish District,Alberta,CONKLIN,In-situ oil sands extraction,211141,Canadian Natural Resources Limited,2554940.1514,2538467.4616,12959.5367616,3513.152912,5,0.9935526122633545,0.00507234455355,0.0013750431336228912,Above Threshold,CCS Candidate,14.753539748634527,15
G12149,Kirby North 01-06-075-8 W4M,Alberta,Unknown,In-situ oil sands extraction,211141,Canadian Natural Resources Limited,650996.4473400001,647929.32968,2177.5894392,889.5282559999999,5,0.9952885800336815,0.0033450097125686715,0.0013664103078206513,Above Threshold,CCS Candidate,13.386261000046305,15
G12150,Chinook Power Station,Saskatchewan,SWIFT CURRENT,Fossil-Fuel Electric Power Generation,221112,SaskPower,667667.3114400001,658374.3773800001,4774.3514,4518.582628,5,0.9860814901362217,0.007150793993048507,0.006767715822801761,Above Threshold,CCS Candidate,13.411546789441614,12
G12152,Wapiti Sour Gas Processing Plant,Alberta,GRAND PRAIRIE,Oil and gas extraction (except oil sands),211110,Keyera Corp,116365.74767999999,109604.31442,6059.929512,701.5037599999999,5,0.9418949871864907,0.05207657435987525,0.006028438556757272,Above Threshold,CCS Candidate,11.664502100614978,28
G12153,ECO360 Landfill,New Brunswick,BERRY MILLS,Waste Treatment and Disposal,562210,Southeast Regional Service Comission,116389.98142,365.21799999999996,116021.38519999999,3.3782200000000002,5,0.003137881762194717,0.9968330932310239,2.902500678137835e-05,Above Threshold,Potential CU Candidate,11.664710332068182,45
G12154,Gundy Gas Plant C-060-A / 94-B-16,British Columbia,WONOWON,Oil and gas extraction (except oil sands),211110,Tourmaline Oil Corp,200696.825942,174316.807682,25011.363722000002,1368.654563,5,0.8685578701298264,0.12462261724671278,0.006819512748026876,Above Threshold,CCS Candidate,12.209555702349077,28
G12155,Dee Valley Thermal,British Columbia,PORT COQUITLAM,Oil and gas extraction (except oil sands),211110,Husky Oil Operations Limited,214693.80474999998,211694.437794,2685.655728,313.71124,5,0.9860295598212878,0.012509237195396997,0.0014612030392087967,Above Threshold,CCS Candidate,12.276972785856357,28
G12162,Pipestone 12-35-070-09W6 Gas Plant,Alberta,DIMSDALE,Oil and gas extraction (except oil sands),211110,Tidewater Midstream and Infrastructure Ltd.,118518.78684,115082.15014,2702.0196,734.6171,5,0.9710034434908665,0.02279823876064238,0.006198317748491055,Above Threshold,CCS Candidate,11.682835203170866,28
G12186,Aitken Creek Sour Gas Plant c-046-C,British Columbia,Unknown,Oil and gas extraction (except oil sands),211110,Black Swan Energy,111606.84461999999,99916.194264,10930.813637999998,759.836726,5,0.8952514929007767,0.09794035191315849,0.006808155257745159,Above Threshold,CCS Candidate,11.622746618752867,28
G12207,Pipestone Liquids Hub 04-07-073-08W6,Alberta,Unknown,Oil and gas extraction (except oil sands),211110,Ovintiv Canada ULC,120372.91193999999,116921.39523999998,2803.917648,647.59905,5,0.9713264666911072,0.023293593241290166,0.005379940050987522,Above Threshold,CCS Candidate,11.698358110139534,28
G12244,Meota East 02-16-46-16W3M,Saskatchewan,MEOTA,Oil and gas extraction (except oil sands),211110,Serafina Energy Ltd.,180429.71262,166393.5625,12958.417360000001,1077.73274,5,0.9222071026097497,0.07181975281028966,0.005973144469114102,Above Threshold,CCS Candidate,12.103102119459473,28
G12298,"Copper Cliff Mining, Smelting and Refining Complex",Ontario,COPPER CLIFF,Non-Ferrous Metal (except Aluminum) Smelting and Refining,331410,Vale Canada Limited,336523.12118,332427.5903,231.77720719999996,1225.996159,5,0.9878298677795473,0.0006887408104004438,0.003643126079126781,Above Threshold,CCS Candidate,12.726425108053569,27
G12308,Milner M2 Power Plant,Alberta,MUNICIPAL DISTRICT OF GREENVIEW,Fossil-Fuel Electric Power Generation,221112,Milner Power II Limited Partnership,515368.063925,514483.959625,445.459469,438.6448275,4,0.9982845186539757,0.0008643521013068175,0.0008511292379262264,Above Threshold,CCS Candidate,13.152638551970519,12
G12309,Beare Road Landfill,Ontario,SCARBOROUGH,Waste Treatment and Disposal,562210,City of Toronto,199605.24790000002,0.0,199605.24790000002,0.0,10,0.0,1.0,0.0,Above Threshold,Potential CU Candidate,12.204101944473807,45
G12311,Spruce Lake Central Thermal,Saskatchewan,SPRUCE LAKE,Oil and gas extraction (except oil sands),211110,Husky Oil Operations Limited,208266.72324,205138.055415,2819.67119,308.996625,4,0.9849775913485967,0.013538750435664656,0.0014836581677233288,Above Threshold,CCS Candidate,12.24657966200205,28
G12329,"NGTL, British Columbia System",British Columbia,ARRAS,Pipeline Transportation of Natural Gas,486210,Nova Gas Transmission Ltd.,113081.10502,102034.53580499999,10352.30301,694.2662124999999,4,0.9023128646200772,0.09154759327978841,0.0061395421664583935,Above Threshold,CCS Candidate,11.635869426950853,36
G12447,Donkin Mine,Nova Scotia,Donkin,Bituminous Coal Mining,212114,KAMERON COAL MANAGEMENT LIMITED,247110.77045714288,1585.4191428571428,245477.70200000002,47.64930928571429,7,0.006415823721176518,0.9933913505505172,0.0001928257080723976,Above Threshold,Potential CU Candidate,12.417596025229686,5
G12495,"Meota West 2, 06-17-46-17W3",Saskatchewan,Meota,Oil and gas extraction (except oil sands),211110,Serafina Energy Ltd.,191652.1881,176750.3011,13737.506159999999,1164.38085,3,0.9222451507194663,0.07167935986638495,0.006075489466326631,Above Threshold,CCS Candidate,12.16344270568208,28
G12516,LET de Saint-Rosaire,Quebec,Saint-Rosaire,Waste Treatment and Disposal,562210,Gesterra,103172.98181,1230.83,98960.231359,2981.92045,10,0.011929770550459193,0.9591680847340628,0.02890214470578555,Above Threshold,Potential CU Candidate,11.544171985999274,45
G12553,Red Chris Mine,British Columbia,Dease Lake,Gold and Silver Ore Mining,212220,707491882,122709.52426,118584.14199999999,205.77255999999997,3919.6097,5,0.9663809122814375,0.0016769078133169512,0.03194217990524544,Above Threshold,CCS Candidate,11.717583399310909,14
G12700,Heartland Petrochemical Complex - PDH/PP/Rail,Alberta,Fort Saskatchewan,Petrochemical Manufacturing,325110,Inter Pipeline Propylene Ltd.,105026.52501000001,83740.49899,20312.27027,973.75575,2,0.7973271417104081,0.19340133616784888,0.00927152212174291,Above Threshold,Potential CU Candidate,11.56197773773858,34
G12701,Spruce Lake North Thermal,Saskatchewan,Lloydminster,Oil and gas extraction (except oil sands),211110,Cenovus,171436.69939999998,169018.93215,2161.46854,256.298725,2,0.9858970263749725,0.012607968699612051,0.0014950050129114887,Above Threshold,CCS Candidate,12.05197521078537,28
G12702,Heartland Petrochemical Complex Cogeneration Power Plant,Alberta,Fort Saskatchewan,Fossil-Fuel Electric Power Generation,221112,Inter Pipeline Propylene Ltd.,427525.62355,423912.0291,1542.8182000000002,2070.77625,2,0.9915476541031758,0.003608715162354624,0.004843630734469459,Above Threshold,CCS Candidate,12.965771842729742,12
G12713,Mackenzie Site 2 & Power Plant,British Columbia,Mackenzie,Sawmills (except Shingle and Shake Mills),321111,Conifex Inc.,1140282.884,263058.2914,2333.3464,874891.246,1,0.23069564148609983,0.0020462873140872292,0.7672580710244178,Above Threshold,Potential CU Candidate,13.946787810422714,41
G12785,ABBT0122253,Alberta,Calgary,Oil and gas extraction (except oil sands),211110,Canadian Natural Resources Limited,118470.1202,49296.63435,68944.078,229.40785,1,0.41611027545830076,0.581953305049487,0.0019364194922121805,Above Threshold,Potential CU Candidate,11.68242449846247,28
G12816,Rokeby Site,Ontario,St. Clair Township,Resin and Synthetic Rubber Manufacturing,325210,NOVA Chemicals,109317.5034,108374.4488,452.7516,490.303,1,0.9913732515775694,0.004141620380254677,0.0044851280421759065,Above Threshold,CCS Candidate,11.602020949864137,40
